{"type": "FeatureCollection", "features": [{"type": "Feature", "geometry": {"type": "Polygon", "coordinates": [[[-5.873076923076923, 35.62837837837838], [-5.626923076923077, 35.62837837837838], [-5.626923076923077, 35.87162162162162], [-5.873076923076923, 35.87162162162162], [-5.873076923076923, 35.62837837837838]]]}, "properties": {"row": 1, "col": 45, "lat": 35.75, "lon": -5.75, "alert_level": "none", "severity": 0, "forecasts": [{"day": 0, "date": "2026-06-25", "heat_index": 30.8, "wind_chill": 20.2, "severity": 0, "alert_level": "none"}, {"day": 1, "date": "2026-06-26", "heat_index": 30.0, "wind_chill": 19.7, "severity": 0, "alert_level": "none"}, {"day": 2, "date": "2026-06-27", "heat_index": 29.4, "wind_chill": 18.8, "severity": 0, "alert_level": "none"}, {"day": 3, "date": "2026-06-28", "heat_index": 29.5, "wind_chill": 18.4, "severity": 0, "alert_level": "none"}, {"day": 4, "date": "2026-06-29", "heat_index": 29.8, "wind_chill": 18.3, "severity": 0, "alert_level": "none"}, {"day": 5, "date": "2026-06-30", "heat_index": 30.1, "wind_chill": 18.2, "severity": 0, "alert_level": "none"}, {"day": 6, "date": "2026-07-01", "heat_index": 30.3, "wind_chill": 18.1, "severity": 0, "alert_level": "none"}]}}, {"type": "Feature", "geometry": {"type": "Polygon", "coordinates": [[[-5.623076923076923, 35.62837837837838], [-5.376923076923077, 35.62837837837838], [-5.376923076923077, 35.87162162162162], [-5.623076923076923, 35.87162162162162], [-5.623076923076923, 35.62837837837838]]]}, "properties": {"row": 1, "col": 46, "lat": 35.75, "lon": -5.5, "alert_level": "yellow", "severity": 1.8, "forecasts": [{"day": 0, "date": "2026-06-25", "heat_index": 32.6, "wind_chill": 18.8, "severity": 0.6, "alert_level": "yellow"}, {"day": 1, "date": "2026-06-26", "heat_index": 33.0, "wind_chill": 19.8, "severity": 1.0, "alert_level": "yellow"}, {"day": 2, "date": "2026-06-27", "heat_index": 33.0, "wind_chill": 18.9, "severity": 1.0, "alert_level": "yellow"}, {"day": 3, "date": "2026-06-28", "heat_index": 33.3, "wind_chill": 18.8, "severity": 1.3, "alert_level": "yellow"}, {"day": 4, "date": "2026-06-29", "heat_index": 33.7, "wind_chill": 18.8, "severity": 1.7, "alert_level": "yellow"}, {"day": 5, "date": "2026-06-30", "heat_index": 33.8, "wind_chill": 18.9, "severity": 1.8, "alert_level": "yellow"}, {"day": 6, "date": "2026-07-01", "heat_index": 33.7, "wind_chill": 18.8, "severity": 1.7, "alert_level": "yellow"}]}}, {"type": "Feature", "geometry": {"type": "Polygon", "coordinates": [[[-6.123076923076923, 35.37837837837838], [-5.876923076923077, 35.37837837837838], [-5.876923076923077, 35.62162162162162], [-6.123076923076923, 35.62162162162162], [-6.123076923076923, 35.37837837837838]]]}, "properties": {"row": 2, "col": 44, "lat": 35.5, "lon": -6.0, "alert_level": "none", "severity": 0, "forecasts": [{"day": 0, "date": "2026-06-25", "heat_index": 20.0, "wind_chill": 11.4, "severity": 0, "alert_level": "none"}, {"day": 1, "date": "2026-06-26", "heat_index": 23.5, "wind_chill": 15.3, "severity": 0, "alert_level": "none"}, {"day": 2, "date": "2026-06-27", "heat_index": 24.2, "wind_chill": 16.2, "severity": 0, "alert_level": "none"}, {"day": 3, "date": "2026-06-28", "heat_index": 25.0, "wind_chill": 17.0, "severity": 0, "alert_level": "none"}, {"day": 4, "date": "2026-06-29", "heat_index": 25.5, "wind_chill": 17.4, "severity": 0, "alert_level": "none"}, {"day": 5, "date": "2026-06-30", "heat_index": 25.7, "wind_chill": 17.7, "severity": 0, "alert_level": "none"}, {"day": 6, "date": "2026-07-01", "heat_index": 25.8, "wind_chill": 17.8, "severity": 0, "alert_level": "none"}]}}, {"type": "Feature", "geometry": {"type": "Polygon", "coordinates": [[[-5.873076923076923, 35.37837837837838], [-5.626923076923077, 35.37837837837838], [-5.626923076923077, 35.62162162162162], [-5.873076923076923, 35.62162162162162], [-5.873076923076923, 35.37837837837838]]]}, "properties": {"row": 2, "col": 45, "lat": 35.5, "lon": -5.75, "alert_level": "none", "severity": 0, "forecasts": [{"day": 0, "date": "2026-06-25", "heat_index": 23.3, "wind_chill": 14.5, "severity": 0, "alert_level": "none"}, {"day": 1, "date": "2026-06-26", "heat_index": 26.2, "wind_chill": 17.5, "severity": 0, "alert_level": "none"}, {"day": 2, "date": "2026-06-27", "heat_index": 26.7, "wind_chill": 18.3, "severity": 0, "alert_level": "none"}, {"day": 3, "date": "2026-06-28", "heat_index": 27.1, "wind_chill": 18.8, "severity": 0, "alert_level": "none"}, {"day": 4, "date": "2026-06-29", "heat_index": 27.4, "wind_chill": 18.9, "severity": 0, "alert_level": "none"}, {"day": 5, "date": "2026-06-30", "heat_index": 27.5, "wind_chill": 19.0, "severity": 0, "alert_level": "none"}, {"day": 6, "date": "2026-07-01", "heat_index": 27.5, "wind_chill": 19.1, "severity": 0, "alert_level": "none"}]}}, {"type": "Feature", "geometry": {"type": "Polygon", "coordinates": [[[-5.623076923076923, 35.37837837837838], [-5.376923076923077, 35.37837837837838], [-5.376923076923077, 35.62162162162162], [-5.623076923076923, 35.62162162162162], [-5.623076923076923, 35.37837837837838]]]}, "properties": {"row": 2, "col": 46, "lat": 35.5, "lon": -5.5, "alert_level": "none", "severity": 0, "forecasts": [{"day": 0, "date": "2026-06-25", "heat_index": 28.0, "wind_chill": 17.5, "severity": 0, "alert_level": "none"}, {"day": 1, "date": "2026-06-26", "heat_index": 26.8, "wind_chill": 17.3, "severity": 0, "alert_level": "none"}, {"day": 2, "date": "2026-06-27", "heat_index": 27.0, "wind_chill": 17.0, "severity": 0, "alert_level": "none"}, {"day": 3, "date": "2026-06-28", "heat_index": 27.1, "wind_chill": 16.6, "severity": 0, "alert_level": "none"}, {"day": 4, "date": "2026-06-29", "heat_index": 27.5, "wind_chill": 16.6, "severity": 0, "alert_level": "none"}, {"day": 5, "date": "2026-06-30", "heat_index": 27.8, "wind_chill": 16.6, "severity": 0, "alert_level": "none"}, {"day": 6, "date": "2026-07-01", "heat_index": 27.9, "wind_chill": 16.7, "severity": 0, "alert_level": "none"}]}}, {"type": "Feature", "geometry": {"type": "Polygon", "coordinates": [[[-5.373076923076923, 35.37837837837838], [-5.126923076923077, 35.37837837837838], [-5.126923076923077, 35.62162162162162], [-5.373076923076923, 35.62162162162162], [-5.373076923076923, 35.37837837837838]]]}, "properties": {"row": 2, "col": 47, "lat": 35.5, "lon": -5.25, "alert_level": "none", "severity": 0, "forecasts": [{"day": 0, "date": "2026-06-25", "heat_index": 29.3, "wind_chill": 19.7, "severity": 0, "alert_level": "none"}, {"day": 1, "date": "2026-06-26", "heat_index": 25.6, "wind_chill": 17.0, "severity": 0, "alert_level": "none"}, {"day": 2, "date": "2026-06-27", "heat_index": 24.1, "wind_chill": 16.7, "severity": 0, "alert_level": "none"}, {"day": 3, "date": "2026-06-28", "heat_index": 23.5, "wind_chill": 16.0, "severity": 0, "alert_level": "none"}, {"day": 4, "date": "2026-06-29", "heat_index": 23.3, "wind_chill": 15.6, "severity": 0, "alert_level": "none"}, {"day": 5, "date": "2026-06-30", "heat_index": 22.8, "wind_chill": 15.0, "severity": 0, "alert_level": "none"}, {"day": 6, "date": "2026-07-01", "heat_index": 22.0, "wind_chill": 14.1, "severity": 0, "alert_level": "none"}]}}, {"type": "Feature", "geometry": {"type": "Polygon", "coordinates": [[[-6.123076923076923, 35.12837837837838], [-5.876923076923077, 35.12837837837838], [-5.876923076923077, 35.37162162162162], [-6.123076923076923, 35.37162162162162], [-6.123076923076923, 35.12837837837838]]]}, "properties": {"row": 3, "col": 44, "lat": 35.25, "lon": -6.0, "alert_level": "none", "severity": 0, "forecasts": [{"day": 0, "date": "2026-06-25", "heat_index": 22.3, "wind_chill": 14.5, "severity": 0, "alert_level": "none"}, {"day": 1, "date": "2026-06-26", "heat_index": 25.5, "wind_chill": 15.9, "severity": 0, "alert_level": "none"}, {"day": 2, "date": "2026-06-27", "heat_index": 26.3, "wind_chill": 17.0, "severity": 0, "alert_level": "none"}, {"day": 3, "date": "2026-06-28", "heat_index": 27.0, "wind_chill": 17.5, "severity": 0, "alert_level": "none"}, {"day": 4, "date": "2026-06-29", "heat_index": 27.4, "wind_chill": 17.7, "severity": 0, "alert_level": "none"}, {"day": 5, "date": "2026-06-30", "heat_index": 27.6, "wind_chill": 17.9, "severity": 0, "alert_level": "none"}, {"day": 6, "date": "2026-07-01", "heat_index": 27.7, "wind_chill": 18.0, "severity": 0, "alert_level": "none"}]}}, {"type": "Feature", "geometry": {"type": "Polygon", "coordinates": [[[-5.873076923076923, 35.12837837837838], [-5.626923076923077, 35.12837837837838], [-5.626923076923077, 35.37162162162162], [-5.873076923076923, 35.37162162162162], [-5.873076923076923, 35.12837837837838]]]}, "properties": {"row": 3, "col": 45, "lat": 35.25, "lon": -5.75, "alert_level": "none", "severity": 0, "forecasts": [{"day": 0, "date": "2026-06-25", "heat_index": 23.3, "wind_chill": 14.5, "severity": 0, "alert_level": "none"}, {"day": 1, "date": "2026-06-26", "heat_index": 27.2, "wind_chill": 16.8, "severity": 0, "alert_level": "none"}, {"day": 2, "date": "2026-06-27", "heat_index": 28.2, "wind_chill": 17.9, "severity": 0, "alert_level": "none"}, {"day": 3, "date": "2026-06-28", "heat_index": 28.4, "wind_chill": 18.2, "severity": 0, "alert_level": "none"}, {"day": 4, "date": "2026-06-29", "heat_index": 28.7, "wind_chill": 18.4, "severity": 0, "alert_level": "none"}, {"day": 5, "date": "2026-06-30", "heat_index": 28.8, "wind_chill": 18.5, "severity": 0, "alert_level": "none"}, {"day": 6, "date": "2026-07-01", "heat_index": 28.8, "wind_chill": 18.6, "severity": 0, "alert_level": "none"}]}}, {"type": "Feature", "geometry": {"type": "Polygon", "coordinates": [[[-5.623076923076923, 35.12837837837838], [-5.376923076923077, 35.12837837837838], [-5.376923076923077, 35.37162162162162], [-5.623076923076923, 35.37162162162162], [-5.623076923076923, 35.12837837837838]]]}, "properties": {"row": 3, "col": 46, "lat": 35.25, "lon": -5.5, "alert_level": "none", "severity": 0, "forecasts": [{"day": 0, "date": "2026-06-25", "heat_index": 25.8, "wind_chill": 15.4, "severity": 0, "alert_level": "none"}, {"day": 1, "date": "2026-06-26", "heat_index": 27.3, "wind_chill": 15.4, "severity": 0, "alert_level": "none"}, {"day": 2, "date": "2026-06-27", "heat_index": 28.5, "wind_chill": 16.8, "severity": 0, "alert_level": "none"}, {"day": 3, "date": "2026-06-28", "heat_index": 28.7, "wind_chill": 16.9, "severity": 0, "alert_level": "none"}, {"day": 4, "date": "2026-06-29", "heat_index": 29.0, "wind_chill": 17.2, "severity": 0, "alert_level": "none"}, {"day": 5, "date": "2026-06-30", "heat_index": 29.2, "wind_chill": 17.4, "severity": 0, "alert_level": "none"}, {"day": 6, "date": "2026-07-01", "heat_index": 29.3, "wind_chill": 17.6, "severity": 0, "alert_level": "none"}]}}, {"type": "Feature", "geometry": {"type": "Polygon", "coordinates": [[[-5.373076923076923, 35.12837837837838], [-5.126923076923077, 35.12837837837838], [-5.126923076923077, 35.37162162162162], [-5.373076923076923, 35.37162162162162], [-5.373076923076923, 35.12837837837838]]]}, "properties": {"row": 3, "col": 47, "lat": 35.25, "lon": -5.25, "alert_level": "none", "severity": 0, "forecasts": [{"day": 0, "date": "2026-06-25", "heat_index": 29.8, "wind_chill": 17.8, "severity": 0, "alert_level": "none"}, {"day": 1, "date": "2026-06-26", "heat_index": 27.5, "wind_chill": 14.1, "severity": 0, "alert_level": "none"}, {"day": 2, "date": "2026-06-27", "heat_index": 27.5, "wind_chill": 15.5, "severity": 0, "alert_level": "none"}, {"day": 3, "date": "2026-06-28", "heat_index": 27.7, "wind_chill": 15.9, "severity": 0, "alert_level": "none"}, {"day": 4, "date": "2026-06-29", "heat_index": 28.1, "wind_chill": 16.1, "severity": 0, "alert_level": "none"}, {"day": 5, "date": "2026-06-30", "heat_index": 28.3, "wind_chill": 16.2, "severity": 0, "alert_level": "none"}, {"day": 6, "date": "2026-07-01", "heat_index": 28.4, "wind_chill": 16.1, "severity": 0, "alert_level": "none"}]}}, {"type": "Feature", "geometry": {"type": "Polygon", "coordinates": [[[-5.123076923076923, 35.12837837837838], [-4.876923076923077, 35.12837837837838], [-4.876923076923077, 35.37162162162162], [-5.123076923076923, 35.37162162162162], [-5.123076923076923, 35.12837837837838]]]}, "properties": {"row": 3, "col": 48, "lat": 35.25, "lon": -5.0, "alert_level": "yellow", "severity": 0.1, "forecasts": [{"day": 0, "date": "2026-06-25", "heat_index": 32.1, "wind_chill": 23.9, "severity": 0.1, "alert_level": "yellow"}, {"day": 1, "date": "2026-06-26", "heat_index": 26.4, "wind_chill": 15.0, "severity": 0, "alert_level": "none"}, {"day": 2, "date": "2026-06-27", "heat_index": 26.8, "wind_chill": 13.1, "severity": 0, "alert_level": "none"}, {"day": 3, "date": "2026-06-28", "heat_index": 25.9, "wind_chill": 11.6, "severity": 0, "alert_level": "none"}, {"day": 4, "date": "2026-06-29", "heat_index": 25.8, "wind_chill": 10.8, "severity": 0, "alert_level": "none"}, {"day": 5, "date": "2026-06-30", "heat_index": 25.7, "wind_chill": 10.3, "severity": 0, "alert_level": "none"}, {"day": 6, "date": "2026-07-01", "heat_index": 25.5, "wind_chill": 9.7, "severity": 0, "alert_level": "none"}]}}, {"type": "Feature", "geometry": {"type": "Polygon", "coordinates": [[[-4.873076923076923, 35.12837837837838], [-4.626923076923077, 35.12837837837838], [-4.626923076923077, 35.37162162162162], [-4.873076923076923, 35.37162162162162], [-4.873076923076923, 35.12837837837838]]]}, "properties": {"row": 3, "col": 49, "lat": 35.25, "lon": -4.75, "alert_level": "red", "severity": 7.9, "forecasts": [{"day": 0, "date": "2026-06-25", "heat_index": 39.9, "wind_chill": 31.3, "severity": 7.9, "alert_level": "red"}, {"day": 1, "date": "2026-06-26", "heat_index": 32.4, "wind_chill": 24.0, "severity": 0.4, "alert_level": "yellow"}, {"day": 2, "date": "2026-06-27", "heat_index": 28.4, "wind_chill": 21.2, "severity": 0, "alert_level": "none"}, {"day": 3, "date": "2026-06-28", "heat_index": 25.0, "wind_chill": 17.9, "severity": 0, "alert_level": "none"}, {"day": 4, "date": "2026-06-29", "heat_index": 24.5, "wind_chill": 17.3, "severity": 0, "alert_level": "none"}, {"day": 5, "date": "2026-06-30", "heat_index": 24.6, "wind_chill": 17.2, "severity": 0, "alert_level": "none"}, {"day": 6, "date": "2026-07-01", "heat_index": 24.7, "wind_chill": 17.1, "severity": 0, "alert_level": "none"}]}}, {"type": "Feature", "geometry": {"type": "Polygon", "coordinates": [[[-4.123076923076923, 35.12837837837838], [-3.876923076923077, 35.12837837837838], [-3.876923076923077, 35.37162162162162], [-4.123076923076923, 35.37162162162162], [-4.123076923076923, 35.12837837837838]]]}, "properties": {"row": 3, "col": 52, "lat": 35.25, "lon": -4.0, "alert_level": "orange", "severity": 2.5, "forecasts": [{"day": 0, "date": "2026-06-25", "heat_index": 34.5, "wind_chill": 22.5, "severity": 2.5, "alert_level": "orange"}, {"day": 1, "date": "2026-06-26", "heat_index": 29.8, "wind_chill": 19.9, "severity": 0, "alert_level": "none"}, {"day": 2, "date": "2026-06-27", "heat_index": 27.4, "wind_chill": 19.5, "severity": 0, "alert_level": "none"}, {"day": 3, "date": "2026-06-28", "heat_index": 26.6, "wind_chill": 19.0, "severity": 0, "alert_level": "none"}, {"day": 4, "date": "2026-06-29", "heat_index": 26.1, "wind_chill": 18.8, "severity": 0, "alert_level": "none"}, {"day": 5, "date": "2026-06-30", "heat_index": 25.9, "wind_chill": 18.7, "severity": 0, "alert_level": "none"}, {"day": 6, "date": "2026-07-01", "heat_index": 25.8, "wind_chill": 18.6, "severity": 0, "alert_level": "none"}]}}, {"type": "Feature", "geometry": {"type": "Polygon", "coordinates": [[[-3.873076923076923, 35.12837837837838], [-3.626923076923077, 35.12837837837838], [-3.626923076923077, 35.37162162162162], [-3.873076923076923, 35.37162162162162], [-3.873076923076923, 35.12837837837838]]]}, "properties": {"row": 3, "col": 53, "lat": 35.25, "lon": -3.75, "alert_level": "none", "severity": 0, "forecasts": [{"day": 0, "date": "2026-06-25", "heat_index": 26.4, "wind_chill": 19.8, "severity": 0, "alert_level": "none"}, {"day": 1, "date": "2026-06-26", "heat_index": 25.2, "wind_chill": 19.0, "severity": 0, "alert_level": "none"}, {"day": 2, "date": "2026-06-27", "heat_index": 24.9, "wind_chill": 19.0, "severity": 0, "alert_level": "none"}, {"day": 3, "date": "2026-06-28", "heat_index": 25.0, "wind_chill": 18.6, "severity": 0, "alert_level": "none"}, {"day": 4, "date": "2026-06-29", "heat_index": 25.0, "wind_chill": 18.6, "severity": 0, "alert_level": "none"}, {"day": 5, "date": "2026-06-30", "heat_index": 25.0, "wind_chill": 18.6, "severity": 0, "alert_level": "none"}, {"day": 6, "date": "2026-07-01", "heat_index": 25.0, "wind_chill": 18.6, "severity": 0, "alert_level": "none"}]}}, {"type": "Feature", "geometry": {"type": "Polygon", "coordinates": [[[-3.373076923076923, 35.12837837837838], [-3.126923076923077, 35.12837837837838], [-3.126923076923077, 35.37162162162162], [-3.373076923076923, 35.37162162162162], [-3.373076923076923, 35.12837837837838]]]}, "properties": {"row": 3, "col": 55, "lat": 35.25, "lon": -3.25, "alert_level": "none", "severity": 0, "forecasts": [{"day": 0, "date": "2026-06-25", "heat_index": 27.2, "wind_chill": 21.2, "severity": 0, "alert_level": "none"}, {"day": 1, "date": "2026-06-26", "heat_index": 25.3, "wind_chill": 19.3, "severity": 0, "alert_level": "none"}, {"day": 2, "date": "2026-06-27", "heat_index": 25.9, "wind_chill": 19.7, "severity": 0, "alert_level": "none"}, {"day": 3, "date": "2026-06-28", "heat_index": 25.8, "wind_chill": 19.5, "severity": 0, "alert_level": "none"}, {"day": 4, "date": "2026-06-29", "heat_index": 25.8, "wind_chill": 19.4, "severity": 0, "alert_level": "none"}, {"day": 5, "date": "2026-06-30", "heat_index": 25.9, "wind_chill": 19.5, "severity": 0, "alert_level": "none"}, {"day": 6, "date": "2026-07-01", "heat_index": 26.1, "wind_chill": 19.6, "severity": 0, "alert_level": "none"}]}}, {"type": "Feature", "geometry": {"type": "Polygon", "coordinates": [[[-3.123076923076923, 35.12837837837838], [-2.876923076923077, 35.12837837837838], [-2.876923076923077, 35.37162162162162], [-3.123076923076923, 35.37162162162162], [-3.123076923076923, 35.12837837837838]]]}, "properties": {"row": 3, "col": 56, "lat": 35.25, "lon": -3.0, "alert_level": "none", "severity": 0, "forecasts": [{"day": 0, "date": "2026-06-25", "heat_index": 28.8, "wind_chill": 22.2, "severity": 0, "alert_level": "none"}, {"day": 1, "date": "2026-06-26", "heat_index": 28.7, "wind_chill": 21.9, "severity": 0, "alert_level": "none"}, {"day": 2, "date": "2026-06-27", "heat_index": 27.8, "wind_chill": 21.2, "severity": 0, "alert_level": "none"}, {"day": 3, "date": "2026-06-28", "heat_index": 27.3, "wind_chill": 20.6, "severity": 0, "alert_level": "none"}, {"day": 4, "date": "2026-06-29", "heat_index": 27.3, "wind_chill": 20.5, "severity": 0, "alert_level": "none"}, {"day": 5, "date": "2026-06-30", "heat_index": 27.4, "wind_chill": 20.6, "severity": 0, "alert_level": "none"}, {"day": 6, "date": "2026-07-01", "heat_index": 27.5, "wind_chill": 20.6, "severity": 0, "alert_level": "none"}]}}, {"type": "Feature", "geometry": {"type": "Polygon", "coordinates": [[[-6.373076923076923, 34.87837837837838], [-6.126923076923077, 34.87837837837838], [-6.126923076923077, 35.12162162162162], [-6.373076923076923, 35.12162162162162], [-6.373076923076923, 34.87837837837838]]]}, "properties": {"row": 4, "col": 43, "lat": 35.0, "lon": -6.25, "alert_level": "none", "severity": 0, "forecasts": [{"day": 0, "date": "2026-06-25", "heat_index": 20.8, "wind_chill": 12.5, "severity": 0, "alert_level": "none"}, {"day": 1, "date": "2026-06-26", "heat_index": 22.9, "wind_chill": 15.0, "severity": 0, "alert_level": "none"}, {"day": 2, "date": "2026-06-27", "heat_index": 23.9, "wind_chill": 15.8, "severity": 0, "alert_level": "none"}, {"day": 3, "date": "2026-06-28", "heat_index": 24.6, "wind_chill": 16.5, "severity": 0, "alert_level": "none"}, {"day": 4, "date": "2026-06-29", "heat_index": 25.0, "wind_chill": 16.8, "severity": 0, "alert_level": "none"}, {"day": 5, "date": "2026-06-30", "heat_index": 25.1, "wind_chill": 16.9, "severity": 0, "alert_level": "none"}, {"day": 6, "date": "2026-07-01", "heat_index": 25.2, "wind_chill": 16.9, "severity": 0, "alert_level": "none"}]}}, {"type": "Feature", "geometry": {"type": "Polygon", "coordinates": [[[-6.123076923076923, 34.87837837837838], [-5.876923076923077, 34.87837837837838], [-5.876923076923077, 35.12162162162162], [-6.123076923076923, 35.12162162162162], [-6.123076923076923, 34.87837837837838]]]}, "properties": {"row": 4, "col": 44, "lat": 35.0, "lon": -6.0, "alert_level": "none", "severity": 0, "forecasts": [{"day": 0, "date": "2026-06-25", "heat_index": 24.2, "wind_chill": 15.5, "severity": 0, "alert_level": "none"}, {"day": 1, "date": "2026-06-26", "heat_index": 26.2, "wind_chill": 16.7, "severity": 0, "alert_level": "none"}, {"day": 2, "date": "2026-06-27", "heat_index": 27.1, "wind_chill": 17.6, "severity": 0, "alert_level": "none"}, {"day": 3, "date": "2026-06-28", "heat_index": 27.7, "wind_chill": 18.0, "severity": 0, "alert_level": "none"}, {"day": 4, "date": "2026-06-29", "heat_index": 28.0, "wind_chill": 18.2, "severity": 0, "alert_level": "none"}, {"day": 5, "date": "2026-06-30", "heat_index": 28.2, "wind_chill": 18.3, "severity": 0, "alert_level": "none"}, {"day": 6, "date": "2026-07-01", "heat_index": 28.2, "wind_chill": 18.4, "severity": 0, "alert_level": "none"}]}}, {"type": "Feature", "geometry": {"type": "Polygon", "coordinates": [[[-5.873076923076923, 34.87837837837838], [-5.626923076923077, 34.87837837837838], [-5.626923076923077, 35.12162162162162], [-5.873076923076923, 35.12162162162162], [-5.873076923076923, 34.87837837837838]]]}, "properties": {"row": 4, "col": 45, "lat": 35.0, "lon": -5.75, "alert_level": "none", "severity": 0, "forecasts": [{"day": 0, "date": "2026-06-25", "heat_index": 26.1, "wind_chill": 15.9, "severity": 0, "alert_level": "none"}, {"day": 1, "date": "2026-06-26", "heat_index": 28.2, "wind_chill": 17.1, "severity": 0, "alert_level": "none"}, {"day": 2, "date": "2026-06-27", "heat_index": 29.5, "wind_chill": 18.8, "severity": 0, "alert_level": "none"}, {"day": 3, "date": "2026-06-28", "heat_index": 29.9, "wind_chill": 19.1, "severity": 0, "alert_level": "none"}, {"day": 4, "date": "2026-06-29", "heat_index": 30.2, "wind_chill": 19.2, "severity": 0, "alert_level": "none"}, {"day": 5, "date": "2026-06-30", "heat_index": 30.3, "wind_chill": 19.3, "severity": 0, "alert_level": "none"}, {"day": 6, "date": "2026-07-01", "heat_index": 30.4, "wind_chill": 19.4, "severity": 0, "alert_level": "none"}]}}, {"type": "Feature", "geometry": {"type": "Polygon", "coordinates": [[[-5.623076923076923, 34.87837837837838], [-5.376923076923077, 34.87837837837838], [-5.376923076923077, 35.12162162162162], [-5.623076923076923, 35.12162162162162], [-5.623076923076923, 34.87837837837838]]]}, "properties": {"row": 4, "col": 46, "lat": 35.0, "lon": -5.5, "alert_level": "none", "severity": 0, "forecasts": [{"day": 0, "date": "2026-06-25", "heat_index": 29.5, "wind_chill": 18.4, "severity": 0, "alert_level": "none"}, {"day": 1, "date": "2026-06-26", "heat_index": 29.8, "wind_chill": 18.6, "severity": 0, "alert_level": "none"}, {"day": 2, "date": "2026-06-27", "heat_index": 31.1, "wind_chill": 19.6, "severity": 0, "alert_level": "none"}, {"day": 3, "date": "2026-06-28", "heat_index": 31.3, "wind_chill": 19.7, "severity": 0, "alert_level": "none"}, {"day": 4, "date": "2026-06-29", "heat_index": 31.7, "wind_chill": 19.8, "severity": 0, "alert_level": "none"}, {"day": 5, "date": "2026-06-30", "heat_index": 31.9, "wind_chill": 19.9, "severity": 0, "alert_level": "none"}, {"day": 6, "date": "2026-07-01", "heat_index": 32.0, "wind_chill": 19.9, "severity": 0, "alert_level": "none"}]}}, {"type": "Feature", "geometry": {"type": "Polygon", "coordinates": [[[-5.373076923076923, 34.87837837837838], [-5.126923076923077, 34.87837837837838], [-5.126923076923077, 35.12162162162162], [-5.373076923076923, 35.12162162162162], [-5.373076923076923, 34.87837837837838]]]}, "properties": {"row": 4, "col": 47, "lat": 35.0, "lon": -5.25, "alert_level": "yellow", "severity": 0.2, "forecasts": [{"day": 0, "date": "2026-06-25", "heat_index": 30.0, "wind_chill": 19.9, "severity": 0, "alert_level": "none"}, {"day": 1, "date": "2026-06-26", "heat_index": 31.1, "wind_chill": 19.2, "severity": 0, "alert_level": "none"}, {"day": 2, "date": "2026-06-27", "heat_index": 31.8, "wind_chill": 20.7, "severity": 0, "alert_level": "none"}, {"day": 3, "date": "2026-06-28", "heat_index": 32.0, "wind_chill": 20.9, "severity": 0, "alert_level": "none"}, {"day": 4, "date": "2026-06-29", "heat_index": 32.1, "wind_chill": 21.1, "severity": 0.1, "alert_level": "yellow"}, {"day": 5, "date": "2026-06-30", "heat_index": 32.2, "wind_chill": 21.2, "severity": 0.2, "alert_level": "yellow"}, {"day": 6, "date": "2026-07-01", "heat_index": 32.2, "wind_chill": 21.2, "severity": 0.2, "alert_level": "yellow"}]}}, {"type": "Feature", "geometry": {"type": "Polygon", "coordinates": [[[-5.123076923076923, 34.87837837837838], [-4.876923076923077, 34.87837837837838], [-4.876923076923077, 35.12162162162162], [-5.123076923076923, 35.12162162162162], [-5.123076923076923, 34.87837837837838]]]}, "properties": {"row": 4, "col": 48, "lat": 35.0, "lon": -5.0, "alert_level": "none", "severity": 0, "forecasts": [{"day": 0, "date": "2026-06-25", "heat_index": 29.2, "wind_chill": 19.5, "severity": 0, "alert_level": "none"}, {"day": 1, "date": "2026-06-26", "heat_index": 30.1, "wind_chill": 19.7, "severity": 0, "alert_level": "none"}, {"day": 2, "date": "2026-06-27", "heat_index": 30.4, "wind_chill": 20.5, "severity": 0, "alert_level": "none"}, {"day": 3, "date": "2026-06-28", "heat_index": 30.5, "wind_chill": 20.1, "severity": 0, "alert_level": "none"}, {"day": 4, "date": "2026-06-29", "heat_index": 30.7, "wind_chill": 20.1, "severity": 0, "alert_level": "none"}, {"day": 5, "date": "2026-06-30", "heat_index": 30.9, "wind_chill": 20.0, "severity": 0, "alert_level": "none"}, {"day": 6, "date": "2026-07-01", "heat_index": 31.0, "wind_chill": 19.9, "severity": 0, "alert_level": "none"}]}}, {"type": "Feature", "geometry": {"type": "Polygon", "coordinates": [[[-4.873076923076923, 34.87837837837838], [-4.626923076923077, 34.87837837837838], [-4.626923076923077, 35.12162162162162], [-4.873076923076923, 35.12162162162162], [-4.873076923076923, 34.87837837837838]]]}, "properties": {"row": 4, "col": 49, "lat": 35.0, "lon": -4.75, "alert_level": "none", "severity": 0, "forecasts": [{"day": 0, "date": "2026-06-25", "heat_index": 29.9, "wind_chill": 21.2, "severity": 0, "alert_level": "none"}, {"day": 1, "date": "2026-06-26", "heat_index": 29.6, "wind_chill": 19.6, "severity": 0, "alert_level": "none"}, {"day": 2, "date": "2026-06-27", "heat_index": 29.7, "wind_chill": 19.9, "severity": 0, "alert_level": "none"}, {"day": 3, "date": "2026-06-28", "heat_index": 28.9, "wind_chill": 19.1, "severity": 0, "alert_level": "none"}, {"day": 4, "date": "2026-06-29", "heat_index": 29.0, "wind_chill": 19.3, "severity": 0, "alert_level": "none"}, {"day": 5, "date": "2026-06-30", "heat_index": 29.2, "wind_chill": 19.6, "severity": 0, "alert_level": "none"}, {"day": 6, "date": "2026-07-01", "heat_index": 29.4, "wind_chill": 19.8, "severity": 0, "alert_level": "none"}]}}, {"type": "Feature", "geometry": {"type": "Polygon", "coordinates": [[[-4.623076923076923, 34.87837837837838], [-4.376923076923077, 34.87837837837838], [-4.376923076923077, 35.12162162162162], [-4.623076923076923, 35.12162162162162], [-4.623076923076923, 34.87837837837838]]]}, "properties": {"row": 4, "col": 50, "lat": 35.0, "lon": -4.5, "alert_level": "none", "severity": 0, "forecasts": [{"day": 0, "date": "2026-06-25", "heat_index": 21.4, "wind_chill": 11.8, "severity": 0, "alert_level": "none"}, {"day": 1, "date": "2026-06-26", "heat_index": 21.1, "wind_chill": 10.4, "severity": 0, "alert_level": "none"}, {"day": 2, "date": "2026-06-27", "heat_index": 21.0, "wind_chill": 11.5, "severity": 0, "alert_level": "none"}, {"day": 3, "date": "2026-06-28", "heat_index": 20.7, "wind_chill": 11.9, "severity": 0, "alert_level": "none"}, {"day": 4, "date": "2026-06-29", "heat_index": 21.1, "wind_chill": 12.6, "severity": 0, "alert_level": "none"}, {"day": 5, "date": "2026-06-30", "heat_index": 21.5, "wind_chill": 13.0, "severity": 0, "alert_level": "none"}, {"day": 6, "date": "2026-07-01", "heat_index": 21.7, "wind_chill": 13.1, "severity": 0, "alert_level": "none"}]}}, {"type": "Feature", "geometry": {"type": "Polygon", "coordinates": [[[-4.373076923076923, 34.87837837837838], [-4.126923076923077, 34.87837837837838], [-4.126923076923077, 35.12162162162162], [-4.373076923076923, 35.12162162162162], [-4.373076923076923, 34.87837837837838]]]}, "properties": {"row": 4, "col": 51, "lat": 35.0, "lon": -4.25, "alert_level": "none", "severity": 0, "forecasts": [{"day": 0, "date": "2026-06-25", "heat_index": 27.8, "wind_chill": 22.2, "severity": 0, "alert_level": "none"}, {"day": 1, "date": "2026-06-26", "heat_index": 27.9, "wind_chill": 20.0, "severity": 0, "alert_level": "none"}, {"day": 2, "date": "2026-06-27", "heat_index": 28.8, "wind_chill": 20.2, "severity": 0, "alert_level": "none"}, {"day": 3, "date": "2026-06-28", "heat_index": 28.2, "wind_chill": 19.6, "severity": 0, "alert_level": "none"}, {"day": 4, "date": "2026-06-29", "heat_index": 27.9, "wind_chill": 19.3, "severity": 0, "alert_level": "none"}, {"day": 5, "date": "2026-06-30", "heat_index": 27.6, "wind_chill": 18.9, "severity": 0, "alert_level": "none"}, {"day": 6, "date": "2026-07-01", "heat_index": 27.3, "wind_chill": 18.5, "severity": 0, "alert_level": "none"}]}}, {"type": "Feature", "geometry": {"type": "Polygon", "coordinates": [[[-4.123076923076923, 34.87837837837838], [-3.876923076923077, 34.87837837837838], [-3.876923076923077, 35.12162162162162], [-4.123076923076923, 35.12162162162162], [-4.123076923076923, 34.87837837837838]]]}, "properties": {"row": 4, "col": 52, "lat": 35.0, "lon": -4.0, "alert_level": "none", "severity": 0, "forecasts": [{"day": 0, "date": "2026-06-25", "heat_index": 26.7, "wind_chill": 18.4, "severity": 0, "alert_level": "none"}, {"day": 1, "date": "2026-06-26", "heat_index": 27.8, "wind_chill": 17.6, "severity": 0, "alert_level": "none"}, {"day": 2, "date": "2026-06-27", "heat_index": 27.9, "wind_chill": 17.3, "severity": 0, "alert_level": "none"}, {"day": 3, "date": "2026-06-28", "heat_index": 27.8, "wind_chill": 17.2, "severity": 0, "alert_level": "none"}, {"day": 4, "date": "2026-06-29", "heat_index": 27.8, "wind_chill": 17.3, "severity": 0, "alert_level": "none"}, {"day": 5, "date": "2026-06-30", "heat_index": 27.8, "wind_chill": 17.3, "severity": 0, "alert_level": "none"}, {"day": 6, "date": "2026-07-01", "heat_index": 27.7, "wind_chill": 17.2, "severity": 0, "alert_level": "none"}]}}, {"type": "Feature", "geometry": {"type": "Polygon", "coordinates": [[[-3.873076923076923, 34.87837837837838], [-3.626923076923077, 34.87837837837838], [-3.626923076923077, 35.12162162162162], [-3.873076923076923, 35.12162162162162], [-3.873076923076923, 34.87837837837838]]]}, "properties": {"row": 4, "col": 53, "lat": 35.0, "lon": -3.75, "alert_level": "none", "severity": 0, "forecasts": [{"day": 0, "date": "2026-06-25", "heat_index": 27.2, "wind_chill": 16.6, "severity": 0, "alert_level": "none"}, {"day": 1, "date": "2026-06-26", "heat_index": 28.2, "wind_chill": 17.6, "severity": 0, "alert_level": "none"}, {"day": 2, "date": "2026-06-27", "heat_index": 28.2, "wind_chill": 17.6, "severity": 0, "alert_level": "none"}, {"day": 3, "date": "2026-06-28", "heat_index": 28.2, "wind_chill": 17.8, "severity": 0, "alert_level": "none"}, {"day": 4, "date": "2026-06-29", "heat_index": 28.2, "wind_chill": 17.7, "severity": 0, "alert_level": "none"}, {"day": 5, "date": "2026-06-30", "heat_index": 28.2, "wind_chill": 17.7, "severity": 0, "alert_level": "none"}, {"day": 6, "date": "2026-07-01", "heat_index": 28.2, "wind_chill": 17.7, "severity": 0, "alert_level": "none"}]}}, {"type": "Feature", "geometry": {"type": "Polygon", "coordinates": [[[-3.623076923076923, 34.87837837837838], [-3.376923076923077, 34.87837837837838], [-3.376923076923077, 35.12162162162162], [-3.623076923076923, 35.12162162162162], [-3.623076923076923, 34.87837837837838]]]}, "properties": {"row": 4, "col": 54, "lat": 35.0, "lon": -3.5, "alert_level": "none", "severity": 0, "forecasts": [{"day": 0, "date": "2026-06-25", "heat_index": 27.1, "wind_chill": 16.6, "severity": 0, "alert_level": "none"}, {"day": 1, "date": "2026-06-26", "heat_index": 28.6, "wind_chill": 17.9, "severity": 0, "alert_level": "none"}, {"day": 2, "date": "2026-06-27", "heat_index": 28.7, "wind_chill": 18.2, "severity": 0, "alert_level": "none"}, {"day": 3, "date": "2026-06-28", "heat_index": 28.8, "wind_chill": 18.2, "severity": 0, "alert_level": "none"}, {"day": 4, "date": "2026-06-29", "heat_index": 28.7, "wind_chill": 18.2, "severity": 0, "alert_level": "none"}, {"day": 5, "date": "2026-06-30", "heat_index": 28.7, "wind_chill": 18.1, "severity": 0, "alert_level": "none"}, {"day": 6, "date": "2026-07-01", "heat_index": 28.6, "wind_chill": 18.1, "severity": 0, "alert_level": "none"}]}}, {"type": "Feature", "geometry": {"type": "Polygon", "coordinates": [[[-3.373076923076923, 34.87837837837838], [-3.126923076923077, 34.87837837837838], [-3.126923076923077, 35.12162162162162], [-3.373076923076923, 35.12162162162162], [-3.373076923076923, 34.87837837837838]]]}, "properties": {"row": 4, "col": 55, "lat": 35.0, "lon": -3.25, "alert_level": "none", "severity": 0, "forecasts": [{"day": 0, "date": "2026-06-25", "heat_index": 27.0, "wind_chill": 17.8, "severity": 0, "alert_level": "none"}, {"day": 1, "date": "2026-06-26", "heat_index": 28.0, "wind_chill": 17.4, "severity": 0, "alert_level": "none"}, {"day": 2, "date": "2026-06-27", "heat_index": 28.7, "wind_chill": 18.4, "severity": 0, "alert_level": "none"}, {"day": 3, "date": "2026-06-28", "heat_index": 28.8, "wind_chill": 18.4, "severity": 0, "alert_level": "none"}, {"day": 4, "date": "2026-06-29", "heat_index": 28.7, "wind_chill": 18.3, "severity": 0, "alert_level": "none"}, {"day": 5, "date": "2026-06-30", "heat_index": 28.6, "wind_chill": 18.2, "severity": 0, "alert_level": "none"}, {"day": 6, "date": "2026-07-01", "heat_index": 28.5, "wind_chill": 18.2, "severity": 0, "alert_level": "none"}]}}, {"type": "Feature", "geometry": {"type": "Polygon", "coordinates": [[[-3.123076923076923, 34.87837837837838], [-2.876923076923077, 34.87837837837838], [-2.876923076923077, 35.12162162162162], [-3.123076923076923, 35.12162162162162], [-3.123076923076923, 34.87837837837838]]]}, "properties": {"row": 4, "col": 56, "lat": 35.0, "lon": -3.0, "alert_level": "none", "severity": 0, "forecasts": [{"day": 0, "date": "2026-06-25", "heat_index": 27.8, "wind_chill": 19.1, "severity": 0, "alert_level": "none"}, {"day": 1, "date": "2026-06-26", "heat_index": 28.8, "wind_chill": 19.3, "severity": 0, "alert_level": "none"}, {"day": 2, "date": "2026-06-27", "heat_index": 29.1, "wind_chill": 20.0, "severity": 0, "alert_level": "none"}, {"day": 3, "date": "2026-06-28", "heat_index": 29.2, "wind_chill": 20.0, "severity": 0, "alert_level": "none"}, {"day": 4, "date": "2026-06-29", "heat_index": 29.3, "wind_chill": 20.0, "severity": 0, "alert_level": "none"}, {"day": 5, "date": "2026-06-30", "heat_index": 29.4, "wind_chill": 20.1, "severity": 0, "alert_level": "none"}, {"day": 6, "date": "2026-07-01", "heat_index": 29.6, "wind_chill": 20.2, "severity": 0, "alert_level": "none"}]}}, {"type": "Feature", "geometry": {"type": "Polygon", "coordinates": [[[-2.873076923076923, 34.87837837837838], [-2.626923076923077, 34.87837837837838], [-2.626923076923077, 35.12162162162162], [-2.873076923076923, 35.12162162162162], [-2.873076923076923, 34.87837837837838]]]}, "properties": {"row": 4, "col": 57, "lat": 35.0, "lon": -2.75, "alert_level": "none", "severity": 0, "forecasts": [{"day": 0, "date": "2026-06-25", "heat_index": 26.4, "wind_chill": 19.1, "severity": 0, "alert_level": "none"}, {"day": 1, "date": "2026-06-26", "heat_index": 28.0, "wind_chill": 20.0, "severity": 0, "alert_level": "none"}, {"day": 2, "date": "2026-06-27", "heat_index": 29.1, "wind_chill": 20.1, "severity": 0, "alert_level": "none"}, {"day": 3, "date": "2026-06-28", "heat_index": 29.2, "wind_chill": 20.0, "severity": 0, "alert_level": "none"}, {"day": 4, "date": "2026-06-29", "heat_index": 29.3, "wind_chill": 20.1, "severity": 0, "alert_level": "none"}, {"day": 5, "date": "2026-06-30", "heat_index": 29.4, "wind_chill": 20.1, "severity": 0, "alert_level": "none"}, {"day": 6, "date": "2026-07-01", "heat_index": 29.5, "wind_chill": 20.1, "severity": 0, "alert_level": "none"}]}}, {"type": "Feature", "geometry": {"type": "Polygon", "coordinates": [[[-2.623076923076923, 34.87837837837838], [-2.376923076923077, 34.87837837837838], [-2.376923076923077, 35.12162162162162], [-2.623076923076923, 35.12162162162162], [-2.623076923076923, 34.87837837837838]]]}, "properties": {"row": 4, "col": 58, "lat": 35.0, "lon": -2.5, "alert_level": "none", "severity": 0, "forecasts": [{"day": 0, "date": "2026-06-25", "heat_index": 26.4, "wind_chill": 18.4, "severity": 0, "alert_level": "none"}, {"day": 1, "date": "2026-06-26", "heat_index": 28.9, "wind_chill": 20.2, "severity": 0, "alert_level": "none"}, {"day": 2, "date": "2026-06-27", "heat_index": 29.5, "wind_chill": 20.5, "severity": 0, "alert_level": "none"}, {"day": 3, "date": "2026-06-28", "heat_index": 29.5, "wind_chill": 20.3, "severity": 0, "alert_level": "none"}, {"day": 4, "date": "2026-06-29", "heat_index": 29.6, "wind_chill": 20.3, "severity": 0, "alert_level": "none"}, {"day": 5, "date": "2026-06-30", "heat_index": 29.6, "wind_chill": 20.4, "severity": 0, "alert_level": "none"}, {"day": 6, "date": "2026-07-01", "heat_index": 29.8, "wind_chill": 20.5, "severity": 0, "alert_level": "none"}]}}, {"type": "Feature", "geometry": {"type": "Polygon", "coordinates": [[[-2.373076923076923, 34.87837837837838], [-2.126923076923077, 34.87837837837838], [-2.126923076923077, 35.12162162162162], [-2.373076923076923, 35.12162162162162], [-2.373076923076923, 34.87837837837838]]]}, "properties": {"row": 4, "col": 59, "lat": 35.0, "lon": -2.25, "alert_level": "none", "severity": 0, "forecasts": [{"day": 0, "date": "2026-06-25", "heat_index": 26.1, "wind_chill": 17.3, "severity": 0, "alert_level": "none"}, {"day": 1, "date": "2026-06-26", "heat_index": 27.3, "wind_chill": 18.6, "severity": 0, "alert_level": "none"}, {"day": 2, "date": "2026-06-27", "heat_index": 27.6, "wind_chill": 19.0, "severity": 0, "alert_level": "none"}, {"day": 3, "date": "2026-06-28", "heat_index": 27.6, "wind_chill": 18.9, "severity": 0, "alert_level": "none"}, {"day": 4, "date": "2026-06-29", "heat_index": 27.5, "wind_chill": 18.8, "severity": 0, "alert_level": "none"}, {"day": 5, "date": "2026-06-30", "heat_index": 27.5, "wind_chill": 18.9, "severity": 0, "alert_level": "none"}, {"day": 6, "date": "2026-07-01", "heat_index": 27.7, "wind_chill": 19.0, "severity": 0, "alert_level": "none"}]}}, {"type": "Feature", "geometry": {"type": "Polygon", "coordinates": [[[-6.373076923076923, 34.62837837837838], [-6.126923076923077, 34.62837837837838], [-6.126923076923077, 34.87162162162162], [-6.373076923076923, 34.87162162162162], [-6.373076923076923, 34.62837837837838]]]}, "properties": {"row": 5, "col": 43, "lat": 34.75, "lon": -6.25, "alert_level": "none", "severity": 0, "forecasts": [{"day": 0, "date": "2026-06-25", "heat_index": 24.2, "wind_chill": 16.4, "severity": 0, "alert_level": "none"}, {"day": 1, "date": "2026-06-26", "heat_index": 25.9, "wind_chill": 16.8, "severity": 0, "alert_level": "none"}, {"day": 2, "date": "2026-06-27", "heat_index": 26.5, "wind_chill": 17.8, "severity": 0, "alert_level": "none"}, {"day": 3, "date": "2026-06-28", "heat_index": 27.0, "wind_chill": 18.2, "severity": 0, "alert_level": "none"}, {"day": 4, "date": "2026-06-29", "heat_index": 27.3, "wind_chill": 18.4, "severity": 0, "alert_level": "none"}, {"day": 5, "date": "2026-06-30", "heat_index": 27.5, "wind_chill": 18.6, "severity": 0, "alert_level": "none"}, {"day": 6, "date": "2026-07-01", "heat_index": 27.6, "wind_chill": 18.7, "severity": 0, "alert_level": "none"}]}}, {"type": "Feature", "geometry": {"type": "Polygon", "coordinates": [[[-6.123076923076923, 34.62837837837838], [-5.876923076923077, 34.62837837837838], [-5.876923076923077, 34.87162162162162], [-6.123076923076923, 34.87162162162162], [-6.123076923076923, 34.62837837837838]]]}, "properties": {"row": 5, "col": 44, "lat": 34.75, "lon": -6.0, "alert_level": "none", "severity": 0, "forecasts": [{"day": 0, "date": "2026-06-25", "heat_index": 26.3, "wind_chill": 16.8, "severity": 0, "alert_level": "none"}, {"day": 1, "date": "2026-06-26", "heat_index": 27.9, "wind_chill": 17.9, "severity": 0, "alert_level": "none"}, {"day": 2, "date": "2026-06-27", "heat_index": 28.8, "wind_chill": 18.6, "severity": 0, "alert_level": "none"}, {"day": 3, "date": "2026-06-28", "heat_index": 29.3, "wind_chill": 19.0, "severity": 0, "alert_level": "none"}, {"day": 4, "date": "2026-06-29", "heat_index": 29.6, "wind_chill": 19.2, "severity": 0, "alert_level": "none"}, {"day": 5, "date": "2026-06-30", "heat_index": 29.8, "wind_chill": 19.3, "severity": 0, "alert_level": "none"}, {"day": 6, "date": "2026-07-01", "heat_index": 29.9, "wind_chill": 19.4, "severity": 0, "alert_level": "none"}]}}, {"type": "Feature", "geometry": {"type": "Polygon", "coordinates": [[[-5.873076923076923, 34.62837837837838], [-5.626923076923077, 34.62837837837838], [-5.626923076923077, 34.87162162162162], [-5.873076923076923, 34.87162162162162], [-5.873076923076923, 34.62837837837838]]]}, "properties": {"row": 5, "col": 45, "lat": 34.75, "lon": -5.75, "alert_level": "none", "severity": 0, "forecasts": [{"day": 0, "date": "2026-06-25", "heat_index": 29.0, "wind_chill": 18.2, "severity": 0, "alert_level": "none"}, {"day": 1, "date": "2026-06-26", "heat_index": 30.0, "wind_chill": 18.7, "severity": 0, "alert_level": "none"}, {"day": 2, "date": "2026-06-27", "heat_index": 31.0, "wind_chill": 19.8, "severity": 0, "alert_level": "none"}, {"day": 3, "date": "2026-06-28", "heat_index": 31.3, "wind_chill": 20.1, "severity": 0, "alert_level": "none"}, {"day": 4, "date": "2026-06-29", "heat_index": 31.6, "wind_chill": 20.2, "severity": 0, "alert_level": "none"}, {"day": 5, "date": "2026-06-30", "heat_index": 31.8, "wind_chill": 20.3, "severity": 0, "alert_level": "none"}, {"day": 6, "date": "2026-07-01", "heat_index": 31.9, "wind_chill": 20.3, "severity": 0, "alert_level": "none"}]}}, {"type": "Feature", "geometry": {"type": "Polygon", "coordinates": [[[-5.623076923076923, 34.62837837837838], [-5.376923076923077, 34.62837837837838], [-5.376923076923077, 34.87162162162162], [-5.623076923076923, 34.87162162162162], [-5.623076923076923, 34.62837837837838]]]}, "properties": {"row": 5, "col": 46, "lat": 34.75, "lon": -5.5, "alert_level": "yellow", "severity": 1.5, "forecasts": [{"day": 0, "date": "2026-06-25", "heat_index": 31.5, "wind_chill": 19.3, "severity": 0, "alert_level": "none"}, {"day": 1, "date": "2026-06-26", "heat_index": 31.6, "wind_chill": 19.1, "severity": 0, "alert_level": "none"}, {"day": 2, "date": "2026-06-27", "heat_index": 32.7, "wind_chill": 20.0, "severity": 0.7, "alert_level": "yellow"}, {"day": 3, "date": "2026-06-28", "heat_index": 33.0, "wind_chill": 20.4, "severity": 1.0, "alert_level": "yellow"}, {"day": 4, "date": "2026-06-29", "heat_index": 33.2, "wind_chill": 20.5, "severity": 1.2, "alert_level": "yellow"}, {"day": 5, "date": "2026-06-30", "heat_index": 33.4, "wind_chill": 20.6, "severity": 1.4, "alert_level": "yellow"}, {"day": 6, "date": "2026-07-01", "heat_index": 33.5, "wind_chill": 20.7, "severity": 1.5, "alert_level": "yellow"}]}}, {"type": "Feature", "geometry": {"type": "Polygon", "coordinates": [[[-5.373076923076923, 34.62837837837838], [-5.126923076923077, 34.62837837837838], [-5.126923076923077, 34.87162162162162], [-5.373076923076923, 34.87162162162162], [-5.373076923076923, 34.62837837837838]]]}, "properties": {"row": 5, "col": 47, "lat": 34.75, "lon": -5.25, "alert_level": "orange", "severity": 2.2, "forecasts": [{"day": 0, "date": "2026-06-25", "heat_index": 33.3, "wind_chill": 19.7, "severity": 1.3, "alert_level": "yellow"}, {"day": 1, "date": "2026-06-26", "heat_index": 32.6, "wind_chill": 19.7, "severity": 0.6, "alert_level": "yellow"}, {"day": 2, "date": "2026-06-27", "heat_index": 33.5, "wind_chill": 20.7, "severity": 1.5, "alert_level": "yellow"}, {"day": 3, "date": "2026-06-28", "heat_index": 33.7, "wind_chill": 21.0, "severity": 1.7, "alert_level": "yellow"}, {"day": 4, "date": "2026-06-29", "heat_index": 33.9, "wind_chill": 21.1, "severity": 1.9, "alert_level": "yellow"}, {"day": 5, "date": "2026-06-30", "heat_index": 34.1, "wind_chill": 21.2, "severity": 2.1, "alert_level": "orange"}, {"day": 6, "date": "2026-07-01", "heat_index": 34.2, "wind_chill": 21.3, "severity": 2.2, "alert_level": "orange"}]}}, {"type": "Feature", "geometry": {"type": "Polygon", "coordinates": [[[-5.123076923076923, 34.62837837837838], [-4.876923076923077, 34.62837837837838], [-4.876923076923077, 34.87162162162162], [-5.123076923076923, 34.87162162162162], [-5.123076923076923, 34.62837837837838]]]}, "properties": {"row": 5, "col": 48, "lat": 34.75, "lon": -5.0, "alert_level": "orange", "severity": 2.4, "forecasts": [{"day": 0, "date": "2026-06-25", "heat_index": 33.1, "wind_chill": 19.6, "severity": 1.1, "alert_level": "yellow"}, {"day": 1, "date": "2026-06-26", "heat_index": 33.0, "wind_chill": 20.0, "severity": 1.0, "alert_level": "yellow"}, {"day": 2, "date": "2026-06-27", "heat_index": 33.7, "wind_chill": 20.8, "severity": 1.7, "alert_level": "yellow"}, {"day": 3, "date": "2026-06-28", "heat_index": 33.9, "wind_chill": 20.9, "severity": 1.9, "alert_level": "yellow"}, {"day": 4, "date": "2026-06-29", "heat_index": 34.1, "wind_chill": 21.1, "severity": 2.1, "alert_level": "orange"}, {"day": 5, "date": "2026-06-30", "heat_index": 34.3, "wind_chill": 21.2, "severity": 2.3, "alert_level": "orange"}, {"day": 6, "date": "2026-07-01", "heat_index": 34.4, "wind_chill": 21.2, "severity": 2.4, "alert_level": "orange"}]}}, {"type": "Feature", "geometry": {"type": "Polygon", "coordinates": [[[-4.873076923076923, 34.62837837837838], [-4.626923076923077, 34.62837837837838], [-4.626923076923077, 34.87162162162162], [-4.873076923076923, 34.87162162162162], [-4.873076923076923, 34.62837837837838]]]}, "properties": {"row": 5, "col": 49, "lat": 34.75, "lon": -4.75, "alert_level": "yellow", "severity": 1.2, "forecasts": [{"day": 0, "date": "2026-06-25", "heat_index": 32.3, "wind_chill": 20.2, "severity": 0.3, "alert_level": "yellow"}, {"day": 1, "date": "2026-06-26", "heat_index": 32.6, "wind_chill": 19.1, "severity": 0.6, "alert_level": "yellow"}, {"day": 2, "date": "2026-06-27", "heat_index": 32.6, "wind_chill": 20.8, "severity": 0.6, "alert_level": "yellow"}, {"day": 3, "date": "2026-06-28", "heat_index": 32.6, "wind_chill": 20.7, "severity": 0.6, "alert_level": "yellow"}, {"day": 4, "date": "2026-06-29", "heat_index": 32.9, "wind_chill": 20.9, "severity": 0.9, "alert_level": "yellow"}, {"day": 5, "date": "2026-06-30", "heat_index": 33.1, "wind_chill": 21.2, "severity": 1.1, "alert_level": "yellow"}, {"day": 6, "date": "2026-07-01", "heat_index": 33.2, "wind_chill": 21.4, "severity": 1.2, "alert_level": "yellow"}]}}, {"type": "Feature", "geometry": {"type": "Polygon", "coordinates": [[[-4.623076923076923, 34.62837837837838], [-4.376923076923077, 34.62837837837838], [-4.376923076923077, 34.87162162162162], [-4.623076923076923, 34.87162162162162], [-4.623076923076923, 34.62837837837838]]]}, "properties": {"row": 5, "col": 50, "lat": 34.75, "lon": -4.5, "alert_level": "none", "severity": 0, "forecasts": [{"day": 0, "date": "2026-06-25", "heat_index": 30.5, "wind_chill": 20.5, "severity": 0, "alert_level": "none"}, {"day": 1, "date": "2026-06-26", "heat_index": 30.4, "wind_chill": 19.1, "severity": 0, "alert_level": "none"}, {"day": 2, "date": "2026-06-27", "heat_index": 30.3, "wind_chill": 19.5, "severity": 0, "alert_level": "none"}, {"day": 3, "date": "2026-06-28", "heat_index": 30.3, "wind_chill": 19.3, "severity": 0, "alert_level": "none"}, {"day": 4, "date": "2026-06-29", "heat_index": 30.6, "wind_chill": 19.4, "severity": 0, "alert_level": "none"}, {"day": 5, "date": "2026-06-30", "heat_index": 30.9, "wind_chill": 19.6, "severity": 0, "alert_level": "none"}, {"day": 6, "date": "2026-07-01", "heat_index": 31.0, "wind_chill": 19.8, "severity": 0, "alert_level": "none"}]}}, {"type": "Feature", "geometry": {"type": "Polygon", "coordinates": [[[-4.373076923076923, 34.62837837837838], [-4.126923076923077, 34.62837837837838], [-4.126923076923077, 34.87162162162162], [-4.373076923076923, 34.87162162162162], [-4.373076923076923, 34.62837837837838]]]}, "properties": {"row": 5, "col": 51, "lat": 34.75, "lon": -4.25, "alert_level": "none", "severity": 0, "forecasts": [{"day": 0, "date": "2026-06-25", "heat_index": 27.8, "wind_chill": 17.0, "severity": 0, "alert_level": "none"}, {"day": 1, "date": "2026-06-26", "heat_index": 28.0, "wind_chill": 16.5, "severity": 0, "alert_level": "none"}, {"day": 2, "date": "2026-06-27", "heat_index": 28.9, "wind_chill": 17.0, "severity": 0, "alert_level": "none"}, {"day": 3, "date": "2026-06-28", "heat_index": 29.1, "wind_chill": 16.7, "severity": 0, "alert_level": "none"}, {"day": 4, "date": "2026-06-29", "heat_index": 29.4, "wind_chill": 16.9, "severity": 0, "alert_level": "none"}, {"day": 5, "date": "2026-06-30", "heat_index": 29.8, "wind_chill": 17.2, "severity": 0, "alert_level": "none"}, {"day": 6, "date": "2026-07-01", "heat_index": 30.0, "wind_chill": 17.4, "severity": 0, "alert_level": "none"}]}}, {"type": "Feature", "geometry": {"type": "Polygon", "coordinates": [[[-4.123076923076923, 34.62837837837838], [-3.876923076923077, 34.62837837837838], [-3.876923076923077, 34.87162162162162], [-4.123076923076923, 34.87162162162162], [-4.123076923076923, 34.62837837837838]]]}, "properties": {"row": 5, "col": 52, "lat": 34.75, "lon": -4.0, "alert_level": "none", "severity": 0, "forecasts": [{"day": 0, "date": "2026-06-25", "heat_index": 28.2, "wind_chill": 17.3, "severity": 0, "alert_level": "none"}, {"day": 1, "date": "2026-06-26", "heat_index": 28.9, "wind_chill": 16.6, "severity": 0, "alert_level": "none"}, {"day": 2, "date": "2026-06-27", "heat_index": 29.7, "wind_chill": 17.3, "severity": 0, "alert_level": "none"}, {"day": 3, "date": "2026-06-28", "heat_index": 29.8, "wind_chill": 17.3, "severity": 0, "alert_level": "none"}, {"day": 4, "date": "2026-06-29", "heat_index": 29.8, "wind_chill": 17.4, "severity": 0, "alert_level": "none"}, {"day": 5, "date": "2026-06-30", "heat_index": 29.9, "wind_chill": 17.4, "severity": 0, "alert_level": "none"}, {"day": 6, "date": "2026-07-01", "heat_index": 30.0, "wind_chill": 17.5, "severity": 0, "alert_level": "none"}]}}, {"type": "Feature", "geometry": {"type": "Polygon", "coordinates": [[[-3.873076923076923, 34.62837837837838], [-3.626923076923077, 34.62837837837838], [-3.626923076923077, 34.87162162162162], [-3.873076923076923, 34.87162162162162], [-3.873076923076923, 34.62837837837838]]]}, "properties": {"row": 5, "col": 53, "lat": 34.75, "lon": -3.75, "alert_level": "none", "severity": 0, "forecasts": [{"day": 0, "date": "2026-06-25", "heat_index": 29.0, "wind_chill": 15.8, "severity": 0, "alert_level": "none"}, {"day": 1, "date": "2026-06-26", "heat_index": 29.8, "wind_chill": 16.3, "severity": 0, "alert_level": "none"}, {"day": 2, "date": "2026-06-27", "heat_index": 30.6, "wind_chill": 17.1, "severity": 0, "alert_level": "none"}, {"day": 3, "date": "2026-06-28", "heat_index": 30.6, "wind_chill": 17.3, "severity": 0, "alert_level": "none"}, {"day": 4, "date": "2026-06-29", "heat_index": 30.5, "wind_chill": 17.3, "severity": 0, "alert_level": "none"}, {"day": 5, "date": "2026-06-30", "heat_index": 30.6, "wind_chill": 17.3, "severity": 0, "alert_level": "none"}, {"day": 6, "date": "2026-07-01", "heat_index": 30.7, "wind_chill": 17.4, "severity": 0, "alert_level": "none"}]}}, {"type": "Feature", "geometry": {"type": "Polygon", "coordinates": [[[-3.623076923076923, 34.62837837837838], [-3.376923076923077, 34.62837837837838], [-3.376923076923077, 34.87162162162162], [-3.623076923076923, 34.87162162162162], [-3.623076923076923, 34.62837837837838]]]}, "properties": {"row": 5, "col": 54, "lat": 34.75, "lon": -3.5, "alert_level": "none", "severity": 0, "forecasts": [{"day": 0, "date": "2026-06-25", "heat_index": 29.3, "wind_chill": 15.7, "severity": 0, "alert_level": "none"}, {"day": 1, "date": "2026-06-26", "heat_index": 29.9, "wind_chill": 16.7, "severity": 0, "alert_level": "none"}, {"day": 2, "date": "2026-06-27", "heat_index": 30.8, "wind_chill": 17.4, "severity": 0, "alert_level": "none"}, {"day": 3, "date": "2026-06-28", "heat_index": 30.6, "wind_chill": 17.4, "severity": 0, "alert_level": "none"}, {"day": 4, "date": "2026-06-29", "heat_index": 30.5, "wind_chill": 17.3, "severity": 0, "alert_level": "none"}, {"day": 5, "date": "2026-06-30", "heat_index": 30.6, "wind_chill": 17.3, "severity": 0, "alert_level": "none"}, {"day": 6, "date": "2026-07-01", "heat_index": 30.6, "wind_chill": 17.4, "severity": 0, "alert_level": "none"}]}}, {"type": "Feature", "geometry": {"type": "Polygon", "coordinates": [[[-3.373076923076923, 34.62837837837838], [-3.126923076923077, 34.62837837837838], [-3.126923076923077, 34.87162162162162], [-3.373076923076923, 34.87162162162162], [-3.373076923076923, 34.62837837837838]]]}, "properties": {"row": 5, "col": 55, "lat": 34.75, "lon": -3.25, "alert_level": "none", "severity": 0, "forecasts": [{"day": 0, "date": "2026-06-25", "heat_index": 29.5, "wind_chill": 17.1, "severity": 0, "alert_level": "none"}, {"day": 1, "date": "2026-06-26", "heat_index": 30.3, "wind_chill": 17.6, "severity": 0, "alert_level": "none"}, {"day": 2, "date": "2026-06-27", "heat_index": 31.1, "wind_chill": 18.4, "severity": 0, "alert_level": "none"}, {"day": 3, "date": "2026-06-28", "heat_index": 31.1, "wind_chill": 18.3, "severity": 0, "alert_level": "none"}, {"day": 4, "date": "2026-06-29", "heat_index": 31.1, "wind_chill": 18.3, "severity": 0, "alert_level": "none"}, {"day": 5, "date": "2026-06-30", "heat_index": 31.2, "wind_chill": 18.3, "severity": 0, "alert_level": "none"}, {"day": 6, "date": "2026-07-01", "heat_index": 31.2, "wind_chill": 18.3, "severity": 0, "alert_level": "none"}]}}, {"type": "Feature", "geometry": {"type": "Polygon", "coordinates": [[[-3.123076923076923, 34.62837837837838], [-2.876923076923077, 34.62837837837838], [-2.876923076923077, 34.87162162162162], [-3.123076923076923, 34.87162162162162], [-3.123076923076923, 34.62837837837838]]]}, "properties": {"row": 5, "col": 56, "lat": 34.75, "lon": -3.0, "alert_level": "none", "severity": 0, "forecasts": [{"day": 0, "date": "2026-06-25", "heat_index": 29.3, "wind_chill": 17.3, "severity": 0, "alert_level": "none"}, {"day": 1, "date": "2026-06-26", "heat_index": 30.3, "wind_chill": 18.0, "severity": 0, "alert_level": "none"}, {"day": 2, "date": "2026-06-27", "heat_index": 31.0, "wind_chill": 19.0, "severity": 0, "alert_level": "none"}, {"day": 3, "date": "2026-06-28", "heat_index": 31.1, "wind_chill": 19.1, "severity": 0, "alert_level": "none"}, {"day": 4, "date": "2026-06-29", "heat_index": 31.2, "wind_chill": 19.2, "severity": 0, "alert_level": "none"}, {"day": 5, "date": "2026-06-30", "heat_index": 31.4, "wind_chill": 19.4, "severity": 0, "alert_level": "none"}, {"day": 6, "date": "2026-07-01", "heat_index": 31.6, "wind_chill": 19.5, "severity": 0, "alert_level": "none"}]}}, {"type": "Feature", "geometry": {"type": "Polygon", "coordinates": [[[-2.873076923076923, 34.62837837837838], [-2.626923076923077, 34.62837837837838], [-2.626923076923077, 34.87162162162162], [-2.873076923076923, 34.87162162162162], [-2.873076923076923, 34.62837837837838]]]}, "properties": {"row": 5, "col": 57, "lat": 34.75, "lon": -2.75, "alert_level": "none", "severity": 0, "forecasts": [{"day": 0, "date": "2026-06-25", "heat_index": 29.1, "wind_chill": 17.7, "severity": 0, "alert_level": "none"}, {"day": 1, "date": "2026-06-26", "heat_index": 31.1, "wind_chill": 18.8, "severity": 0, "alert_level": "none"}, {"day": 2, "date": "2026-06-27", "heat_index": 31.3, "wind_chill": 19.1, "severity": 0, "alert_level": "none"}, {"day": 3, "date": "2026-06-28", "heat_index": 31.3, "wind_chill": 19.1, "severity": 0, "alert_level": "none"}, {"day": 4, "date": "2026-06-29", "heat_index": 31.3, "wind_chill": 19.2, "severity": 0, "alert_level": "none"}, {"day": 5, "date": "2026-06-30", "heat_index": 31.4, "wind_chill": 19.3, "severity": 0, "alert_level": "none"}, {"day": 6, "date": "2026-07-01", "heat_index": 31.6, "wind_chill": 19.4, "severity": 0, "alert_level": "none"}]}}, {"type": "Feature", "geometry": {"type": "Polygon", "coordinates": [[[-2.623076923076923, 34.62837837837838], [-2.376923076923077, 34.62837837837838], [-2.376923076923077, 34.87162162162162], [-2.623076923076923, 34.87162162162162], [-2.623076923076923, 34.62837837837838]]]}, "properties": {"row": 5, "col": 58, "lat": 34.75, "lon": -2.5, "alert_level": "none", "severity": 0, "forecasts": [{"day": 0, "date": "2026-06-25", "heat_index": 28.4, "wind_chill": 16.7, "severity": 0, "alert_level": "none"}, {"day": 1, "date": "2026-06-26", "heat_index": 30.4, "wind_chill": 18.5, "severity": 0, "alert_level": "none"}, {"day": 2, "date": "2026-06-27", "heat_index": 30.6, "wind_chill": 19.0, "severity": 0, "alert_level": "none"}, {"day": 3, "date": "2026-06-28", "heat_index": 30.6, "wind_chill": 19.1, "severity": 0, "alert_level": "none"}, {"day": 4, "date": "2026-06-29", "heat_index": 30.7, "wind_chill": 19.1, "severity": 0, "alert_level": "none"}, {"day": 5, "date": "2026-06-30", "heat_index": 30.8, "wind_chill": 19.2, "severity": 0, "alert_level": "none"}, {"day": 6, "date": "2026-07-01", "heat_index": 30.9, "wind_chill": 19.4, "severity": 0, "alert_level": "none"}]}}, {"type": "Feature", "geometry": {"type": "Polygon", "coordinates": [[[-2.373076923076923, 34.62837837837838], [-2.126923076923077, 34.62837837837838], [-2.126923076923077, 34.87162162162162], [-2.373076923076923, 34.87162162162162], [-2.373076923076923, 34.62837837837838]]]}, "properties": {"row": 5, "col": 59, "lat": 34.75, "lon": -2.25, "alert_level": "none", "severity": 0, "forecasts": [{"day": 0, "date": "2026-06-25", "heat_index": 27.7, "wind_chill": 16.6, "severity": 0, "alert_level": "none"}, {"day": 1, "date": "2026-06-26", "heat_index": 29.3, "wind_chill": 17.7, "severity": 0, "alert_level": "none"}, {"day": 2, "date": "2026-06-27", "heat_index": 29.5, "wind_chill": 18.2, "severity": 0, "alert_level": "none"}, {"day": 3, "date": "2026-06-28", "heat_index": 29.4, "wind_chill": 18.2, "severity": 0, "alert_level": "none"}, {"day": 4, "date": "2026-06-29", "heat_index": 29.2, "wind_chill": 18.2, "severity": 0, "alert_level": "none"}, {"day": 5, "date": "2026-06-30", "heat_index": 29.2, "wind_chill": 18.2, "severity": 0, "alert_level": "none"}, {"day": 6, "date": "2026-07-01", "heat_index": 29.3, "wind_chill": 18.3, "severity": 0, "alert_level": "none"}]}}, {"type": "Feature", "geometry": {"type": "Polygon", "coordinates": [[[-2.123076923076923, 34.62837837837838], [-1.876923076923077, 34.62837837837838], [-1.876923076923077, 34.87162162162162], [-2.123076923076923, 34.87162162162162], [-2.123076923076923, 34.62837837837838]]]}, "properties": {"row": 5, "col": 60, "lat": 34.75, "lon": -2.0, "alert_level": "none", "severity": 0, "forecasts": [{"day": 0, "date": "2026-06-25", "heat_index": 27.9, "wind_chill": 16.9, "severity": 0, "alert_level": "none"}, {"day": 1, "date": "2026-06-26", "heat_index": 28.5, "wind_chill": 17.5, "severity": 0, "alert_level": "none"}, {"day": 2, "date": "2026-06-27", "heat_index": 28.5, "wind_chill": 17.6, "severity": 0, "alert_level": "none"}, {"day": 3, "date": "2026-06-28", "heat_index": 28.4, "wind_chill": 17.6, "severity": 0, "alert_level": "none"}, {"day": 4, "date": "2026-06-29", "heat_index": 28.3, "wind_chill": 17.5, "severity": 0, "alert_level": "none"}, {"day": 5, "date": "2026-06-30", "heat_index": 28.3, "wind_chill": 17.5, "severity": 0, "alert_level": "none"}, {"day": 6, "date": "2026-07-01", "heat_index": 28.4, "wind_chill": 17.7, "severity": 0, "alert_level": "none"}]}}, {"type": "Feature", "geometry": {"type": "Polygon", "coordinates": [[[-6.623076923076923, 34.37837837837838], [-6.376923076923077, 34.37837837837838], [-6.376923076923077, 34.62162162162162], [-6.623076923076923, 34.62162162162162], [-6.623076923076923, 34.37837837837838]]]}, "properties": {"row": 6, "col": 42, "lat": 34.5, "lon": -6.5, "alert_level": "none", "severity": 0, "forecasts": [{"day": 0, "date": "2026-06-25", "heat_index": 25.0, "wind_chill": 18.0, "severity": 0, "alert_level": "none"}, {"day": 1, "date": "2026-06-26", "heat_index": 26.0, "wind_chill": 18.3, "severity": 0, "alert_level": "none"}, {"day": 2, "date": "2026-06-27", "heat_index": 27.3, "wind_chill": 19.2, "severity": 0, "alert_level": "none"}, {"day": 3, "date": "2026-06-28", "heat_index": 27.6, "wind_chill": 19.5, "severity": 0, "alert_level": "none"}, {"day": 4, "date": "2026-06-29", "heat_index": 27.7, "wind_chill": 19.6, "severity": 0, "alert_level": "none"}, {"day": 5, "date": "2026-06-30", "heat_index": 27.8, "wind_chill": 19.7, "severity": 0, "alert_level": "none"}, {"day": 6, "date": "2026-07-01", "heat_index": 27.8, "wind_chill": 19.7, "severity": 0, "alert_level": "none"}]}}, {"type": "Feature", "geometry": {"type": "Polygon", "coordinates": [[[-6.373076923076923, 34.37837837837838], [-6.126923076923077, 34.37837837837838], [-6.126923076923077, 34.62162162162162], [-6.373076923076923, 34.62162162162162], [-6.373076923076923, 34.37837837837838]]]}, "properties": {"row": 6, "col": 43, "lat": 34.5, "lon": -6.25, "alert_level": "none", "severity": 0, "forecasts": [{"day": 0, "date": "2026-06-25", "heat_index": 26.7, "wind_chill": 17.5, "severity": 0, "alert_level": "none"}, {"day": 1, "date": "2026-06-26", "heat_index": 27.1, "wind_chill": 17.7, "severity": 0, "alert_level": "none"}, {"day": 2, "date": "2026-06-27", "heat_index": 27.9, "wind_chill": 18.5, "severity": 0, "alert_level": "none"}, {"day": 3, "date": "2026-06-28", "heat_index": 28.3, "wind_chill": 18.8, "severity": 0, "alert_level": "none"}, {"day": 4, "date": "2026-06-29", "heat_index": 28.5, "wind_chill": 19.0, "severity": 0, "alert_level": "none"}, {"day": 5, "date": "2026-06-30", "heat_index": 28.6, "wind_chill": 19.1, "severity": 0, "alert_level": "none"}, {"day": 6, "date": "2026-07-01", "heat_index": 28.7, "wind_chill": 19.1, "severity": 0, "alert_level": "none"}]}}, {"type": "Feature", "geometry": {"type": "Polygon", "coordinates": [[[-6.123076923076923, 34.37837837837838], [-5.876923076923077, 34.37837837837838], [-5.876923076923077, 34.62162162162162], [-6.123076923076923, 34.62162162162162], [-6.123076923076923, 34.37837837837838]]]}, "properties": {"row": 6, "col": 44, "lat": 34.5, "lon": -6.0, "alert_level": "none", "severity": 0, "forecasts": [{"day": 0, "date": "2026-06-25", "heat_index": 29.1, "wind_chill": 17.6, "severity": 0, "alert_level": "none"}, {"day": 1, "date": "2026-06-26", "heat_index": 29.3, "wind_chill": 17.7, "severity": 0, "alert_level": "none"}, {"day": 2, "date": "2026-06-27", "heat_index": 29.9, "wind_chill": 18.7, "severity": 0, "alert_level": "none"}, {"day": 3, "date": "2026-06-28", "heat_index": 30.2, "wind_chill": 19.0, "severity": 0, "alert_level": "none"}, {"day": 4, "date": "2026-06-29", "heat_index": 30.5, "wind_chill": 19.1, "severity": 0, "alert_level": "none"}, {"day": 5, "date": "2026-06-30", "heat_index": 30.7, "wind_chill": 19.2, "severity": 0, "alert_level": "none"}, {"day": 6, "date": "2026-07-01", "heat_index": 30.8, "wind_chill": 19.3, "severity": 0, "alert_level": "none"}]}}, {"type": "Feature", "geometry": {"type": "Polygon", "coordinates": [[[-5.873076923076923, 34.37837837837838], [-5.626923076923077, 34.37837837837838], [-5.626923076923077, 34.62162162162162], [-5.873076923076923, 34.62162162162162], [-5.873076923076923, 34.37837837837838]]]}, "properties": {"row": 6, "col": 45, "lat": 34.5, "lon": -5.75, "alert_level": "yellow", "severity": 1.1, "forecasts": [{"day": 0, "date": "2026-06-25", "heat_index": 31.2, "wind_chill": 18.9, "severity": 0, "alert_level": "none"}, {"day": 1, "date": "2026-06-26", "heat_index": 31.4, "wind_chill": 18.9, "severity": 0, "alert_level": "none"}, {"day": 2, "date": "2026-06-27", "heat_index": 32.1, "wind_chill": 19.6, "severity": 0.1, "alert_level": "yellow"}, {"day": 3, "date": "2026-06-28", "heat_index": 32.4, "wind_chill": 20.0, "severity": 0.4, "alert_level": "yellow"}, {"day": 4, "date": "2026-06-29", "heat_index": 32.7, "wind_chill": 20.1, "severity": 0.7, "alert_level": "yellow"}, {"day": 5, "date": "2026-06-30", "heat_index": 33.0, "wind_chill": 20.2, "severity": 1.0, "alert_level": "yellow"}, {"day": 6, "date": "2026-07-01", "heat_index": 33.1, "wind_chill": 20.3, "severity": 1.1, "alert_level": "yellow"}]}}, {"type": "Feature", "geometry": {"type": "Polygon", "coordinates": [[[-5.623076923076923, 34.37837837837838], [-5.376923076923077, 34.37837837837838], [-5.376923076923077, 34.62162162162162], [-5.623076923076923, 34.62162162162162], [-5.623076923076923, 34.37837837837838]]]}, "properties": {"row": 6, "col": 46, "lat": 34.5, "lon": -5.5, "alert_level": "orange", "severity": 2.4, "forecasts": [{"day": 0, "date": "2026-06-25", "heat_index": 32.3, "wind_chill": 19.2, "severity": 0.3, "alert_level": "yellow"}, {"day": 1, "date": "2026-06-26", "heat_index": 32.5, "wind_chill": 19.1, "severity": 0.5, "alert_level": "yellow"}, {"day": 2, "date": "2026-06-27", "heat_index": 33.4, "wind_chill": 20.0, "severity": 1.4, "alert_level": "yellow"}, {"day": 3, "date": "2026-06-28", "heat_index": 33.8, "wind_chill": 20.4, "severity": 1.8, "alert_level": "yellow"}, {"day": 4, "date": "2026-06-29", "heat_index": 34.0, "wind_chill": 20.6, "severity": 2.0, "alert_level": "yellow"}, {"day": 5, "date": "2026-06-30", "heat_index": 34.3, "wind_chill": 20.7, "severity": 2.3, "alert_level": "orange"}, {"day": 6, "date": "2026-07-01", "heat_index": 34.4, "wind_chill": 20.8, "severity": 2.4, "alert_level": "orange"}]}}, {"type": "Feature", "geometry": {"type": "Polygon", "coordinates": [[[-5.373076923076923, 34.37837837837838], [-5.126923076923077, 34.37837837837838], [-5.126923076923077, 34.62162162162162], [-5.373076923076923, 34.62162162162162], [-5.373076923076923, 34.37837837837838]]]}, "properties": {"row": 6, "col": 47, "lat": 34.5, "lon": -5.25, "alert_level": "orange", "severity": 2.7, "forecasts": [{"day": 0, "date": "2026-06-25", "heat_index": 34.0, "wind_chill": 19.6, "severity": 2.0, "alert_level": "yellow"}, {"day": 1, "date": "2026-06-26", "heat_index": 33.2, "wind_chill": 19.4, "severity": 1.2, "alert_level": "yellow"}, {"day": 2, "date": "2026-06-27", "heat_index": 33.9, "wind_chill": 20.1, "severity": 1.9, "alert_level": "yellow"}, {"day": 3, "date": "2026-06-28", "heat_index": 34.1, "wind_chill": 20.4, "severity": 2.1, "alert_level": "orange"}, {"day": 4, "date": "2026-06-29", "heat_index": 34.3, "wind_chill": 20.5, "severity": 2.3, "alert_level": "orange"}, {"day": 5, "date": "2026-06-30", "heat_index": 34.6, "wind_chill": 20.7, "severity": 2.6, "alert_level": "orange"}, {"day": 6, "date": "2026-07-01", "heat_index": 34.7, "wind_chill": 20.7, "severity": 2.7, "alert_level": "orange"}]}}, {"type": "Feature", "geometry": {"type": "Polygon", "coordinates": [[[-5.123076923076923, 34.37837837837838], [-4.876923076923077, 34.37837837837838], [-4.876923076923077, 34.62162162162162], [-5.123076923076923, 34.62162162162162], [-5.123076923076923, 34.37837837837838]]]}, "properties": {"row": 6, "col": 48, "lat": 34.5, "lon": -5.0, "alert_level": "orange", "severity": 2.9, "forecasts": [{"day": 0, "date": "2026-06-25", "heat_index": 34.0, "wind_chill": 19.5, "severity": 2.0, "alert_level": "yellow"}, {"day": 1, "date": "2026-06-26", "heat_index": 33.7, "wind_chill": 19.7, "severity": 1.7, "alert_level": "yellow"}, {"day": 2, "date": "2026-06-27", "heat_index": 34.2, "wind_chill": 20.3, "severity": 2.2, "alert_level": "orange"}, {"day": 3, "date": "2026-06-28", "heat_index": 34.3, "wind_chill": 20.5, "severity": 2.3, "alert_level": "orange"}, {"day": 4, "date": "2026-06-29", "heat_index": 34.5, "wind_chill": 20.6, "severity": 2.5, "alert_level": "orange"}, {"day": 5, "date": "2026-06-30", "heat_index": 34.7, "wind_chill": 20.7, "severity": 2.7, "alert_level": "orange"}, {"day": 6, "date": "2026-07-01", "heat_index": 34.9, "wind_chill": 20.8, "severity": 2.9, "alert_level": "orange"}]}}, {"type": "Feature", "geometry": {"type": "Polygon", "coordinates": [[[-4.873076923076923, 34.37837837837838], [-4.626923076923077, 34.37837837837838], [-4.626923076923077, 34.62162162162162], [-4.873076923076923, 34.62162162162162], [-4.873076923076923, 34.37837837837838]]]}, "properties": {"row": 6, "col": 49, "lat": 34.5, "lon": -4.75, "alert_level": "orange", "severity": 2.6, "forecasts": [{"day": 0, "date": "2026-06-25", "heat_index": 33.8, "wind_chill": 19.2, "severity": 1.8, "alert_level": "yellow"}, {"day": 1, "date": "2026-06-26", "heat_index": 33.7, "wind_chill": 19.8, "severity": 1.7, "alert_level": "yellow"}, {"day": 2, "date": "2026-06-27", "heat_index": 34.0, "wind_chill": 20.0, "severity": 2.0, "alert_level": "yellow"}, {"day": 3, "date": "2026-06-28", "heat_index": 34.0, "wind_chill": 20.2, "severity": 2.0, "alert_level": "orange"}, {"day": 4, "date": "2026-06-29", "heat_index": 34.2, "wind_chill": 20.3, "severity": 2.2, "alert_level": "orange"}, {"day": 5, "date": "2026-06-30", "heat_index": 34.4, "wind_chill": 20.4, "severity": 2.4, "alert_level": "orange"}, {"day": 6, "date": "2026-07-01", "heat_index": 34.6, "wind_chill": 20.5, "severity": 2.6, "alert_level": "orange"}]}}, {"type": "Feature", "geometry": {"type": "Polygon", "coordinates": [[[-4.623076923076923, 34.37837837837838], [-4.376923076923077, 34.37837837837838], [-4.376923076923077, 34.62162162162162], [-4.623076923076923, 34.62162162162162], [-4.623076923076923, 34.37837837837838]]]}, "properties": {"row": 6, "col": 50, "lat": 34.5, "lon": -4.5, "alert_level": "yellow", "severity": 1.4, "forecasts": [{"day": 0, "date": "2026-06-25", "heat_index": 33.3, "wind_chill": 18.1, "severity": 1.3, "alert_level": "yellow"}, {"day": 1, "date": "2026-06-26", "heat_index": 33.0, "wind_chill": 18.8, "severity": 1.0, "alert_level": "yellow"}, {"day": 2, "date": "2026-06-27", "heat_index": 33.0, "wind_chill": 18.9, "severity": 1.0, "alert_level": "yellow"}, {"day": 3, "date": "2026-06-28", "heat_index": 32.9, "wind_chill": 18.9, "severity": 0.9, "alert_level": "yellow"}, {"day": 4, "date": "2026-06-29", "heat_index": 33.1, "wind_chill": 19.0, "severity": 1.1, "alert_level": "yellow"}, {"day": 5, "date": "2026-06-30", "heat_index": 33.3, "wind_chill": 19.2, "severity": 1.3, "alert_level": "yellow"}, {"day": 6, "date": "2026-07-01", "heat_index": 33.4, "wind_chill": 19.3, "severity": 1.4, "alert_level": "yellow"}]}}, {"type": "Feature", "geometry": {"type": "Polygon", "coordinates": [[[-4.373076923076923, 34.37837837837838], [-4.126923076923077, 34.37837837837838], [-4.126923076923077, 34.62162162162162], [-4.373076923076923, 34.62162162162162], [-4.373076923076923, 34.37837837837838]]]}, "properties": {"row": 6, "col": 51, "lat": 34.5, "lon": -4.25, "alert_level": "yellow", "severity": 0.4, "forecasts": [{"day": 0, "date": "2026-06-25", "heat_index": 32.4, "wind_chill": 17.4, "severity": 0.4, "alert_level": "yellow"}, {"day": 1, "date": "2026-06-26", "heat_index": 31.4, "wind_chill": 17.4, "severity": 0, "alert_level": "none"}, {"day": 2, "date": "2026-06-27", "heat_index": 31.7, "wind_chill": 17.8, "severity": 0, "alert_level": "none"}, {"day": 3, "date": "2026-06-28", "heat_index": 31.6, "wind_chill": 17.9, "severity": 0, "alert_level": "none"}, {"day": 4, "date": "2026-06-29", "heat_index": 31.7, "wind_chill": 17.9, "severity": 0, "alert_level": "none"}, {"day": 5, "date": "2026-06-30", "heat_index": 32.0, "wind_chill": 18.1, "severity": 0, "alert_level": "none"}, {"day": 6, "date": "2026-07-01", "heat_index": 32.1, "wind_chill": 18.1, "severity": 0.1, "alert_level": "yellow"}]}}, {"type": "Feature", "geometry": {"type": "Polygon", "coordinates": [[[-4.123076923076923, 34.37837837837838], [-3.876923076923077, 34.37837837837838], [-3.876923076923077, 34.62162162162162], [-4.123076923076923, 34.62162162162162], [-4.123076923076923, 34.37837837837838]]]}, "properties": {"row": 6, "col": 52, "lat": 34.5, "lon": -4.0, "alert_level": "none", "severity": 0, "forecasts": [{"day": 0, "date": "2026-06-25", "heat_index": 31.1, "wind_chill": 16.3, "severity": 0, "alert_level": "none"}, {"day": 1, "date": "2026-06-26", "heat_index": 30.9, "wind_chill": 17.1, "severity": 0, "alert_level": "none"}, {"day": 2, "date": "2026-06-27", "heat_index": 31.0, "wind_chill": 17.3, "severity": 0, "alert_level": "none"}, {"day": 3, "date": "2026-06-28", "heat_index": 31.0, "wind_chill": 17.5, "severity": 0, "alert_level": "none"}, {"day": 4, "date": "2026-06-29", "heat_index": 31.2, "wind_chill": 17.5, "severity": 0, "alert_level": "none"}, {"day": 5, "date": "2026-06-30", "heat_index": 31.4, "wind_chill": 17.6, "severity": 0, "alert_level": "none"}, {"day": 6, "date": "2026-07-01", "heat_index": 31.6, "wind_chill": 17.7, "severity": 0, "alert_level": "none"}]}}, {"type": "Feature", "geometry": {"type": "Polygon", "coordinates": [[[-3.873076923076923, 34.37837837837838], [-3.626923076923077, 34.37837837837838], [-3.626923076923077, 34.62162162162162], [-3.873076923076923, 34.62162162162162], [-3.873076923076923, 34.37837837837838]]]}, "properties": {"row": 6, "col": 53, "lat": 34.5, "lon": -3.75, "alert_level": "yellow", "severity": 0.2, "forecasts": [{"day": 0, "date": "2026-06-25", "heat_index": 31.5, "wind_chill": 16.9, "severity": 0, "alert_level": "none"}, {"day": 1, "date": "2026-06-26", "heat_index": 31.7, "wind_chill": 17.9, "severity": 0, "alert_level": "none"}, {"day": 2, "date": "2026-06-27", "heat_index": 31.8, "wind_chill": 17.7, "severity": 0, "alert_level": "none"}, {"day": 3, "date": "2026-06-28", "heat_index": 31.7, "wind_chill": 17.8, "severity": 0, "alert_level": "none"}, {"day": 4, "date": "2026-06-29", "heat_index": 31.8, "wind_chill": 17.7, "severity": 0, "alert_level": "none"}, {"day": 5, "date": "2026-06-30", "heat_index": 32.0, "wind_chill": 17.8, "severity": 0.0, "alert_level": "yellow"}, {"day": 6, "date": "2026-07-01", "heat_index": 32.2, "wind_chill": 17.9, "severity": 0.2, "alert_level": "yellow"}]}}, {"type": "Feature", "geometry": {"type": "Polygon", "coordinates": [[[-3.623076923076923, 34.37837837837838], [-3.376923076923077, 34.37837837837838], [-3.376923076923077, 34.62162162162162], [-3.623076923076923, 34.62162162162162], [-3.623076923076923, 34.37837837837838]]]}, "properties": {"row": 6, "col": 54, "lat": 34.5, "lon": -3.5, "alert_level": "yellow", "severity": 0.7, "forecasts": [{"day": 0, "date": "2026-06-25", "heat_index": 31.9, "wind_chill": 17.1, "severity": 0, "alert_level": "none"}, {"day": 1, "date": "2026-06-26", "heat_index": 32.0, "wind_chill": 18.3, "severity": 0, "alert_level": "none"}, {"day": 2, "date": "2026-06-27", "heat_index": 32.4, "wind_chill": 18.4, "severity": 0.4, "alert_level": "yellow"}, {"day": 3, "date": "2026-06-28", "heat_index": 32.3, "wind_chill": 18.3, "severity": 0.3, "alert_level": "yellow"}, {"day": 4, "date": "2026-06-29", "heat_index": 32.3, "wind_chill": 18.2, "severity": 0.3, "alert_level": "yellow"}, {"day": 5, "date": "2026-06-30", "heat_index": 32.5, "wind_chill": 18.3, "severity": 0.5, "alert_level": "yellow"}, {"day": 6, "date": "2026-07-01", "heat_index": 32.7, "wind_chill": 18.4, "severity": 0.7, "alert_level": "yellow"}]}}, {"type": "Feature", "geometry": {"type": "Polygon", "coordinates": [[[-3.373076923076923, 34.37837837837838], [-3.126923076923077, 34.37837837837838], [-3.126923076923077, 34.62162162162162], [-3.373076923076923, 34.62162162162162], [-3.373076923076923, 34.37837837837838]]]}, "properties": {"row": 6, "col": 55, "lat": 34.5, "lon": -3.25, "alert_level": "yellow", "severity": 1.5, "forecasts": [{"day": 0, "date": "2026-06-25", "heat_index": 31.8, "wind_chill": 18.3, "severity": 0, "alert_level": "none"}, {"day": 1, "date": "2026-06-26", "heat_index": 32.4, "wind_chill": 19.1, "severity": 0.4, "alert_level": "yellow"}, {"day": 2, "date": "2026-06-27", "heat_index": 33.1, "wind_chill": 19.4, "severity": 1.1, "alert_level": "yellow"}, {"day": 3, "date": "2026-06-28", "heat_index": 33.1, "wind_chill": 19.4, "severity": 1.1, "alert_level": "yellow"}, {"day": 4, "date": "2026-06-29", "heat_index": 33.1, "wind_chill": 19.4, "severity": 1.1, "alert_level": "yellow"}, {"day": 5, "date": "2026-06-30", "heat_index": 33.3, "wind_chill": 19.5, "severity": 1.3, "alert_level": "yellow"}, {"day": 6, "date": "2026-07-01", "heat_index": 33.5, "wind_chill": 19.6, "severity": 1.5, "alert_level": "yellow"}]}}, {"type": "Feature", "geometry": {"type": "Polygon", "coordinates": [[[-3.123076923076923, 34.37837837837838], [-2.876923076923077, 34.37837837837838], [-2.876923076923077, 34.62162162162162], [-3.123076923076923, 34.62162162162162], [-3.123076923076923, 34.37837837837838]]]}, "properties": {"row": 6, "col": 56, "lat": 34.5, "lon": -3.0, "alert_level": "yellow", "severity": 1.9, "forecasts": [{"day": 0, "date": "2026-06-25", "heat_index": 31.7, "wind_chill": 18.7, "severity": 0, "alert_level": "none"}, {"day": 1, "date": "2026-06-26", "heat_index": 32.7, "wind_chill": 19.5, "severity": 0.7, "alert_level": "yellow"}, {"day": 2, "date": "2026-06-27", "heat_index": 33.4, "wind_chill": 19.7, "severity": 1.4, "alert_level": "yellow"}, {"day": 3, "date": "2026-06-28", "heat_index": 33.4, "wind_chill": 19.8, "severity": 1.4, "alert_level": "yellow"}, {"day": 4, "date": "2026-06-29", "heat_index": 33.5, "wind_chill": 19.9, "severity": 1.5, "alert_level": "yellow"}, {"day": 5, "date": "2026-06-30", "heat_index": 33.7, "wind_chill": 20.0, "severity": 1.7, "alert_level": "yellow"}, {"day": 6, "date": "2026-07-01", "heat_index": 33.9, "wind_chill": 20.1, "severity": 1.9, "alert_level": "yellow"}]}}, {"type": "Feature", "geometry": {"type": "Polygon", "coordinates": [[[-2.873076923076923, 34.37837837837838], [-2.626923076923077, 34.37837837837838], [-2.626923076923077, 34.62162162162162], [-2.873076923076923, 34.62162162162162], [-2.873076923076923, 34.37837837837838]]]}, "properties": {"row": 6, "col": 57, "lat": 34.5, "lon": -2.75, "alert_level": "yellow", "severity": 1.0, "forecasts": [{"day": 0, "date": "2026-06-25", "heat_index": 31.5, "wind_chill": 18.5, "severity": 0, "alert_level": "none"}, {"day": 1, "date": "2026-06-26", "heat_index": 32.3, "wind_chill": 18.9, "severity": 0.3, "alert_level": "yellow"}, {"day": 2, "date": "2026-06-27", "heat_index": 33.0, "wind_chill": 19.3, "severity": 1.0, "alert_level": "yellow"}, {"day": 3, "date": "2026-06-28", "heat_index": 32.7, "wind_chill": 19.3, "severity": 0.7, "alert_level": "yellow"}, {"day": 4, "date": "2026-06-29", "heat_index": 32.7, "wind_chill": 19.3, "severity": 0.7, "alert_level": "yellow"}, {"day": 5, "date": "2026-06-30", "heat_index": 32.8, "wind_chill": 19.4, "severity": 0.8, "alert_level": "yellow"}, {"day": 6, "date": "2026-07-01", "heat_index": 33.0, "wind_chill": 19.5, "severity": 1.0, "alert_level": "yellow"}]}}, {"type": "Feature", "geometry": {"type": "Polygon", "coordinates": [[[-2.623076923076923, 34.37837837837838], [-2.376923076923077, 34.37837837837838], [-2.376923076923077, 34.62162162162162], [-2.623076923076923, 34.62162162162162], [-2.623076923076923, 34.37837837837838]]]}, "properties": {"row": 6, "col": 58, "lat": 34.5, "lon": -2.5, "alert_level": "none", "severity": 0, "forecasts": [{"day": 0, "date": "2026-06-25", "heat_index": 31.2, "wind_chill": 17.7, "severity": 0, "alert_level": "none"}, {"day": 1, "date": "2026-06-26", "heat_index": 31.6, "wind_chill": 17.7, "severity": 0, "alert_level": "none"}, {"day": 2, "date": "2026-06-27", "heat_index": 31.9, "wind_chill": 18.5, "severity": 0, "alert_level": "none"}, {"day": 3, "date": "2026-06-28", "heat_index": 31.5, "wind_chill": 18.4, "severity": 0, "alert_level": "none"}, {"day": 4, "date": "2026-06-29", "heat_index": 31.3, "wind_chill": 18.3, "severity": 0, "alert_level": "none"}, {"day": 5, "date": "2026-06-30", "heat_index": 31.3, "wind_chill": 18.4, "severity": 0, "alert_level": "none"}, {"day": 6, "date": "2026-07-01", "heat_index": 31.5, "wind_chill": 18.5, "severity": 0, "alert_level": "none"}]}}, {"type": "Feature", "geometry": {"type": "Polygon", "coordinates": [[[-2.373076923076923, 34.37837837837838], [-2.126923076923077, 34.37837837837838], [-2.126923076923077, 34.62162162162162], [-2.373076923076923, 34.62162162162162], [-2.373076923076923, 34.37837837837838]]]}, "properties": {"row": 6, "col": 59, "lat": 34.5, "lon": -2.25, "alert_level": "none", "severity": 0, "forecasts": [{"day": 0, "date": "2026-06-25", "heat_index": 30.3, "wind_chill": 16.9, "severity": 0, "alert_level": "none"}, {"day": 1, "date": "2026-06-26", "heat_index": 30.5, "wind_chill": 16.9, "severity": 0, "alert_level": "none"}, {"day": 2, "date": "2026-06-27", "heat_index": 30.6, "wind_chill": 17.5, "severity": 0, "alert_level": "none"}, {"day": 3, "date": "2026-06-28", "heat_index": 30.1, "wind_chill": 17.4, "severity": 0, "alert_level": "none"}, {"day": 4, "date": "2026-06-29", "heat_index": 29.8, "wind_chill": 17.2, "severity": 0, "alert_level": "none"}, {"day": 5, "date": "2026-06-30", "heat_index": 29.8, "wind_chill": 17.3, "severity": 0, "alert_level": "none"}, {"day": 6, "date": "2026-07-01", "heat_index": 29.9, "wind_chill": 17.4, "severity": 0, "alert_level": "none"}]}}, {"type": "Feature", "geometry": {"type": "Polygon", "coordinates": [[[-2.123076923076923, 34.37837837837838], [-1.876923076923077, 34.37837837837838], [-1.876923076923077, 34.62162162162162], [-2.123076923076923, 34.62162162162162], [-2.123076923076923, 34.37837837837838]]]}, "properties": {"row": 6, "col": 60, "lat": 34.5, "lon": -2.0, "alert_level": "none", "severity": 0, "forecasts": [{"day": 0, "date": "2026-06-25", "heat_index": 29.5, "wind_chill": 16.1, "severity": 0, "alert_level": "none"}, {"day": 1, "date": "2026-06-26", "heat_index": 29.3, "wind_chill": 15.9, "severity": 0, "alert_level": "none"}, {"day": 2, "date": "2026-06-27", "heat_index": 29.2, "wind_chill": 16.2, "severity": 0, "alert_level": "none"}, {"day": 3, "date": "2026-06-28", "heat_index": 28.7, "wind_chill": 16.0, "severity": 0, "alert_level": "none"}, {"day": 4, "date": "2026-06-29", "heat_index": 28.5, "wind_chill": 16.0, "severity": 0, "alert_level": "none"}, {"day": 5, "date": "2026-06-30", "heat_index": 28.6, "wind_chill": 16.0, "severity": 0, "alert_level": "none"}, {"day": 6, "date": "2026-07-01", "heat_index": 28.8, "wind_chill": 16.1, "severity": 0, "alert_level": "none"}]}}, {"type": "Feature", "geometry": {"type": "Polygon", "coordinates": [[[-1.873076923076923, 34.37837837837838], [-1.626923076923077, 34.37837837837838], [-1.626923076923077, 34.62162162162162], [-1.873076923076923, 34.62162162162162], [-1.873076923076923, 34.37837837837838]]]}, "properties": {"row": 6, "col": 61, "lat": 34.5, "lon": -1.75, "alert_level": "none", "severity": 0, "forecasts": [{"day": 0, "date": "2026-06-25", "heat_index": 27.6, "wind_chill": 15.3, "severity": 0, "alert_level": "none"}, {"day": 1, "date": "2026-06-26", "heat_index": 27.9, "wind_chill": 15.3, "severity": 0, "alert_level": "none"}, {"day": 2, "date": "2026-06-27", "heat_index": 28.0, "wind_chill": 15.9, "severity": 0, "alert_level": "none"}, {"day": 3, "date": "2026-06-28", "heat_index": 27.3, "wind_chill": 15.8, "severity": 0, "alert_level": "none"}, {"day": 4, "date": "2026-06-29", "heat_index": 27.1, "wind_chill": 15.6, "severity": 0, "alert_level": "none"}, {"day": 5, "date": "2026-06-30", "heat_index": 27.3, "wind_chill": 15.6, "severity": 0, "alert_level": "none"}, {"day": 6, "date": "2026-07-01", "heat_index": 27.6, "wind_chill": 15.8, "severity": 0, "alert_level": "none"}]}}, {"type": "Feature", "geometry": {"type": "Polygon", "coordinates": [[[-6.623076923076923, 34.12837837837838], [-6.376923076923077, 34.12837837837838], [-6.376923076923077, 34.37162162162162], [-6.623076923076923, 34.37162162162162], [-6.623076923076923, 34.12837837837838]]]}, "properties": {"row": 7, "col": 42, "lat": 34.25, "lon": -6.5, "alert_level": "none", "severity": 0, "forecasts": [{"day": 0, "date": "2026-06-25", "heat_index": 26.7, "wind_chill": 18.5, "severity": 0, "alert_level": "none"}, {"day": 1, "date": "2026-06-26", "heat_index": 26.8, "wind_chill": 18.2, "severity": 0, "alert_level": "none"}, {"day": 2, "date": "2026-06-27", "heat_index": 27.6, "wind_chill": 19.4, "severity": 0, "alert_level": "none"}, {"day": 3, "date": "2026-06-28", "heat_index": 28.0, "wind_chill": 19.5, "severity": 0, "alert_level": "none"}, {"day": 4, "date": "2026-06-29", "heat_index": 28.3, "wind_chill": 19.6, "severity": 0, "alert_level": "none"}, {"day": 5, "date": "2026-06-30", "heat_index": 28.5, "wind_chill": 19.6, "severity": 0, "alert_level": "none"}, {"day": 6, "date": "2026-07-01", "heat_index": 28.6, "wind_chill": 19.7, "severity": 0, "alert_level": "none"}]}}, {"type": "Feature", "geometry": {"type": "Polygon", "coordinates": [[[-6.373076923076923, 34.12837837837838], [-6.126923076923077, 34.12837837837838], [-6.126923076923077, 34.37162162162162], [-6.373076923076923, 34.37162162162162], [-6.373076923076923, 34.12837837837838]]]}, "properties": {"row": 7, "col": 43, "lat": 34.25, "lon": -6.25, "alert_level": "none", "severity": 0, "forecasts": [{"day": 0, "date": "2026-06-25", "heat_index": 28.3, "wind_chill": 17.8, "severity": 0, "alert_level": "none"}, {"day": 1, "date": "2026-06-26", "heat_index": 28.3, "wind_chill": 18.0, "severity": 0, "alert_level": "none"}, {"day": 2, "date": "2026-06-27", "heat_index": 29.3, "wind_chill": 19.0, "severity": 0, "alert_level": "none"}, {"day": 3, "date": "2026-06-28", "heat_index": 29.6, "wind_chill": 19.3, "severity": 0, "alert_level": "none"}, {"day": 4, "date": "2026-06-29", "heat_index": 29.9, "wind_chill": 19.5, "severity": 0, "alert_level": "none"}, {"day": 5, "date": "2026-06-30", "heat_index": 30.1, "wind_chill": 19.6, "severity": 0, "alert_level": "none"}, {"day": 6, "date": "2026-07-01", "heat_index": 30.2, "wind_chill": 19.7, "severity": 0, "alert_level": "none"}]}}, {"type": "Feature", "geometry": {"type": "Polygon", "coordinates": [[[-6.123076923076923, 34.12837837837838], [-5.876923076923077, 34.12837837837838], [-5.876923076923077, 34.37162162162162], [-6.123076923076923, 34.37162162162162], [-6.123076923076923, 34.12837837837838]]]}, "properties": {"row": 7, "col": 44, "lat": 34.25, "lon": -6.0, "alert_level": "none", "severity": 0, "forecasts": [{"day": 0, "date": "2026-06-25", "heat_index": 30.0, "wind_chill": 17.9, "severity": 0, "alert_level": "none"}, {"day": 1, "date": "2026-06-26", "heat_index": 30.2, "wind_chill": 18.0, "severity": 0, "alert_level": "none"}, {"day": 2, "date": "2026-06-27", "heat_index": 30.6, "wind_chill": 18.7, "severity": 0, "alert_level": "none"}, {"day": 3, "date": "2026-06-28", "heat_index": 30.9, "wind_chill": 19.0, "severity": 0, "alert_level": "none"}, {"day": 4, "date": "2026-06-29", "heat_index": 31.1, "wind_chill": 19.1, "severity": 0, "alert_level": "none"}, {"day": 5, "date": "2026-06-30", "heat_index": 31.3, "wind_chill": 19.2, "severity": 0, "alert_level": "none"}, {"day": 6, "date": "2026-07-01", "heat_index": 31.4, "wind_chill": 19.3, "severity": 0, "alert_level": "none"}]}}, {"type": "Feature", "geometry": {"type": "Polygon", "coordinates": [[[-5.873076923076923, 34.12837837837838], [-5.626923076923077, 34.12837837837838], [-5.626923076923077, 34.37162162162162], [-5.873076923076923, 34.37162162162162], [-5.873076923076923, 34.12837837837838]]]}, "properties": {"row": 7, "col": 45, "lat": 34.25, "lon": -5.75, "alert_level": "yellow", "severity": 1.0, "forecasts": [{"day": 0, "date": "2026-06-25", "heat_index": 31.3, "wind_chill": 18.3, "severity": 0, "alert_level": "none"}, {"day": 1, "date": "2026-06-26", "heat_index": 31.8, "wind_chill": 18.3, "severity": 0, "alert_level": "none"}, {"day": 2, "date": "2026-06-27", "heat_index": 32.3, "wind_chill": 18.8, "severity": 0.3, "alert_level": "yellow"}, {"day": 3, "date": "2026-06-28", "heat_index": 32.5, "wind_chill": 19.1, "severity": 0.5, "alert_level": "yellow"}, {"day": 4, "date": "2026-06-29", "heat_index": 32.7, "wind_chill": 19.2, "severity": 0.7, "alert_level": "yellow"}, {"day": 5, "date": "2026-06-30", "heat_index": 32.9, "wind_chill": 19.3, "severity": 0.9, "alert_level": "yellow"}, {"day": 6, "date": "2026-07-01", "heat_index": 33.0, "wind_chill": 19.4, "severity": 1.0, "alert_level": "yellow"}]}}, {"type": "Feature", "geometry": {"type": "Polygon", "coordinates": [[[-5.623076923076923, 34.12837837837838], [-5.376923076923077, 34.12837837837838], [-5.376923076923077, 34.37162162162162], [-5.623076923076923, 34.37162162162162], [-5.623076923076923, 34.12837837837838]]]}, "properties": {"row": 7, "col": 46, "lat": 34.25, "lon": -5.5, "alert_level": "orange", "severity": 2.1, "forecasts": [{"day": 0, "date": "2026-06-25", "heat_index": 32.9, "wind_chill": 18.5, "severity": 0.9, "alert_level": "yellow"}, {"day": 1, "date": "2026-06-26", "heat_index": 32.7, "wind_chill": 18.5, "severity": 0.7, "alert_level": "yellow"}, {"day": 2, "date": "2026-06-27", "heat_index": 33.3, "wind_chill": 19.1, "severity": 1.3, "alert_level": "yellow"}, {"day": 3, "date": "2026-06-28", "heat_index": 33.5, "wind_chill": 19.4, "severity": 1.5, "alert_level": "yellow"}, {"day": 4, "date": "2026-06-29", "heat_index": 33.7, "wind_chill": 19.6, "severity": 1.7, "alert_level": "yellow"}, {"day": 5, "date": "2026-06-30", "heat_index": 33.9, "wind_chill": 19.7, "severity": 1.9, "alert_level": "yellow"}, {"day": 6, "date": "2026-07-01", "heat_index": 34.1, "wind_chill": 19.8, "severity": 2.1, "alert_level": "orange"}]}}, {"type": "Feature", "geometry": {"type": "Polygon", "coordinates": [[[-5.373076923076923, 34.12837837837838], [-5.126923076923077, 34.12837837837838], [-5.126923076923077, 34.37162162162162], [-5.373076923076923, 34.37162162162162], [-5.373076923076923, 34.12837837837838]]]}, "properties": {"row": 7, "col": 47, "lat": 34.25, "lon": -5.25, "alert_level": "orange", "severity": 2.5, "forecasts": [{"day": 0, "date": "2026-06-25", "heat_index": 34.1, "wind_chill": 18.8, "severity": 2.1, "alert_level": "orange"}, {"day": 1, "date": "2026-06-26", "heat_index": 33.3, "wind_chill": 18.6, "severity": 1.3, "alert_level": "yellow"}, {"day": 2, "date": "2026-06-27", "heat_index": 33.7, "wind_chill": 19.3, "severity": 1.7, "alert_level": "yellow"}, {"day": 3, "date": "2026-06-28", "heat_index": 33.9, "wind_chill": 19.6, "severity": 1.9, "alert_level": "yellow"}, {"day": 4, "date": "2026-06-29", "heat_index": 34.1, "wind_chill": 19.7, "severity": 2.1, "alert_level": "orange"}, {"day": 5, "date": "2026-06-30", "heat_index": 34.3, "wind_chill": 19.9, "severity": 2.3, "alert_level": "orange"}, {"day": 6, "date": "2026-07-01", "heat_index": 34.5, "wind_chill": 20.0, "severity": 2.5, "alert_level": "orange"}]}}, {"type": "Feature", "geometry": {"type": "Polygon", "coordinates": [[[-5.123076923076923, 34.12837837837838], [-4.876923076923077, 34.12837837837838], [-4.876923076923077, 34.37162162162162], [-5.123076923076923, 34.37162162162162], [-5.123076923076923, 34.12837837837838]]]}, "properties": {"row": 7, "col": 48, "lat": 34.25, "lon": -5.0, "alert_level": "orange", "severity": 2.6, "forecasts": [{"day": 0, "date": "2026-06-25", "heat_index": 33.7, "wind_chill": 18.2, "severity": 1.7, "alert_level": "yellow"}, {"day": 1, "date": "2026-06-26", "heat_index": 33.2, "wind_chill": 18.5, "severity": 1.2, "alert_level": "yellow"}, {"day": 2, "date": "2026-06-27", "heat_index": 33.7, "wind_chill": 19.3, "severity": 1.7, "alert_level": "yellow"}, {"day": 3, "date": "2026-06-28", "heat_index": 33.9, "wind_chill": 19.6, "severity": 1.9, "alert_level": "yellow"}, {"day": 4, "date": "2026-06-29", "heat_index": 34.1, "wind_chill": 19.7, "severity": 2.1, "alert_level": "orange"}, {"day": 5, "date": "2026-06-30", "heat_index": 34.4, "wind_chill": 19.9, "severity": 2.4, "alert_level": "orange"}, {"day": 6, "date": "2026-07-01", "heat_index": 34.6, "wind_chill": 20.0, "severity": 2.6, "alert_level": "orange"}]}}, {"type": "Feature", "geometry": {"type": "Polygon", "coordinates": [[[-4.873076923076923, 34.12837837837838], [-4.626923076923077, 34.12837837837838], [-4.626923076923077, 34.37162162162162], [-4.873076923076923, 34.37162162162162], [-4.873076923076923, 34.12837837837838]]]}, "properties": {"row": 7, "col": 49, "lat": 34.25, "lon": -4.75, "alert_level": "orange", "severity": 2.4, "forecasts": [{"day": 0, "date": "2026-06-25", "heat_index": 33.3, "wind_chill": 17.7, "severity": 1.3, "alert_level": "yellow"}, {"day": 1, "date": "2026-06-26", "heat_index": 33.0, "wind_chill": 18.2, "severity": 1.0, "alert_level": "yellow"}, {"day": 2, "date": "2026-06-27", "heat_index": 33.4, "wind_chill": 19.0, "severity": 1.4, "alert_level": "yellow"}, {"day": 3, "date": "2026-06-28", "heat_index": 33.6, "wind_chill": 19.3, "severity": 1.6, "alert_level": "yellow"}, {"day": 4, "date": "2026-06-29", "heat_index": 33.9, "wind_chill": 19.4, "severity": 1.9, "alert_level": "yellow"}, {"day": 5, "date": "2026-06-30", "heat_index": 34.2, "wind_chill": 19.6, "severity": 2.2, "alert_level": "orange"}, {"day": 6, "date": "2026-07-01", "heat_index": 34.4, "wind_chill": 19.7, "severity": 2.4, "alert_level": "orange"}]}}, {"type": "Feature", "geometry": {"type": "Polygon", "coordinates": [[[-4.623076923076923, 34.12837837837838], [-4.376923076923077, 34.12837837837838], [-4.376923076923077, 34.37162162162162], [-4.623076923076923, 34.37162162162162], [-4.623076923076923, 34.12837837837838]]]}, "properties": {"row": 7, "col": 50, "lat": 34.25, "lon": -4.5, "alert_level": "yellow", "severity": 1.6, "forecasts": [{"day": 0, "date": "2026-06-25", "heat_index": 32.5, "wind_chill": 17.0, "severity": 0.5, "alert_level": "yellow"}, {"day": 1, "date": "2026-06-26", "heat_index": 32.5, "wind_chill": 17.8, "severity": 0.5, "alert_level": "yellow"}, {"day": 2, "date": "2026-06-27", "heat_index": 32.7, "wind_chill": 18.4, "severity": 0.7, "alert_level": "yellow"}, {"day": 3, "date": "2026-06-28", "heat_index": 32.8, "wind_chill": 18.6, "severity": 0.8, "alert_level": "yellow"}, {"day": 4, "date": "2026-06-29", "heat_index": 33.1, "wind_chill": 18.8, "severity": 1.1, "alert_level": "yellow"}, {"day": 5, "date": "2026-06-30", "heat_index": 33.4, "wind_chill": 18.9, "severity": 1.4, "alert_level": "yellow"}, {"day": 6, "date": "2026-07-01", "heat_index": 33.6, "wind_chill": 19.1, "severity": 1.6, "alert_level": "yellow"}]}}, {"type": "Feature", "geometry": {"type": "Polygon", "coordinates": [[[-4.373076923076923, 34.12837837837838], [-4.126923076923077, 34.12837837837838], [-4.126923076923077, 34.37162162162162], [-4.373076923076923, 34.37162162162162], [-4.373076923076923, 34.12837837837838]]]}, "properties": {"row": 7, "col": 51, "lat": 34.25, "lon": -4.25, "alert_level": "yellow", "severity": 0.6, "forecasts": [{"day": 0, "date": "2026-06-25", "heat_index": 31.0, "wind_chill": 16.1, "severity": 0, "alert_level": "none"}, {"day": 1, "date": "2026-06-26", "heat_index": 31.6, "wind_chill": 17.2, "severity": 0, "alert_level": "none"}, {"day": 2, "date": "2026-06-27", "heat_index": 31.7, "wind_chill": 17.6, "severity": 0, "alert_level": "none"}, {"day": 3, "date": "2026-06-28", "heat_index": 31.8, "wind_chill": 17.9, "severity": 0, "alert_level": "none"}, {"day": 4, "date": "2026-06-29", "heat_index": 32.0, "wind_chill": 18.0, "severity": 0.0, "alert_level": "yellow"}, {"day": 5, "date": "2026-06-30", "heat_index": 32.4, "wind_chill": 18.2, "severity": 0.4, "alert_level": "yellow"}, {"day": 6, "date": "2026-07-01", "heat_index": 32.6, "wind_chill": 18.3, "severity": 0.6, "alert_level": "yellow"}]}}, {"type": "Feature", "geometry": {"type": "Polygon", "coordinates": [[[-4.123076923076923, 34.12837837837838], [-3.876923076923077, 34.12837837837838], [-3.876923076923077, 34.37162162162162], [-4.123076923076923, 34.37162162162162], [-4.123076923076923, 34.12837837837838]]]}, "properties": {"row": 7, "col": 52, "lat": 34.25, "lon": -4.0, "alert_level": "yellow", "severity": 0.1, "forecasts": [{"day": 0, "date": "2026-06-25", "heat_index": 30.6, "wind_chill": 15.8, "severity": 0, "alert_level": "none"}, {"day": 1, "date": "2026-06-26", "heat_index": 31.3, "wind_chill": 16.9, "severity": 0, "alert_level": "none"}, {"day": 2, "date": "2026-06-27", "heat_index": 31.3, "wind_chill": 17.2, "severity": 0, "alert_level": "none"}, {"day": 3, "date": "2026-06-28", "heat_index": 31.4, "wind_chill": 17.5, "severity": 0, "alert_level": "none"}, {"day": 4, "date": "2026-06-29", "heat_index": 31.6, "wind_chill": 17.5, "severity": 0, "alert_level": "none"}, {"day": 5, "date": "2026-06-30", "heat_index": 31.9, "wind_chill": 17.7, "severity": 0, "alert_level": "none"}, {"day": 6, "date": "2026-07-01", "heat_index": 32.1, "wind_chill": 17.9, "severity": 0.1, "alert_level": "yellow"}]}}, {"type": "Feature", "geometry": {"type": "Polygon", "coordinates": [[[-3.873076923076923, 34.12837837837838], [-3.626923076923077, 34.12837837837838], [-3.626923076923077, 34.37162162162162], [-3.873076923076923, 34.37162162162162], [-3.873076923076923, 34.12837837837838]]]}, "properties": {"row": 7, "col": 53, "lat": 34.25, "lon": -3.75, "alert_level": "yellow", "severity": 1.2, "forecasts": [{"day": 0, "date": "2026-06-25", "heat_index": 32.3, "wind_chill": 16.8, "severity": 0.3, "alert_level": "yellow"}, {"day": 1, "date": "2026-06-26", "heat_index": 32.5, "wind_chill": 17.8, "severity": 0.5, "alert_level": "yellow"}, {"day": 2, "date": "2026-06-27", "heat_index": 32.6, "wind_chill": 18.2, "severity": 0.6, "alert_level": "yellow"}, {"day": 3, "date": "2026-06-28", "heat_index": 32.6, "wind_chill": 18.3, "severity": 0.6, "alert_level": "yellow"}, {"day": 4, "date": "2026-06-29", "heat_index": 32.7, "wind_chill": 18.4, "severity": 0.7, "alert_level": "yellow"}, {"day": 5, "date": "2026-06-30", "heat_index": 33.0, "wind_chill": 18.5, "severity": 1.0, "alert_level": "yellow"}, {"day": 6, "date": "2026-07-01", "heat_index": 33.2, "wind_chill": 18.7, "severity": 1.2, "alert_level": "yellow"}]}}, {"type": "Feature", "geometry": {"type": "Polygon", "coordinates": [[[-3.623076923076923, 34.12837837837838], [-3.376923076923077, 34.12837837837838], [-3.376923076923077, 34.37162162162162], [-3.623076923076923, 34.37162162162162], [-3.623076923076923, 34.12837837837838]]]}, "properties": {"row": 7, "col": 54, "lat": 34.25, "lon": -3.5, "alert_level": "orange", "severity": 2.5, "forecasts": [{"day": 0, "date": "2026-06-25", "heat_index": 33.7, "wind_chill": 17.7, "severity": 1.7, "alert_level": "yellow"}, {"day": 1, "date": "2026-06-26", "heat_index": 33.5, "wind_chill": 18.8, "severity": 1.5, "alert_level": "yellow"}, {"day": 2, "date": "2026-06-27", "heat_index": 33.9, "wind_chill": 19.4, "severity": 1.9, "alert_level": "yellow"}, {"day": 3, "date": "2026-06-28", "heat_index": 34.0, "wind_chill": 19.5, "severity": 2.0, "alert_level": "yellow"}, {"day": 4, "date": "2026-06-29", "heat_index": 34.1, "wind_chill": 19.6, "severity": 2.1, "alert_level": "orange"}, {"day": 5, "date": "2026-06-30", "heat_index": 34.4, "wind_chill": 19.7, "severity": 2.4, "alert_level": "orange"}, {"day": 6, "date": "2026-07-01", "heat_index": 34.5, "wind_chill": 19.8, "severity": 2.5, "alert_level": "orange"}]}}, {"type": "Feature", "geometry": {"type": "Polygon", "coordinates": [[[-3.373076923076923, 34.12837837837838], [-3.126923076923077, 34.12837837837838], [-3.126923076923077, 34.37162162162162], [-3.373076923076923, 34.37162162162162], [-3.373076923076923, 34.12837837837838]]]}, "properties": {"row": 7, "col": 55, "lat": 34.25, "lon": -3.25, "alert_level": "orange", "severity": 2.9, "forecasts": [{"day": 0, "date": "2026-06-25", "heat_index": 33.4, "wind_chill": 18.1, "severity": 1.4, "alert_level": "yellow"}, {"day": 1, "date": "2026-06-26", "heat_index": 33.5, "wind_chill": 19.1, "severity": 1.5, "alert_level": "yellow"}, {"day": 2, "date": "2026-06-27", "heat_index": 34.1, "wind_chill": 19.7, "severity": 2.1, "alert_level": "orange"}, {"day": 3, "date": "2026-06-28", "heat_index": 34.3, "wind_chill": 19.9, "severity": 2.3, "alert_level": "orange"}, {"day": 4, "date": "2026-06-29", "heat_index": 34.5, "wind_chill": 20.0, "severity": 2.5, "alert_level": "orange"}, {"day": 5, "date": "2026-06-30", "heat_index": 34.7, "wind_chill": 20.1, "severity": 2.7, "alert_level": "orange"}, {"day": 6, "date": "2026-07-01", "heat_index": 34.9, "wind_chill": 20.2, "severity": 2.9, "alert_level": "orange"}]}}, {"type": "Feature", "geometry": {"type": "Polygon", "coordinates": [[[-3.123076923076923, 34.12837837837838], [-2.876923076923077, 34.12837837837838], [-2.876923076923077, 34.37162162162162], [-3.123076923076923, 34.37162162162162], [-3.123076923076923, 34.12837837837838]]]}, "properties": {"row": 7, "col": 56, "lat": 34.25, "lon": -3.0, "alert_level": "orange", "severity": 2.1, "forecasts": [{"day": 0, "date": "2026-06-25", "heat_index": 32.6, "wind_chill": 18.1, "severity": 0.6, "alert_level": "yellow"}, {"day": 1, "date": "2026-06-26", "heat_index": 33.0, "wind_chill": 18.8, "severity": 1.0, "alert_level": "yellow"}, {"day": 2, "date": "2026-06-27", "heat_index": 33.4, "wind_chill": 19.2, "severity": 1.4, "alert_level": "yellow"}, {"day": 3, "date": "2026-06-28", "heat_index": 33.6, "wind_chill": 19.4, "severity": 1.6, "alert_level": "yellow"}, {"day": 4, "date": "2026-06-29", "heat_index": 33.7, "wind_chill": 19.5, "severity": 1.7, "alert_level": "yellow"}, {"day": 5, "date": "2026-06-30", "heat_index": 33.9, "wind_chill": 19.6, "severity": 1.9, "alert_level": "yellow"}, {"day": 6, "date": "2026-07-01", "heat_index": 34.1, "wind_chill": 19.7, "severity": 2.1, "alert_level": "orange"}]}}, {"type": "Feature", "geometry": {"type": "Polygon", "coordinates": [[[-2.873076923076923, 34.12837837837838], [-2.626923076923077, 34.12837837837838], [-2.626923076923077, 34.37162162162162], [-2.873076923076923, 34.37162162162162], [-2.873076923076923, 34.12837837837838]]]}, "properties": {"row": 7, "col": 57, "lat": 34.25, "lon": -2.75, "alert_level": "yellow", "severity": 0.8, "forecasts": [{"day": 0, "date": "2026-06-25", "heat_index": 32.3, "wind_chill": 17.8, "severity": 0.3, "alert_level": "yellow"}, {"day": 1, "date": "2026-06-26", "heat_index": 32.6, "wind_chill": 18.3, "severity": 0.6, "alert_level": "yellow"}, {"day": 2, "date": "2026-06-27", "heat_index": 32.6, "wind_chill": 18.4, "severity": 0.6, "alert_level": "yellow"}, {"day": 3, "date": "2026-06-28", "heat_index": 32.5, "wind_chill": 18.5, "severity": 0.5, "alert_level": "yellow"}, {"day": 4, "date": "2026-06-29", "heat_index": 32.4, "wind_chill": 18.5, "severity": 0.4, "alert_level": "yellow"}, {"day": 5, "date": "2026-06-30", "heat_index": 32.6, "wind_chill": 18.6, "severity": 0.6, "alert_level": "yellow"}, {"day": 6, "date": "2026-07-01", "heat_index": 32.8, "wind_chill": 18.7, "severity": 0.8, "alert_level": "yellow"}]}}, {"type": "Feature", "geometry": {"type": "Polygon", "coordinates": [[[-2.623076923076923, 34.12837837837838], [-2.376923076923077, 34.12837837837838], [-2.376923076923077, 34.37162162162162], [-2.623076923076923, 34.37162162162162], [-2.623076923076923, 34.12837837837838]]]}, "properties": {"row": 7, "col": 58, "lat": 34.25, "lon": -2.5, "alert_level": "yellow", "severity": 0.7, "forecasts": [{"day": 0, "date": "2026-06-25", "heat_index": 32.7, "wind_chill": 17.6, "severity": 0.7, "alert_level": "yellow"}, {"day": 1, "date": "2026-06-26", "heat_index": 32.4, "wind_chill": 18.0, "severity": 0.4, "alert_level": "yellow"}, {"day": 2, "date": "2026-06-27", "heat_index": 32.0, "wind_chill": 17.8, "severity": 0, "alert_level": "none"}, {"day": 3, "date": "2026-06-28", "heat_index": 31.6, "wind_chill": 17.8, "severity": 0, "alert_level": "none"}, {"day": 4, "date": "2026-06-29", "heat_index": 31.3, "wind_chill": 17.7, "severity": 0, "alert_level": "none"}, {"day": 5, "date": "2026-06-30", "heat_index": 31.4, "wind_chill": 17.7, "severity": 0, "alert_level": "none"}, {"day": 6, "date": "2026-07-01", "heat_index": 31.6, "wind_chill": 17.8, "severity": 0, "alert_level": "none"}]}}, {"type": "Feature", "geometry": {"type": "Polygon", "coordinates": [[[-2.373076923076923, 34.12837837837838], [-2.126923076923077, 34.12837837837838], [-2.126923076923077, 34.37162162162162], [-2.373076923076923, 34.37162162162162], [-2.373076923076923, 34.12837837837838]]]}, "properties": {"row": 7, "col": 59, "lat": 34.25, "lon": -2.25, "alert_level": "yellow", "severity": 0.9, "forecasts": [{"day": 0, "date": "2026-06-25", "heat_index": 32.9, "wind_chill": 17.6, "severity": 0.9, "alert_level": "yellow"}, {"day": 1, "date": "2026-06-26", "heat_index": 31.9, "wind_chill": 17.7, "severity": 0, "alert_level": "none"}, {"day": 2, "date": "2026-06-27", "heat_index": 31.2, "wind_chill": 17.2, "severity": 0, "alert_level": "none"}, {"day": 3, "date": "2026-06-28", "heat_index": 30.6, "wind_chill": 17.0, "severity": 0, "alert_level": "none"}, {"day": 4, "date": "2026-06-29", "heat_index": 30.2, "wind_chill": 16.8, "severity": 0, "alert_level": "none"}, {"day": 5, "date": "2026-06-30", "heat_index": 30.3, "wind_chill": 16.8, "severity": 0, "alert_level": "none"}, {"day": 6, "date": "2026-07-01", "heat_index": 30.5, "wind_chill": 16.9, "severity": 0, "alert_level": "none"}]}}, {"type": "Feature", "geometry": {"type": "Polygon", "coordinates": [[[-2.123076923076923, 34.12837837837838], [-1.876923076923077, 34.12837837837838], [-1.876923076923077, 34.37162162162162], [-2.123076923076923, 34.37162162162162], [-2.123076923076923, 34.12837837837838]]]}, "properties": {"row": 7, "col": 60, "lat": 34.25, "lon": -2.0, "alert_level": "none", "severity": 0, "forecasts": [{"day": 0, "date": "2026-06-25", "heat_index": 31.9, "wind_chill": 16.8, "severity": 0, "alert_level": "none"}, {"day": 1, "date": "2026-06-26", "heat_index": 30.0, "wind_chill": 16.1, "severity": 0, "alert_level": "none"}, {"day": 2, "date": "2026-06-27", "heat_index": 29.5, "wind_chill": 15.7, "severity": 0, "alert_level": "none"}, {"day": 3, "date": "2026-06-28", "heat_index": 29.0, "wind_chill": 15.5, "severity": 0, "alert_level": "none"}, {"day": 4, "date": "2026-06-29", "heat_index": 28.8, "wind_chill": 15.3, "severity": 0, "alert_level": "none"}, {"day": 5, "date": "2026-06-30", "heat_index": 29.0, "wind_chill": 15.3, "severity": 0, "alert_level": "none"}, {"day": 6, "date": "2026-07-01", "heat_index": 29.2, "wind_chill": 15.4, "severity": 0, "alert_level": "none"}]}}, {"type": "Feature", "geometry": {"type": "Polygon", "coordinates": [[[-1.873076923076923, 34.12837837837838], [-1.626923076923077, 34.12837837837838], [-1.626923076923077, 34.37162162162162], [-1.873076923076923, 34.37162162162162], [-1.873076923076923, 34.12837837837838]]]}, "properties": {"row": 7, "col": 61, "lat": 34.25, "lon": -1.75, "alert_level": "none", "severity": 0, "forecasts": [{"day": 0, "date": "2026-06-25", "heat_index": 29.2, "wind_chill": 15.5, "severity": 0, "alert_level": "none"}, {"day": 1, "date": "2026-06-26", "heat_index": 28.6, "wind_chill": 15.3, "severity": 0, "alert_level": "none"}, {"day": 2, "date": "2026-06-27", "heat_index": 28.5, "wind_chill": 15.6, "severity": 0, "alert_level": "none"}, {"day": 3, "date": "2026-06-28", "heat_index": 27.9, "wind_chill": 15.4, "severity": 0, "alert_level": "none"}, {"day": 4, "date": "2026-06-29", "heat_index": 27.7, "wind_chill": 15.2, "severity": 0, "alert_level": "none"}, {"day": 5, "date": "2026-06-30", "heat_index": 28.1, "wind_chill": 15.2, "severity": 0, "alert_level": "none"}, {"day": 6, "date": "2026-07-01", "heat_index": 28.4, "wind_chill": 15.4, "severity": 0, "alert_level": "none"}]}}, {"type": "Feature", "geometry": {"type": "Polygon", "coordinates": [[[-6.873076923076923, 33.87837837837838], [-6.626923076923077, 33.87837837837838], [-6.626923076923077, 34.12162162162162], [-6.873076923076923, 34.12162162162162], [-6.873076923076923, 33.87837837837838]]]}, "properties": {"row": 8, "col": 41, "lat": 34.0, "lon": -6.75, "alert_level": "none", "severity": 0, "forecasts": [{"day": 0, "date": "2026-06-25", "heat_index": 28.7, "wind_chill": 20.2, "severity": 0, "alert_level": "none"}, {"day": 1, "date": "2026-06-26", "heat_index": 26.4, "wind_chill": 17.9, "severity": 0, "alert_level": "none"}, {"day": 2, "date": "2026-06-27", "heat_index": 27.7, "wind_chill": 19.3, "severity": 0, "alert_level": "none"}, {"day": 3, "date": "2026-06-28", "heat_index": 27.8, "wind_chill": 19.5, "severity": 0, "alert_level": "none"}, {"day": 4, "date": "2026-06-29", "heat_index": 27.9, "wind_chill": 19.7, "severity": 0, "alert_level": "none"}, {"day": 5, "date": "2026-06-30", "heat_index": 28.1, "wind_chill": 19.7, "severity": 0, "alert_level": "none"}, {"day": 6, "date": "2026-07-01", "heat_index": 28.1, "wind_chill": 19.7, "severity": 0, "alert_level": "none"}]}}, {"type": "Feature", "geometry": {"type": "Polygon", "coordinates": [[[-6.623076923076923, 33.87837837837838], [-6.376923076923077, 33.87837837837838], [-6.376923076923077, 34.12162162162162], [-6.623076923076923, 34.12162162162162], [-6.623076923076923, 33.87837837837838]]]}, "properties": {"row": 8, "col": 42, "lat": 34.0, "lon": -6.5, "alert_level": "none", "severity": 0, "forecasts": [{"day": 0, "date": "2026-06-25", "heat_index": 28.2, "wind_chill": 18.9, "severity": 0, "alert_level": "none"}, {"day": 1, "date": "2026-06-26", "heat_index": 27.4, "wind_chill": 17.6, "severity": 0, "alert_level": "none"}, {"day": 2, "date": "2026-06-27", "heat_index": 28.5, "wind_chill": 18.8, "severity": 0, "alert_level": "none"}, {"day": 3, "date": "2026-06-28", "heat_index": 28.8, "wind_chill": 19.0, "severity": 0, "alert_level": "none"}, {"day": 4, "date": "2026-06-29", "heat_index": 29.0, "wind_chill": 19.2, "severity": 0, "alert_level": "none"}, {"day": 5, "date": "2026-06-30", "heat_index": 29.1, "wind_chill": 19.3, "severity": 0, "alert_level": "none"}, {"day": 6, "date": "2026-07-01", "heat_index": 29.1, "wind_chill": 19.3, "severity": 0, "alert_level": "none"}]}}, {"type": "Feature", "geometry": {"type": "Polygon", "coordinates": [[[-6.373076923076923, 33.87837837837838], [-6.126923076923077, 33.87837837837838], [-6.126923076923077, 34.12162162162162], [-6.373076923076923, 34.12162162162162], [-6.373076923076923, 33.87837837837838]]]}, "properties": {"row": 8, "col": 43, "lat": 34.0, "lon": -6.25, "alert_level": "none", "severity": 0, "forecasts": [{"day": 0, "date": "2026-06-25", "heat_index": 29.8, "wind_chill": 17.9, "severity": 0, "alert_level": "none"}, {"day": 1, "date": "2026-06-26", "heat_index": 29.0, "wind_chill": 17.7, "severity": 0, "alert_level": "none"}, {"day": 2, "date": "2026-06-27", "heat_index": 29.7, "wind_chill": 18.3, "severity": 0, "alert_level": "none"}, {"day": 3, "date": "2026-06-28", "heat_index": 30.0, "wind_chill": 18.6, "severity": 0, "alert_level": "none"}, {"day": 4, "date": "2026-06-29", "heat_index": 30.2, "wind_chill": 18.7, "severity": 0, "alert_level": "none"}, {"day": 5, "date": "2026-06-30", "heat_index": 30.5, "wind_chill": 18.8, "severity": 0, "alert_level": "none"}, {"day": 6, "date": "2026-07-01", "heat_index": 30.7, "wind_chill": 18.9, "severity": 0, "alert_level": "none"}]}}, {"type": "Feature", "geometry": {"type": "Polygon", "coordinates": [[[-6.123076923076923, 33.87837837837838], [-5.876923076923077, 33.87837837837838], [-5.876923076923077, 34.12162162162162], [-6.123076923076923, 34.12162162162162], [-6.123076923076923, 33.87837837837838]]]}, "properties": {"row": 8, "col": 44, "lat": 34.0, "lon": -6.0, "alert_level": "none", "severity": 0, "forecasts": [{"day": 0, "date": "2026-06-25", "heat_index": 30.5, "wind_chill": 17.6, "severity": 0, "alert_level": "none"}, {"day": 1, "date": "2026-06-26", "heat_index": 30.4, "wind_chill": 17.4, "severity": 0, "alert_level": "none"}, {"day": 2, "date": "2026-06-27", "heat_index": 30.8, "wind_chill": 17.8, "severity": 0, "alert_level": "none"}, {"day": 3, "date": "2026-06-28", "heat_index": 30.9, "wind_chill": 18.2, "severity": 0, "alert_level": "none"}, {"day": 4, "date": "2026-06-29", "heat_index": 31.0, "wind_chill": 18.2, "severity": 0, "alert_level": "none"}, {"day": 5, "date": "2026-06-30", "heat_index": 31.3, "wind_chill": 18.3, "severity": 0, "alert_level": "none"}, {"day": 6, "date": "2026-07-01", "heat_index": 31.4, "wind_chill": 18.4, "severity": 0, "alert_level": "none"}]}}, {"type": "Feature", "geometry": {"type": "Polygon", "coordinates": [[[-5.873076923076923, 33.87837837837838], [-5.626923076923077, 33.87837837837838], [-5.626923076923077, 34.12162162162162], [-5.873076923076923, 34.12162162162162], [-5.873076923076923, 33.87837837837838]]]}, "properties": {"row": 8, "col": 45, "lat": 34.0, "lon": -5.75, "alert_level": "yellow", "severity": 0.3, "forecasts": [{"day": 0, "date": "2026-06-25", "heat_index": 30.3, "wind_chill": 16.7, "severity": 0, "alert_level": "none"}, {"day": 1, "date": "2026-06-26", "heat_index": 31.1, "wind_chill": 17.0, "severity": 0, "alert_level": "none"}, {"day": 2, "date": "2026-06-27", "heat_index": 31.6, "wind_chill": 17.7, "severity": 0, "alert_level": "none"}, {"day": 3, "date": "2026-06-28", "heat_index": 31.8, "wind_chill": 18.0, "severity": 0, "alert_level": "none"}, {"day": 4, "date": "2026-06-29", "heat_index": 31.9, "wind_chill": 18.1, "severity": 0, "alert_level": "none"}, {"day": 5, "date": "2026-06-30", "heat_index": 32.1, "wind_chill": 18.2, "severity": 0.1, "alert_level": "yellow"}, {"day": 6, "date": "2026-07-01", "heat_index": 32.3, "wind_chill": 18.3, "severity": 0.3, "alert_level": "yellow"}]}}, {"type": "Feature", "geometry": {"type": "Polygon", "coordinates": [[[-5.623076923076923, 33.87837837837838], [-5.376923076923077, 33.87837837837838], [-5.376923076923077, 34.12162162162162], [-5.623076923076923, 34.12162162162162], [-5.623076923076923, 33.87837837837838]]]}, "properties": {"row": 8, "col": 46, "lat": 34.0, "lon": -5.5, "alert_level": "yellow", "severity": 0.5, "forecasts": [{"day": 0, "date": "2026-06-25", "heat_index": 30.8, "wind_chill": 16.4, "severity": 0, "alert_level": "none"}, {"day": 1, "date": "2026-06-26", "heat_index": 31.2, "wind_chill": 16.6, "severity": 0, "alert_level": "none"}, {"day": 2, "date": "2026-06-27", "heat_index": 31.8, "wind_chill": 17.3, "severity": 0, "alert_level": "none"}, {"day": 3, "date": "2026-06-28", "heat_index": 32.0, "wind_chill": 17.6, "severity": 0, "alert_level": "none"}, {"day": 4, "date": "2026-06-29", "heat_index": 32.1, "wind_chill": 17.8, "severity": 0.1, "alert_level": "yellow"}, {"day": 5, "date": "2026-06-30", "heat_index": 32.3, "wind_chill": 17.9, "severity": 0.3, "alert_level": "yellow"}, {"day": 6, "date": "2026-07-01", "heat_index": 32.5, "wind_chill": 18.0, "severity": 0.5, "alert_level": "yellow"}]}}, {"type": "Feature", "geometry": {"type": "Polygon", "coordinates": [[[-5.373076923076923, 33.87837837837838], [-5.126923076923077, 33.87837837837838], [-5.126923076923077, 34.12162162162162], [-5.373076923076923, 34.12162162162162], [-5.373076923076923, 33.87837837837838]]]}, "properties": {"row": 8, "col": 47, "lat": 34.0, "lon": -5.25, "alert_level": "yellow", "severity": 0.7, "forecasts": [{"day": 0, "date": "2026-06-25", "heat_index": 31.4, "wind_chill": 16.5, "severity": 0, "alert_level": "none"}, {"day": 1, "date": "2026-06-26", "heat_index": 31.5, "wind_chill": 16.7, "severity": 0, "alert_level": "none"}, {"day": 2, "date": "2026-06-27", "heat_index": 32.0, "wind_chill": 17.5, "severity": 0, "alert_level": "none"}, {"day": 3, "date": "2026-06-28", "heat_index": 32.1, "wind_chill": 17.8, "severity": 0.1, "alert_level": "yellow"}, {"day": 4, "date": "2026-06-29", "heat_index": 32.2, "wind_chill": 17.9, "severity": 0.2, "alert_level": "yellow"}, {"day": 5, "date": "2026-06-30", "heat_index": 32.5, "wind_chill": 18.1, "severity": 0.5, "alert_level": "yellow"}, {"day": 6, "date": "2026-07-01", "heat_index": 32.7, "wind_chill": 18.2, "severity": 0.7, "alert_level": "yellow"}]}}, {"type": "Feature", "geometry": {"type": "Polygon", "coordinates": [[[-5.123076923076923, 33.87837837837838], [-4.876923076923077, 33.87837837837838], [-4.876923076923077, 34.12162162162162], [-5.123076923076923, 34.12162162162162], [-5.123076923076923, 33.87837837837838]]]}, "properties": {"row": 8, "col": 48, "lat": 34.0, "lon": -5.0, "alert_level": "yellow", "severity": 0.5, "forecasts": [{"day": 0, "date": "2026-06-25", "heat_index": 31.1, "wind_chill": 16.1, "severity": 0, "alert_level": "none"}, {"day": 1, "date": "2026-06-26", "heat_index": 31.2, "wind_chill": 16.6, "severity": 0, "alert_level": "none"}, {"day": 2, "date": "2026-06-27", "heat_index": 31.6, "wind_chill": 17.4, "severity": 0, "alert_level": "none"}, {"day": 3, "date": "2026-06-28", "heat_index": 31.8, "wind_chill": 17.7, "severity": 0, "alert_level": "none"}, {"day": 4, "date": "2026-06-29", "heat_index": 32.0, "wind_chill": 17.9, "severity": 0.0, "alert_level": "yellow"}, {"day": 5, "date": "2026-06-30", "heat_index": 32.3, "wind_chill": 18.1, "severity": 0.3, "alert_level": "yellow"}, {"day": 6, "date": "2026-07-01", "heat_index": 32.5, "wind_chill": 18.2, "severity": 0.5, "alert_level": "yellow"}]}}, {"type": "Feature", "geometry": {"type": "Polygon", "coordinates": [[[-4.873076923076923, 33.87837837837838], [-4.626923076923077, 33.87837837837838], [-4.626923076923077, 34.12162162162162], [-4.873076923076923, 34.12162162162162], [-4.873076923076923, 33.87837837837838]]]}, "properties": {"row": 8, "col": 49, "lat": 34.0, "lon": -4.75, "alert_level": "yellow", "severity": 0.4, "forecasts": [{"day": 0, "date": "2026-06-25", "heat_index": 31.0, "wind_chill": 16.1, "severity": 0, "alert_level": "none"}, {"day": 1, "date": "2026-06-26", "heat_index": 31.0, "wind_chill": 16.5, "severity": 0, "alert_level": "none"}, {"day": 2, "date": "2026-06-27", "heat_index": 31.4, "wind_chill": 17.2, "severity": 0, "alert_level": "none"}, {"day": 3, "date": "2026-06-28", "heat_index": 31.6, "wind_chill": 17.5, "severity": 0, "alert_level": "none"}, {"day": 4, "date": "2026-06-29", "heat_index": 31.8, "wind_chill": 17.7, "severity": 0, "alert_level": "none"}, {"day": 5, "date": "2026-06-30", "heat_index": 32.1, "wind_chill": 17.9, "severity": 0.1, "alert_level": "yellow"}, {"day": 6, "date": "2026-07-01", "heat_index": 32.4, "wind_chill": 18.1, "severity": 0.4, "alert_level": "yellow"}]}}, {"type": "Feature", "geometry": {"type": "Polygon", "coordinates": [[[-4.623076923076923, 33.87837837837838], [-4.376923076923077, 33.87837837837838], [-4.376923076923077, 34.12162162162162], [-4.623076923076923, 34.12162162162162], [-4.623076923076923, 33.87837837837838]]]}, "properties": {"row": 8, "col": 50, "lat": 34.0, "lon": -4.5, "alert_level": "none", "severity": 0, "forecasts": [{"day": 0, "date": "2026-06-25", "heat_index": 30.8, "wind_chill": 16.0, "severity": 0, "alert_level": "none"}, {"day": 1, "date": "2026-06-26", "heat_index": 30.7, "wind_chill": 16.3, "severity": 0, "alert_level": "none"}, {"day": 2, "date": "2026-06-27", "heat_index": 31.0, "wind_chill": 17.0, "severity": 0, "alert_level": "none"}, {"day": 3, "date": "2026-06-28", "heat_index": 31.1, "wind_chill": 17.3, "severity": 0, "alert_level": "none"}, {"day": 4, "date": "2026-06-29", "heat_index": 31.4, "wind_chill": 17.5, "severity": 0, "alert_level": "none"}, {"day": 5, "date": "2026-06-30", "heat_index": 31.7, "wind_chill": 17.7, "severity": 0, "alert_level": "none"}, {"day": 6, "date": "2026-07-01", "heat_index": 32.0, "wind_chill": 17.9, "severity": 0, "alert_level": "none"}]}}, {"type": "Feature", "geometry": {"type": "Polygon", "coordinates": [[[-4.373076923076923, 33.87837837837838], [-4.126923076923077, 33.87837837837838], [-4.126923076923077, 34.12162162162162], [-4.373076923076923, 34.12162162162162], [-4.373076923076923, 33.87837837837838]]]}, "properties": {"row": 8, "col": 51, "lat": 34.0, "lon": -4.25, "alert_level": "none", "severity": 0, "forecasts": [{"day": 0, "date": "2026-06-25", "heat_index": 29.4, "wind_chill": 15.3, "severity": 0, "alert_level": "none"}, {"day": 1, "date": "2026-06-26", "heat_index": 29.8, "wind_chill": 15.7, "severity": 0, "alert_level": "none"}, {"day": 2, "date": "2026-06-27", "heat_index": 30.2, "wind_chill": 16.4, "severity": 0, "alert_level": "none"}, {"day": 3, "date": "2026-06-28", "heat_index": 30.2, "wind_chill": 16.6, "severity": 0, "alert_level": "none"}, {"day": 4, "date": "2026-06-29", "heat_index": 30.4, "wind_chill": 16.8, "severity": 0, "alert_level": "none"}, {"day": 5, "date": "2026-06-30", "heat_index": 30.8, "wind_chill": 17.0, "severity": 0, "alert_level": "none"}, {"day": 6, "date": "2026-07-01", "heat_index": 31.0, "wind_chill": 17.2, "severity": 0, "alert_level": "none"}]}}, {"type": "Feature", "geometry": {"type": "Polygon", "coordinates": [[[-4.123076923076923, 33.87837837837838], [-3.876923076923077, 33.87837837837838], [-3.876923076923077, 34.12162162162162], [-4.123076923076923, 34.12162162162162], [-4.123076923076923, 33.87837837837838]]]}, "properties": {"row": 8, "col": 52, "lat": 34.0, "lon": -4.0, "alert_level": "none", "severity": 0, "forecasts": [{"day": 0, "date": "2026-06-25", "heat_index": 28.7, "wind_chill": 14.9, "severity": 0, "alert_level": "none"}, {"day": 1, "date": "2026-06-26", "heat_index": 29.2, "wind_chill": 15.3, "severity": 0, "alert_level": "none"}, {"day": 2, "date": "2026-06-27", "heat_index": 29.5, "wind_chill": 15.6, "severity": 0, "alert_level": "none"}, {"day": 3, "date": "2026-06-28", "heat_index": 29.5, "wind_chill": 15.8, "severity": 0, "alert_level": "none"}, {"day": 4, "date": "2026-06-29", "heat_index": 29.7, "wind_chill": 16.0, "severity": 0, "alert_level": "none"}, {"day": 5, "date": "2026-06-30", "heat_index": 30.0, "wind_chill": 16.2, "severity": 0, "alert_level": "none"}, {"day": 6, "date": "2026-07-01", "heat_index": 30.2, "wind_chill": 16.3, "severity": 0, "alert_level": "none"}]}}, {"type": "Feature", "geometry": {"type": "Polygon", "coordinates": [[[-3.873076923076923, 33.87837837837838], [-3.626923076923077, 33.87837837837838], [-3.626923076923077, 34.12162162162162], [-3.873076923076923, 34.12162162162162], [-3.873076923076923, 33.87837837837838]]]}, "properties": {"row": 8, "col": 53, "lat": 34.0, "lon": -3.75, "alert_level": "none", "severity": 0, "forecasts": [{"day": 0, "date": "2026-06-25", "heat_index": 30.5, "wind_chill": 16.1, "severity": 0, "alert_level": "none"}, {"day": 1, "date": "2026-06-26", "heat_index": 30.7, "wind_chill": 16.4, "severity": 0, "alert_level": "none"}, {"day": 2, "date": "2026-06-27", "heat_index": 30.8, "wind_chill": 16.7, "severity": 0, "alert_level": "none"}, {"day": 3, "date": "2026-06-28", "heat_index": 30.8, "wind_chill": 16.8, "severity": 0, "alert_level": "none"}, {"day": 4, "date": "2026-06-29", "heat_index": 30.9, "wind_chill": 16.9, "severity": 0, "alert_level": "none"}, {"day": 5, "date": "2026-06-30", "heat_index": 31.2, "wind_chill": 17.0, "severity": 0, "alert_level": "none"}, {"day": 6, "date": "2026-07-01", "heat_index": 31.4, "wind_chill": 17.2, "severity": 0, "alert_level": "none"}]}}, {"type": "Feature", "geometry": {"type": "Polygon", "coordinates": [[[-3.623076923076923, 33.87837837837838], [-3.376923076923077, 33.87837837837838], [-3.376923076923077, 34.12162162162162], [-3.623076923076923, 34.12162162162162], [-3.623076923076923, 33.87837837837838]]]}, "properties": {"row": 8, "col": 54, "lat": 34.0, "lon": -3.5, "alert_level": "yellow", "severity": 1.6, "forecasts": [{"day": 0, "date": "2026-06-25", "heat_index": 32.6, "wind_chill": 17.5, "severity": 0.6, "alert_level": "yellow"}, {"day": 1, "date": "2026-06-26", "heat_index": 32.7, "wind_chill": 18.0, "severity": 0.7, "alert_level": "yellow"}, {"day": 2, "date": "2026-06-27", "heat_index": 32.9, "wind_chill": 18.5, "severity": 0.9, "alert_level": "yellow"}, {"day": 3, "date": "2026-06-28", "heat_index": 33.0, "wind_chill": 18.6, "severity": 1.0, "alert_level": "yellow"}, {"day": 4, "date": "2026-06-29", "heat_index": 33.1, "wind_chill": 18.7, "severity": 1.1, "alert_level": "yellow"}, {"day": 5, "date": "2026-06-30", "heat_index": 33.4, "wind_chill": 18.9, "severity": 1.4, "alert_level": "yellow"}, {"day": 6, "date": "2026-07-01", "heat_index": 33.6, "wind_chill": 19.0, "severity": 1.6, "alert_level": "yellow"}]}}, {"type": "Feature", "geometry": {"type": "Polygon", "coordinates": [[[-3.373076923076923, 33.87837837837838], [-3.126923076923077, 33.87837837837838], [-3.126923076923077, 34.12162162162162], [-3.373076923076923, 34.12162162162162], [-3.373076923076923, 33.87837837837838]]]}, "properties": {"row": 8, "col": 55, "lat": 34.0, "lon": -3.25, "alert_level": "orange", "severity": 2.2, "forecasts": [{"day": 0, "date": "2026-06-25", "heat_index": 32.8, "wind_chill": 18.0, "severity": 0.8, "alert_level": "yellow"}, {"day": 1, "date": "2026-06-26", "heat_index": 33.0, "wind_chill": 18.3, "severity": 1.0, "alert_level": "yellow"}, {"day": 2, "date": "2026-06-27", "heat_index": 33.4, "wind_chill": 18.9, "severity": 1.4, "alert_level": "yellow"}, {"day": 3, "date": "2026-06-28", "heat_index": 33.6, "wind_chill": 19.1, "severity": 1.6, "alert_level": "yellow"}, {"day": 4, "date": "2026-06-29", "heat_index": 33.7, "wind_chill": 19.2, "severity": 1.7, "alert_level": "yellow"}, {"day": 5, "date": "2026-06-30", "heat_index": 34.0, "wind_chill": 19.4, "severity": 2.0, "alert_level": "orange"}, {"day": 6, "date": "2026-07-01", "heat_index": 34.2, "wind_chill": 19.5, "severity": 2.2, "alert_level": "orange"}]}}, {"type": "Feature", "geometry": {"type": "Polygon", "coordinates": [[[-3.123076923076923, 33.87837837837838], [-2.876923076923077, 33.87837837837838], [-2.876923076923077, 34.12162162162162], [-3.123076923076923, 34.12162162162162], [-3.123076923076923, 33.87837837837838]]]}, "properties": {"row": 8, "col": 56, "lat": 34.0, "lon": -3.0, "alert_level": "yellow", "severity": 1.3, "forecasts": [{"day": 0, "date": "2026-06-25", "heat_index": 32.4, "wind_chill": 17.6, "severity": 0.4, "alert_level": "yellow"}, {"day": 1, "date": "2026-06-26", "heat_index": 32.3, "wind_chill": 17.6, "severity": 0.3, "alert_level": "yellow"}, {"day": 2, "date": "2026-06-27", "heat_index": 32.6, "wind_chill": 18.0, "severity": 0.6, "alert_level": "yellow"}, {"day": 3, "date": "2026-06-28", "heat_index": 32.7, "wind_chill": 18.3, "severity": 0.7, "alert_level": "yellow"}, {"day": 4, "date": "2026-06-29", "heat_index": 32.8, "wind_chill": 18.4, "severity": 0.8, "alert_level": "yellow"}, {"day": 5, "date": "2026-06-30", "heat_index": 33.1, "wind_chill": 18.6, "severity": 1.1, "alert_level": "yellow"}, {"day": 6, "date": "2026-07-01", "heat_index": 33.3, "wind_chill": 18.7, "severity": 1.3, "alert_level": "yellow"}]}}, {"type": "Feature", "geometry": {"type": "Polygon", "coordinates": [[[-2.873076923076923, 33.87837837837838], [-2.626923076923077, 33.87837837837838], [-2.626923076923077, 34.12162162162162], [-2.873076923076923, 34.12162162162162], [-2.873076923076923, 33.87837837837838]]]}, "properties": {"row": 8, "col": 57, "lat": 34.0, "lon": -2.75, "alert_level": "yellow", "severity": 0.2, "forecasts": [{"day": 0, "date": "2026-06-25", "heat_index": 32.2, "wind_chill": 16.8, "severity": 0.2, "alert_level": "yellow"}, {"day": 1, "date": "2026-06-26", "heat_index": 31.7, "wind_chill": 16.8, "severity": 0, "alert_level": "none"}, {"day": 2, "date": "2026-06-27", "heat_index": 31.7, "wind_chill": 17.1, "severity": 0, "alert_level": "none"}, {"day": 3, "date": "2026-06-28", "heat_index": 31.6, "wind_chill": 17.3, "severity": 0, "alert_level": "none"}, {"day": 4, "date": "2026-06-29", "heat_index": 31.6, "wind_chill": 17.3, "severity": 0, "alert_level": "none"}, {"day": 5, "date": "2026-06-30", "heat_index": 31.7, "wind_chill": 17.4, "severity": 0, "alert_level": "none"}, {"day": 6, "date": "2026-07-01", "heat_index": 31.9, "wind_chill": 17.6, "severity": 0, "alert_level": "none"}]}}, {"type": "Feature", "geometry": {"type": "Polygon", "coordinates": [[[-2.623076923076923, 33.87837837837838], [-2.376923076923077, 33.87837837837838], [-2.376923076923077, 34.12162162162162], [-2.623076923076923, 34.12162162162162], [-2.623076923076923, 33.87837837837838]]]}, "properties": {"row": 8, "col": 58, "lat": 34.0, "lon": -2.5, "alert_level": "yellow", "severity": 0.6, "forecasts": [{"day": 0, "date": "2026-06-25", "heat_index": 32.6, "wind_chill": 16.6, "severity": 0.6, "alert_level": "yellow"}, {"day": 1, "date": "2026-06-26", "heat_index": 31.5, "wind_chill": 16.5, "severity": 0, "alert_level": "none"}, {"day": 2, "date": "2026-06-27", "heat_index": 31.2, "wind_chill": 16.8, "severity": 0, "alert_level": "none"}, {"day": 3, "date": "2026-06-28", "heat_index": 30.9, "wind_chill": 16.8, "severity": 0, "alert_level": "none"}, {"day": 4, "date": "2026-06-29", "heat_index": 30.7, "wind_chill": 16.7, "severity": 0, "alert_level": "none"}, {"day": 5, "date": "2026-06-30", "heat_index": 30.8, "wind_chill": 16.8, "severity": 0, "alert_level": "none"}, {"day": 6, "date": "2026-07-01", "heat_index": 31.0, "wind_chill": 16.9, "severity": 0, "alert_level": "none"}]}}, {"type": "Feature", "geometry": {"type": "Polygon", "coordinates": [[[-2.373076923076923, 33.87837837837838], [-2.126923076923077, 33.87837837837838], [-2.126923076923077, 34.12162162162162], [-2.373076923076923, 34.12162162162162], [-2.373076923076923, 33.87837837837838]]]}, "properties": {"row": 8, "col": 59, "lat": 34.0, "lon": -2.25, "alert_level": "yellow", "severity": 0.2, "forecasts": [{"day": 0, "date": "2026-06-25", "heat_index": 32.2, "wind_chill": 16.5, "severity": 0.2, "alert_level": "yellow"}, {"day": 1, "date": "2026-06-26", "heat_index": 30.7, "wind_chill": 16.1, "severity": 0, "alert_level": "none"}, {"day": 2, "date": "2026-06-27", "heat_index": 30.3, "wind_chill": 16.1, "severity": 0, "alert_level": "none"}, {"day": 3, "date": "2026-06-28", "heat_index": 29.7, "wind_chill": 16.0, "severity": 0, "alert_level": "none"}, {"day": 4, "date": "2026-06-29", "heat_index": 29.4, "wind_chill": 15.8, "severity": 0, "alert_level": "none"}, {"day": 5, "date": "2026-06-30", "heat_index": 29.6, "wind_chill": 15.8, "severity": 0, "alert_level": "none"}, {"day": 6, "date": "2026-07-01", "heat_index": 29.8, "wind_chill": 15.9, "severity": 0, "alert_level": "none"}]}}, {"type": "Feature", "geometry": {"type": "Polygon", "coordinates": [[[-2.123076923076923, 33.87837837837838], [-1.876923076923077, 33.87837837837838], [-1.876923076923077, 34.12162162162162], [-2.123076923076923, 34.12162162162162], [-2.123076923076923, 33.87837837837838]]]}, "properties": {"row": 8, "col": 60, "lat": 34.0, "lon": -2.0, "alert_level": "none", "severity": 0, "forecasts": [{"day": 0, "date": "2026-06-25", "heat_index": 31.2, "wind_chill": 15.6, "severity": 0, "alert_level": "none"}, {"day": 1, "date": "2026-06-26", "heat_index": 29.0, "wind_chill": 14.7, "severity": 0, "alert_level": "none"}, {"day": 2, "date": "2026-06-27", "heat_index": 28.5, "wind_chill": 14.6, "severity": 0, "alert_level": "none"}, {"day": 3, "date": "2026-06-28", "heat_index": 28.1, "wind_chill": 14.5, "severity": 0, "alert_level": "none"}, {"day": 4, "date": "2026-06-29", "heat_index": 28.0, "wind_chill": 14.4, "severity": 0, "alert_level": "none"}, {"day": 5, "date": "2026-06-30", "heat_index": 28.3, "wind_chill": 14.5, "severity": 0, "alert_level": "none"}, {"day": 6, "date": "2026-07-01", "heat_index": 28.7, "wind_chill": 14.7, "severity": 0, "alert_level": "none"}]}}, {"type": "Feature", "geometry": {"type": "Polygon", "coordinates": [[[-1.873076923076923, 33.87837837837838], [-1.626923076923077, 33.87837837837838], [-1.626923076923077, 34.12162162162162], [-1.873076923076923, 34.12162162162162], [-1.873076923076923, 33.87837837837838]]]}, "properties": {"row": 8, "col": 61, "lat": 34.0, "lon": -1.75, "alert_level": "none", "severity": 0, "forecasts": [{"day": 0, "date": "2026-06-25", "heat_index": 28.8, "wind_chill": 14.8, "severity": 0, "alert_level": "none"}, {"day": 1, "date": "2026-06-26", "heat_index": 28.0, "wind_chill": 14.5, "severity": 0, "alert_level": "none"}, {"day": 2, "date": "2026-06-27", "heat_index": 28.1, "wind_chill": 15.0, "severity": 0, "alert_level": "none"}, {"day": 3, "date": "2026-06-28", "heat_index": 27.6, "wind_chill": 14.9, "severity": 0, "alert_level": "none"}, {"day": 4, "date": "2026-06-29", "heat_index": 27.6, "wind_chill": 14.8, "severity": 0, "alert_level": "none"}, {"day": 5, "date": "2026-06-30", "heat_index": 28.0, "wind_chill": 14.9, "severity": 0, "alert_level": "none"}, {"day": 6, "date": "2026-07-01", "heat_index": 28.5, "wind_chill": 15.2, "severity": 0, "alert_level": "none"}]}}, {"type": "Feature", "geometry": {"type": "Polygon", "coordinates": [[[-7.373076923076923, 33.62837837837838], [-7.126923076923077, 33.62837837837838], [-7.126923076923077, 33.87162162162162], [-7.373076923076923, 33.87162162162162], [-7.373076923076923, 33.62837837837838]]]}, "properties": {"row": 9, "col": 39, "lat": 33.75, "lon": -7.25, "alert_level": "none", "severity": 0, "forecasts": [{"day": 0, "date": "2026-06-25", "heat_index": 27.0, "wind_chill": 19.2, "severity": 0, "alert_level": "none"}, {"day": 1, "date": "2026-06-26", "heat_index": 24.1, "wind_chill": 17.8, "severity": 0, "alert_level": "none"}, {"day": 2, "date": "2026-06-27", "heat_index": 24.5, "wind_chill": 18.7, "severity": 0, "alert_level": "none"}, {"day": 3, "date": "2026-06-28", "heat_index": 24.6, "wind_chill": 18.6, "severity": 0, "alert_level": "none"}, {"day": 4, "date": "2026-06-29", "heat_index": 24.8, "wind_chill": 18.8, "severity": 0, "alert_level": "none"}, {"day": 5, "date": "2026-06-30", "heat_index": 24.9, "wind_chill": 18.9, "severity": 0, "alert_level": "none"}, {"day": 6, "date": "2026-07-01", "heat_index": 25.0, "wind_chill": 18.9, "severity": 0, "alert_level": "none"}]}}, {"type": "Feature", "geometry": {"type": "Polygon", "coordinates": [[[-7.123076923076923, 33.62837837837838], [-6.876923076923077, 33.62837837837838], [-6.876923076923077, 33.87162162162162], [-7.123076923076923, 33.87162162162162], [-7.123076923076923, 33.62837837837838]]]}, "properties": {"row": 9, "col": 40, "lat": 33.75, "lon": -7.0, "alert_level": "none", "severity": 0, "forecasts": [{"day": 0, "date": "2026-06-25", "heat_index": 29.3, "wind_chill": 20.0, "severity": 0, "alert_level": "none"}, {"day": 1, "date": "2026-06-26", "heat_index": 26.6, "wind_chill": 18.0, "severity": 0, "alert_level": "none"}, {"day": 2, "date": "2026-06-27", "heat_index": 26.6, "wind_chill": 18.4, "severity": 0, "alert_level": "none"}, {"day": 3, "date": "2026-06-28", "heat_index": 26.9, "wind_chill": 18.5, "severity": 0, "alert_level": "none"}, {"day": 4, "date": "2026-06-29", "heat_index": 27.0, "wind_chill": 18.7, "severity": 0, "alert_level": "none"}, {"day": 5, "date": "2026-06-30", "heat_index": 27.0, "wind_chill": 18.7, "severity": 0, "alert_level": "none"}, {"day": 6, "date": "2026-07-01", "heat_index": 26.9, "wind_chill": 18.7, "severity": 0, "alert_level": "none"}]}}, {"type": "Feature", "geometry": {"type": "Polygon", "coordinates": [[[-6.873076923076923, 33.62837837837838], [-6.626923076923077, 33.62837837837838], [-6.626923076923077, 33.87162162162162], [-6.873076923076923, 33.87162162162162], [-6.873076923076923, 33.62837837837838]]]}, "properties": {"row": 9, "col": 41, "lat": 33.75, "lon": -6.75, "alert_level": "none", "severity": 0, "forecasts": [{"day": 0, "date": "2026-06-25", "heat_index": 28.0, "wind_chill": 18.5, "severity": 0, "alert_level": "none"}, {"day": 1, "date": "2026-06-26", "heat_index": 26.3, "wind_chill": 17.2, "severity": 0, "alert_level": "none"}, {"day": 2, "date": "2026-06-27", "heat_index": 27.5, "wind_chill": 17.8, "severity": 0, "alert_level": "none"}, {"day": 3, "date": "2026-06-28", "heat_index": 27.8, "wind_chill": 17.9, "severity": 0, "alert_level": "none"}, {"day": 4, "date": "2026-06-29", "heat_index": 28.0, "wind_chill": 18.0, "severity": 0, "alert_level": "none"}, {"day": 5, "date": "2026-06-30", "heat_index": 28.1, "wind_chill": 18.0, "severity": 0, "alert_level": "none"}, {"day": 6, "date": "2026-07-01", "heat_index": 28.2, "wind_chill": 18.1, "severity": 0, "alert_level": "none"}]}}, {"type": "Feature", "geometry": {"type": "Polygon", "coordinates": [[[-6.623076923076923, 33.62837837837838], [-6.376923076923077, 33.62837837837838], [-6.376923076923077, 33.87162162162162], [-6.623076923076923, 33.87162162162162], [-6.623076923076923, 33.62837837837838]]]}, "properties": {"row": 9, "col": 42, "lat": 33.75, "lon": -6.5, "alert_level": "none", "severity": 0, "forecasts": [{"day": 0, "date": "2026-06-25", "heat_index": 29.2, "wind_chill": 18.8, "severity": 0, "alert_level": "none"}, {"day": 1, "date": "2026-06-26", "heat_index": 28.6, "wind_chill": 17.8, "severity": 0, "alert_level": "none"}, {"day": 2, "date": "2026-06-27", "heat_index": 29.4, "wind_chill": 18.3, "severity": 0, "alert_level": "none"}, {"day": 3, "date": "2026-06-28", "heat_index": 29.8, "wind_chill": 18.7, "severity": 0, "alert_level": "none"}, {"day": 4, "date": "2026-06-29", "heat_index": 30.0, "wind_chill": 18.8, "severity": 0, "alert_level": "none"}, {"day": 5, "date": "2026-06-30", "heat_index": 30.2, "wind_chill": 18.9, "severity": 0, "alert_level": "none"}, {"day": 6, "date": "2026-07-01", "heat_index": 30.4, "wind_chill": 19.0, "severity": 0, "alert_level": "none"}]}}, {"type": "Feature", "geometry": {"type": "Polygon", "coordinates": [[[-6.373076923076923, 33.62837837837838], [-6.126923076923077, 33.62837837837838], [-6.126923076923077, 33.87162162162162], [-6.373076923076923, 33.87162162162162], [-6.373076923076923, 33.62837837837838]]]}, "properties": {"row": 9, "col": 43, "lat": 33.75, "lon": -6.25, "alert_level": "none", "severity": 0, "forecasts": [{"day": 0, "date": "2026-06-25", "heat_index": 29.4, "wind_chill": 16.9, "severity": 0, "alert_level": "none"}, {"day": 1, "date": "2026-06-26", "heat_index": 29.8, "wind_chill": 16.7, "severity": 0, "alert_level": "none"}, {"day": 2, "date": "2026-06-27", "heat_index": 30.0, "wind_chill": 17.0, "severity": 0, "alert_level": "none"}, {"day": 3, "date": "2026-06-28", "heat_index": 30.2, "wind_chill": 17.4, "severity": 0, "alert_level": "none"}, {"day": 4, "date": "2026-06-29", "heat_index": 30.2, "wind_chill": 17.4, "severity": 0, "alert_level": "none"}, {"day": 5, "date": "2026-06-30", "heat_index": 30.4, "wind_chill": 17.4, "severity": 0, "alert_level": "none"}, {"day": 6, "date": "2026-07-01", "heat_index": 30.7, "wind_chill": 17.6, "severity": 0, "alert_level": "none"}]}}, {"type": "Feature", "geometry": {"type": "Polygon", "coordinates": [[[-6.123076923076923, 33.62837837837838], [-5.876923076923077, 33.62837837837838], [-5.876923076923077, 33.87162162162162], [-6.123076923076923, 33.87162162162162], [-6.123076923076923, 33.62837837837838]]]}, "properties": {"row": 9, "col": 44, "lat": 33.75, "lon": -6.0, "alert_level": "none", "severity": 0, "forecasts": [{"day": 0, "date": "2026-06-25", "heat_index": 29.6, "wind_chill": 16.1, "severity": 0, "alert_level": "none"}, {"day": 1, "date": "2026-06-26", "heat_index": 30.1, "wind_chill": 16.0, "severity": 0, "alert_level": "none"}, {"day": 2, "date": "2026-06-27", "heat_index": 30.5, "wind_chill": 16.4, "severity": 0, "alert_level": "none"}, {"day": 3, "date": "2026-06-28", "heat_index": 30.5, "wind_chill": 16.7, "severity": 0, "alert_level": "none"}, {"day": 4, "date": "2026-06-29", "heat_index": 30.5, "wind_chill": 16.7, "severity": 0, "alert_level": "none"}, {"day": 5, "date": "2026-06-30", "heat_index": 30.6, "wind_chill": 16.8, "severity": 0, "alert_level": "none"}, {"day": 6, "date": "2026-07-01", "heat_index": 30.8, "wind_chill": 16.9, "severity": 0, "alert_level": "none"}]}}, {"type": "Feature", "geometry": {"type": "Polygon", "coordinates": [[[-5.873076923076923, 33.62837837837838], [-5.626923076923077, 33.62837837837838], [-5.626923076923077, 33.87162162162162], [-5.873076923076923, 33.87162162162162], [-5.873076923076923, 33.62837837837838]]]}, "properties": {"row": 9, "col": 45, "lat": 33.75, "lon": -5.75, "alert_level": "none", "severity": 0, "forecasts": [{"day": 0, "date": "2026-06-25", "heat_index": 28.9, "wind_chill": 15.1, "severity": 0, "alert_level": "none"}, {"day": 1, "date": "2026-06-26", "heat_index": 29.7, "wind_chill": 15.4, "severity": 0, "alert_level": "none"}, {"day": 2, "date": "2026-06-27", "heat_index": 30.2, "wind_chill": 16.0, "severity": 0, "alert_level": "none"}, {"day": 3, "date": "2026-06-28", "heat_index": 30.4, "wind_chill": 16.3, "severity": 0, "alert_level": "none"}, {"day": 4, "date": "2026-06-29", "heat_index": 30.4, "wind_chill": 16.4, "severity": 0, "alert_level": "none"}, {"day": 5, "date": "2026-06-30", "heat_index": 30.5, "wind_chill": 16.5, "severity": 0, "alert_level": "none"}, {"day": 6, "date": "2026-07-01", "heat_index": 30.8, "wind_chill": 16.6, "severity": 0, "alert_level": "none"}]}}, {"type": "Feature", "geometry": {"type": "Polygon", "coordinates": [[[-5.623076923076923, 33.62837837837838], [-5.376923076923077, 33.62837837837838], [-5.376923076923077, 33.87162162162162], [-5.623076923076923, 33.87162162162162], [-5.623076923076923, 33.62837837837838]]]}, "properties": {"row": 9, "col": 46, "lat": 33.75, "lon": -5.5, "alert_level": "none", "severity": 0, "forecasts": [{"day": 0, "date": "2026-06-25", "heat_index": 29.3, "wind_chill": 14.9, "severity": 0, "alert_level": "none"}, {"day": 1, "date": "2026-06-26", "heat_index": 29.8, "wind_chill": 15.2, "severity": 0, "alert_level": "none"}, {"day": 2, "date": "2026-06-27", "heat_index": 30.3, "wind_chill": 15.9, "severity": 0, "alert_level": "none"}, {"day": 3, "date": "2026-06-28", "heat_index": 30.4, "wind_chill": 16.1, "severity": 0, "alert_level": "none"}, {"day": 4, "date": "2026-06-29", "heat_index": 30.4, "wind_chill": 16.2, "severity": 0, "alert_level": "none"}, {"day": 5, "date": "2026-06-30", "heat_index": 30.6, "wind_chill": 16.3, "severity": 0, "alert_level": "none"}, {"day": 6, "date": "2026-07-01", "heat_index": 30.8, "wind_chill": 16.5, "severity": 0, "alert_level": "none"}]}}, {"type": "Feature", "geometry": {"type": "Polygon", "coordinates": [[[-5.373076923076923, 33.62837837837838], [-5.126923076923077, 33.62837837837838], [-5.126923076923077, 33.87162162162162], [-5.373076923076923, 33.87162162162162], [-5.373076923076923, 33.62837837837838]]]}, "properties": {"row": 9, "col": 47, "lat": 33.75, "lon": -5.25, "alert_level": "none", "severity": 0, "forecasts": [{"day": 0, "date": "2026-06-25", "heat_index": 28.8, "wind_chill": 14.3, "severity": 0, "alert_level": "none"}, {"day": 1, "date": "2026-06-26", "heat_index": 29.3, "wind_chill": 14.9, "severity": 0, "alert_level": "none"}, {"day": 2, "date": "2026-06-27", "heat_index": 29.8, "wind_chill": 15.5, "severity": 0, "alert_level": "none"}, {"day": 3, "date": "2026-06-28", "heat_index": 29.9, "wind_chill": 15.7, "severity": 0, "alert_level": "none"}, {"day": 4, "date": "2026-06-29", "heat_index": 30.0, "wind_chill": 15.8, "severity": 0, "alert_level": "none"}, {"day": 5, "date": "2026-06-30", "heat_index": 30.3, "wind_chill": 16.0, "severity": 0, "alert_level": "none"}, {"day": 6, "date": "2026-07-01", "heat_index": 30.5, "wind_chill": 16.1, "severity": 0, "alert_level": "none"}]}}, {"type": "Feature", "geometry": {"type": "Polygon", "coordinates": [[[-5.123076923076923, 33.62837837837838], [-4.876923076923077, 33.62837837837838], [-4.876923076923077, 33.87162162162162], [-5.123076923076923, 33.87162162162162], [-5.123076923076923, 33.62837837837838]]]}, "properties": {"row": 9, "col": 48, "lat": 33.75, "lon": -5.0, "alert_level": "none", "severity": 0, "forecasts": [{"day": 0, "date": "2026-06-25", "heat_index": 27.9, "wind_chill": 13.6, "severity": 0, "alert_level": "none"}, {"day": 1, "date": "2026-06-26", "heat_index": 28.3, "wind_chill": 14.1, "severity": 0, "alert_level": "none"}, {"day": 2, "date": "2026-06-27", "heat_index": 28.8, "wind_chill": 14.6, "severity": 0, "alert_level": "none"}, {"day": 3, "date": "2026-06-28", "heat_index": 28.9, "wind_chill": 14.8, "severity": 0, "alert_level": "none"}, {"day": 4, "date": "2026-06-29", "heat_index": 29.1, "wind_chill": 15.0, "severity": 0, "alert_level": "none"}, {"day": 5, "date": "2026-06-30", "heat_index": 29.4, "wind_chill": 15.1, "severity": 0, "alert_level": "none"}, {"day": 6, "date": "2026-07-01", "heat_index": 29.6, "wind_chill": 15.3, "severity": 0, "alert_level": "none"}]}}, {"type": "Feature", "geometry": {"type": "Polygon", "coordinates": [[[-4.873076923076923, 33.62837837837838], [-4.626923076923077, 33.62837837837838], [-4.626923076923077, 33.87162162162162], [-4.873076923076923, 33.87162162162162], [-4.873076923076923, 33.62837837837838]]]}, "properties": {"row": 9, "col": 49, "lat": 33.75, "lon": -4.75, "alert_level": "none", "severity": 0, "forecasts": [{"day": 0, "date": "2026-06-25", "heat_index": 27.8, "wind_chill": 13.5, "severity": 0, "alert_level": "none"}, {"day": 1, "date": "2026-06-26", "heat_index": 28.3, "wind_chill": 14.0, "severity": 0, "alert_level": "none"}, {"day": 2, "date": "2026-06-27", "heat_index": 28.6, "wind_chill": 14.3, "severity": 0, "alert_level": "none"}, {"day": 3, "date": "2026-06-28", "heat_index": 28.8, "wind_chill": 14.6, "severity": 0, "alert_level": "none"}, {"day": 4, "date": "2026-06-29", "heat_index": 29.0, "wind_chill": 14.8, "severity": 0, "alert_level": "none"}, {"day": 5, "date": "2026-06-30", "heat_index": 29.3, "wind_chill": 15.0, "severity": 0, "alert_level": "none"}, {"day": 6, "date": "2026-07-01", "heat_index": 29.5, "wind_chill": 15.1, "severity": 0, "alert_level": "none"}]}}, {"type": "Feature", "geometry": {"type": "Polygon", "coordinates": [[[-4.623076923076923, 33.62837837837838], [-4.376923076923077, 33.62837837837838], [-4.376923076923077, 33.87162162162162], [-4.623076923076923, 33.87162162162162], [-4.623076923076923, 33.62837837837838]]]}, "properties": {"row": 9, "col": 50, "lat": 33.75, "lon": -4.5, "alert_level": "none", "severity": 0, "forecasts": [{"day": 0, "date": "2026-06-25", "heat_index": 29.0, "wind_chill": 14.7, "severity": 0, "alert_level": "none"}, {"day": 1, "date": "2026-06-26", "heat_index": 29.4, "wind_chill": 15.0, "severity": 0, "alert_level": "none"}, {"day": 2, "date": "2026-06-27", "heat_index": 29.7, "wind_chill": 15.4, "severity": 0, "alert_level": "none"}, {"day": 3, "date": "2026-06-28", "heat_index": 29.8, "wind_chill": 15.6, "severity": 0, "alert_level": "none"}, {"day": 4, "date": "2026-06-29", "heat_index": 30.0, "wind_chill": 15.7, "severity": 0, "alert_level": "none"}, {"day": 5, "date": "2026-06-30", "heat_index": 30.2, "wind_chill": 15.9, "severity": 0, "alert_level": "none"}, {"day": 6, "date": "2026-07-01", "heat_index": 30.5, "wind_chill": 16.1, "severity": 0, "alert_level": "none"}]}}, {"type": "Feature", "geometry": {"type": "Polygon", "coordinates": [[[-4.373076923076923, 33.62837837837838], [-4.126923076923077, 33.62837837837838], [-4.126923076923077, 33.87162162162162], [-4.373076923076923, 33.87162162162162], [-4.373076923076923, 33.62837837837838]]]}, "properties": {"row": 9, "col": 51, "lat": 33.75, "lon": -4.25, "alert_level": "none", "severity": 0, "forecasts": [{"day": 0, "date": "2026-06-25", "heat_index": 27.9, "wind_chill": 14.4, "severity": 0, "alert_level": "none"}, {"day": 1, "date": "2026-06-26", "heat_index": 28.7, "wind_chill": 14.7, "severity": 0, "alert_level": "none"}, {"day": 2, "date": "2026-06-27", "heat_index": 29.1, "wind_chill": 15.0, "severity": 0, "alert_level": "none"}, {"day": 3, "date": "2026-06-28", "heat_index": 29.2, "wind_chill": 15.2, "severity": 0, "alert_level": "none"}, {"day": 4, "date": "2026-06-29", "heat_index": 29.3, "wind_chill": 15.3, "severity": 0, "alert_level": "none"}, {"day": 5, "date": "2026-06-30", "heat_index": 29.6, "wind_chill": 15.5, "severity": 0, "alert_level": "none"}, {"day": 6, "date": "2026-07-01", "heat_index": 29.8, "wind_chill": 15.7, "severity": 0, "alert_level": "none"}]}}, {"type": "Feature", "geometry": {"type": "Polygon", "coordinates": [[[-4.123076923076923, 33.62837837837838], [-3.876923076923077, 33.62837837837838], [-3.876923076923077, 33.87162162162162], [-4.123076923076923, 33.87162162162162], [-4.123076923076923, 33.62837837837838]]]}, "properties": {"row": 9, "col": 52, "lat": 33.75, "lon": -4.0, "alert_level": "none", "severity": 0, "forecasts": [{"day": 0, "date": "2026-06-25", "heat_index": 26.4, "wind_chill": 13.1, "severity": 0, "alert_level": "none"}, {"day": 1, "date": "2026-06-26", "heat_index": 27.2, "wind_chill": 13.4, "severity": 0, "alert_level": "none"}, {"day": 2, "date": "2026-06-27", "heat_index": 27.6, "wind_chill": 13.6, "severity": 0, "alert_level": "none"}, {"day": 3, "date": "2026-06-28", "heat_index": 27.7, "wind_chill": 13.9, "severity": 0, "alert_level": "none"}, {"day": 4, "date": "2026-06-29", "heat_index": 27.8, "wind_chill": 13.9, "severity": 0, "alert_level": "none"}, {"day": 5, "date": "2026-06-30", "heat_index": 28.1, "wind_chill": 14.1, "severity": 0, "alert_level": "none"}, {"day": 6, "date": "2026-07-01", "heat_index": 28.3, "wind_chill": 14.3, "severity": 0, "alert_level": "none"}]}}, {"type": "Feature", "geometry": {"type": "Polygon", "coordinates": [[[-3.873076923076923, 33.62837837837838], [-3.626923076923077, 33.62837837837838], [-3.626923076923077, 33.87162162162162], [-3.873076923076923, 33.87162162162162], [-3.873076923076923, 33.62837837837838]]]}, "properties": {"row": 9, "col": 53, "lat": 33.75, "lon": -3.75, "alert_level": "none", "severity": 0, "forecasts": [{"day": 0, "date": "2026-06-25", "heat_index": 28.6, "wind_chill": 14.6, "severity": 0, "alert_level": "none"}, {"day": 1, "date": "2026-06-26", "heat_index": 29.1, "wind_chill": 14.9, "severity": 0, "alert_level": "none"}, {"day": 2, "date": "2026-06-27", "heat_index": 29.3, "wind_chill": 15.2, "severity": 0, "alert_level": "none"}, {"day": 3, "date": "2026-06-28", "heat_index": 29.4, "wind_chill": 15.4, "severity": 0, "alert_level": "none"}, {"day": 4, "date": "2026-06-29", "heat_index": 29.4, "wind_chill": 15.4, "severity": 0, "alert_level": "none"}, {"day": 5, "date": "2026-06-30", "heat_index": 29.7, "wind_chill": 15.6, "severity": 0, "alert_level": "none"}, {"day": 6, "date": "2026-07-01", "heat_index": 29.9, "wind_chill": 15.8, "severity": 0, "alert_level": "none"}]}}, {"type": "Feature", "geometry": {"type": "Polygon", "coordinates": [[[-3.623076923076923, 33.62837837837838], [-3.376923076923077, 33.62837837837838], [-3.376923076923077, 33.87162162162162], [-3.623076923076923, 33.87162162162162], [-3.623076923076923, 33.62837837837838]]]}, "properties": {"row": 9, "col": 54, "lat": 33.75, "lon": -3.5, "alert_level": "yellow", "severity": 1.0, "forecasts": [{"day": 0, "date": "2026-06-25", "heat_index": 31.7, "wind_chill": 17.2, "severity": 0, "alert_level": "none"}, {"day": 1, "date": "2026-06-26", "heat_index": 32.3, "wind_chill": 17.7, "severity": 0.3, "alert_level": "yellow"}, {"day": 2, "date": "2026-06-27", "heat_index": 32.5, "wind_chill": 18.2, "severity": 0.5, "alert_level": "yellow"}, {"day": 3, "date": "2026-06-28", "heat_index": 32.6, "wind_chill": 18.4, "severity": 0.6, "alert_level": "yellow"}, {"day": 4, "date": "2026-06-29", "heat_index": 32.7, "wind_chill": 18.4, "severity": 0.7, "alert_level": "yellow"}, {"day": 5, "date": "2026-06-30", "heat_index": 32.9, "wind_chill": 18.6, "severity": 0.9, "alert_level": "yellow"}, {"day": 6, "date": "2026-07-01", "heat_index": 33.0, "wind_chill": 18.7, "severity": 1.0, "alert_level": "yellow"}]}}, {"type": "Feature", "geometry": {"type": "Polygon", "coordinates": [[[-3.373076923076923, 33.62837837837838], [-3.126923076923077, 33.62837837837838], [-3.126923076923077, 33.87162162162162], [-3.373076923076923, 33.87162162162162], [-3.373076923076923, 33.62837837837838]]]}, "properties": {"row": 9, "col": 55, "lat": 33.75, "lon": -3.25, "alert_level": "yellow", "severity": 1.7, "forecasts": [{"day": 0, "date": "2026-06-25", "heat_index": 32.4, "wind_chill": 17.8, "severity": 0.4, "alert_level": "yellow"}, {"day": 1, "date": "2026-06-26", "heat_index": 32.8, "wind_chill": 18.1, "severity": 0.8, "alert_level": "yellow"}, {"day": 2, "date": "2026-06-27", "heat_index": 33.1, "wind_chill": 18.5, "severity": 1.1, "alert_level": "yellow"}, {"day": 3, "date": "2026-06-28", "heat_index": 33.2, "wind_chill": 18.7, "severity": 1.2, "alert_level": "yellow"}, {"day": 4, "date": "2026-06-29", "heat_index": 33.2, "wind_chill": 18.8, "severity": 1.2, "alert_level": "yellow"}, {"day": 5, "date": "2026-06-30", "heat_index": 33.5, "wind_chill": 19.0, "severity": 1.5, "alert_level": "yellow"}, {"day": 6, "date": "2026-07-01", "heat_index": 33.7, "wind_chill": 19.1, "severity": 1.7, "alert_level": "yellow"}]}}, {"type": "Feature", "geometry": {"type": "Polygon", "coordinates": [[[-3.123076923076923, 33.62837837837838], [-2.876923076923077, 33.62837837837838], [-2.876923076923077, 33.87162162162162], [-3.123076923076923, 33.87162162162162], [-3.123076923076923, 33.62837837837838]]]}, "properties": {"row": 9, "col": 56, "lat": 33.75, "lon": -3.0, "alert_level": "yellow", "severity": 1.0, "forecasts": [{"day": 0, "date": "2026-06-25", "heat_index": 32.6, "wind_chill": 17.6, "severity": 0.6, "alert_level": "yellow"}, {"day": 1, "date": "2026-06-26", "heat_index": 32.5, "wind_chill": 17.6, "severity": 0.5, "alert_level": "yellow"}, {"day": 2, "date": "2026-06-27", "heat_index": 32.6, "wind_chill": 17.8, "severity": 0.6, "alert_level": "yellow"}, {"day": 3, "date": "2026-06-28", "heat_index": 32.5, "wind_chill": 18.0, "severity": 0.5, "alert_level": "yellow"}, {"day": 4, "date": "2026-06-29", "heat_index": 32.5, "wind_chill": 18.0, "severity": 0.5, "alert_level": "yellow"}, {"day": 5, "date": "2026-06-30", "heat_index": 32.8, "wind_chill": 18.2, "severity": 0.8, "alert_level": "yellow"}, {"day": 6, "date": "2026-07-01", "heat_index": 33.0, "wind_chill": 18.3, "severity": 1.0, "alert_level": "yellow"}]}}, {"type": "Feature", "geometry": {"type": "Polygon", "coordinates": [[[-2.873076923076923, 33.62837837837838], [-2.626923076923077, 33.62837837837838], [-2.626923076923077, 33.87162162162162], [-2.873076923076923, 33.87162162162162], [-2.873076923076923, 33.62837837837838]]]}, "properties": {"row": 9, "col": 57, "lat": 33.75, "lon": -2.75, "alert_level": "yellow", "severity": 0.5, "forecasts": [{"day": 0, "date": "2026-06-25", "heat_index": 32.5, "wind_chill": 17.0, "severity": 0.5, "alert_level": "yellow"}, {"day": 1, "date": "2026-06-26", "heat_index": 32.0, "wind_chill": 17.0, "severity": 0.0, "alert_level": "yellow"}, {"day": 2, "date": "2026-06-27", "heat_index": 31.9, "wind_chill": 17.2, "severity": 0, "alert_level": "none"}, {"day": 3, "date": "2026-06-28", "heat_index": 31.6, "wind_chill": 17.3, "severity": 0, "alert_level": "none"}, {"day": 4, "date": "2026-06-29", "heat_index": 31.5, "wind_chill": 17.2, "severity": 0, "alert_level": "none"}, {"day": 5, "date": "2026-06-30", "heat_index": 31.7, "wind_chill": 17.3, "severity": 0, "alert_level": "none"}, {"day": 6, "date": "2026-07-01", "heat_index": 31.9, "wind_chill": 17.4, "severity": 0, "alert_level": "none"}]}}, {"type": "Feature", "geometry": {"type": "Polygon", "coordinates": [[[-2.623076923076923, 33.62837837837838], [-2.376923076923077, 33.62837837837838], [-2.376923076923077, 33.87162162162162], [-2.623076923076923, 33.87162162162162], [-2.623076923076923, 33.62837837837838]]]}, "properties": {"row": 9, "col": 58, "lat": 33.75, "lon": -2.5, "alert_level": "yellow", "severity": 0.2, "forecasts": [{"day": 0, "date": "2026-06-25", "heat_index": 32.2, "wind_chill": 16.5, "severity": 0.2, "alert_level": "yellow"}, {"day": 1, "date": "2026-06-26", "heat_index": 31.3, "wind_chill": 16.5, "severity": 0, "alert_level": "none"}, {"day": 2, "date": "2026-06-27", "heat_index": 31.0, "wind_chill": 16.7, "severity": 0, "alert_level": "none"}, {"day": 3, "date": "2026-06-28", "heat_index": 30.6, "wind_chill": 16.6, "severity": 0, "alert_level": "none"}, {"day": 4, "date": "2026-06-29", "heat_index": 30.4, "wind_chill": 16.5, "severity": 0, "alert_level": "none"}, {"day": 5, "date": "2026-06-30", "heat_index": 30.6, "wind_chill": 16.5, "severity": 0, "alert_level": "none"}, {"day": 6, "date": "2026-07-01", "heat_index": 30.8, "wind_chill": 16.7, "severity": 0, "alert_level": "none"}]}}, {"type": "Feature", "geometry": {"type": "Polygon", "coordinates": [[[-2.373076923076923, 33.62837837837838], [-2.126923076923077, 33.62837837837838], [-2.126923076923077, 33.87162162162162], [-2.373076923076923, 33.87162162162162], [-2.373076923076923, 33.62837837837838]]]}, "properties": {"row": 9, "col": 59, "lat": 33.75, "lon": -2.25, "alert_level": "none", "severity": 0, "forecasts": [{"day": 0, "date": "2026-06-25", "heat_index": 31.3, "wind_chill": 16.1, "severity": 0, "alert_level": "none"}, {"day": 1, "date": "2026-06-26", "heat_index": 30.2, "wind_chill": 15.9, "severity": 0, "alert_level": "none"}, {"day": 2, "date": "2026-06-27", "heat_index": 29.8, "wind_chill": 15.8, "severity": 0, "alert_level": "none"}, {"day": 3, "date": "2026-06-28", "heat_index": 29.2, "wind_chill": 15.5, "severity": 0, "alert_level": "none"}, {"day": 4, "date": "2026-06-29", "heat_index": 28.9, "wind_chill": 15.3, "severity": 0, "alert_level": "none"}, {"day": 5, "date": "2026-06-30", "heat_index": 29.1, "wind_chill": 15.4, "severity": 0, "alert_level": "none"}, {"day": 6, "date": "2026-07-01", "heat_index": 29.5, "wind_chill": 15.6, "severity": 0, "alert_level": "none"}]}}, {"type": "Feature", "geometry": {"type": "Polygon", "coordinates": [[[-2.123076923076923, 33.62837837837838], [-1.876923076923077, 33.62837837837838], [-1.876923076923077, 33.87162162162162], [-2.123076923076923, 33.87162162162162], [-2.123076923076923, 33.62837837837838]]]}, "properties": {"row": 9, "col": 60, "lat": 33.75, "lon": -2.0, "alert_level": "none", "severity": 0, "forecasts": [{"day": 0, "date": "2026-06-25", "heat_index": 30.6, "wind_chill": 15.4, "severity": 0, "alert_level": "none"}, {"day": 1, "date": "2026-06-26", "heat_index": 28.5, "wind_chill": 14.5, "severity": 0, "alert_level": "none"}, {"day": 2, "date": "2026-06-27", "heat_index": 28.2, "wind_chill": 14.2, "severity": 0, "alert_level": "none"}, {"day": 3, "date": "2026-06-28", "heat_index": 27.8, "wind_chill": 14.1, "severity": 0, "alert_level": "none"}, {"day": 4, "date": "2026-06-29", "heat_index": 27.7, "wind_chill": 14.0, "severity": 0, "alert_level": "none"}, {"day": 5, "date": "2026-06-30", "heat_index": 28.1, "wind_chill": 14.1, "severity": 0, "alert_level": "none"}, {"day": 6, "date": "2026-07-01", "heat_index": 28.6, "wind_chill": 14.4, "severity": 0, "alert_level": "none"}]}}, {"type": "Feature", "geometry": {"type": "Polygon", "coordinates": [[[-1.873076923076923, 33.62837837837838], [-1.626923076923077, 33.62837837837838], [-1.626923076923077, 33.87162162162162], [-1.873076923076923, 33.87162162162162], [-1.873076923076923, 33.62837837837838]]]}, "properties": {"row": 9, "col": 61, "lat": 33.75, "lon": -1.75, "alert_level": "none", "severity": 0, "forecasts": [{"day": 0, "date": "2026-06-25", "heat_index": 28.6, "wind_chill": 14.7, "severity": 0, "alert_level": "none"}, {"day": 1, "date": "2026-06-26", "heat_index": 28.2, "wind_chill": 14.5, "severity": 0, "alert_level": "none"}, {"day": 2, "date": "2026-06-27", "heat_index": 28.4, "wind_chill": 14.9, "severity": 0, "alert_level": "none"}, {"day": 3, "date": "2026-06-28", "heat_index": 28.0, "wind_chill": 14.9, "severity": 0, "alert_level": "none"}, {"day": 4, "date": "2026-06-29", "heat_index": 27.9, "wind_chill": 14.7, "severity": 0, "alert_level": "none"}, {"day": 5, "date": "2026-06-30", "heat_index": 28.4, "wind_chill": 14.9, "severity": 0, "alert_level": "none"}, {"day": 6, "date": "2026-07-01", "heat_index": 29.0, "wind_chill": 15.2, "severity": 0, "alert_level": "none"}]}}, {"type": "Feature", "geometry": {"type": "Polygon", "coordinates": [[[-7.873076923076923, 33.37837837837838], [-7.626923076923077, 33.37837837837838], [-7.626923076923077, 33.62162162162162], [-7.873076923076923, 33.62162162162162], [-7.873076923076923, 33.37837837837838]]]}, "properties": {"row": 10, "col": 37, "lat": 33.5, "lon": -7.75, "alert_level": "none", "severity": 0, "forecasts": [{"day": 0, "date": "2026-06-25", "heat_index": 26.8, "wind_chill": 19.9, "severity": 0, "alert_level": "none"}, {"day": 1, "date": "2026-06-26", "heat_index": 25.6, "wind_chill": 18.7, "severity": 0, "alert_level": "none"}, {"day": 2, "date": "2026-06-27", "heat_index": 26.0, "wind_chill": 19.1, "severity": 0, "alert_level": "none"}, {"day": 3, "date": "2026-06-28", "heat_index": 26.2, "wind_chill": 19.3, "severity": 0, "alert_level": "none"}, {"day": 4, "date": "2026-06-29", "heat_index": 26.4, "wind_chill": 19.5, "severity": 0, "alert_level": "none"}, {"day": 5, "date": "2026-06-30", "heat_index": 26.5, "wind_chill": 19.6, "severity": 0, "alert_level": "none"}, {"day": 6, "date": "2026-07-01", "heat_index": 26.6, "wind_chill": 19.7, "severity": 0, "alert_level": "none"}]}}, {"type": "Feature", "geometry": {"type": "Polygon", "coordinates": [[[-7.623076923076923, 33.37837837837838], [-7.376923076923077, 33.37837837837838], [-7.376923076923077, 33.62162162162162], [-7.623076923076923, 33.62162162162162], [-7.623076923076923, 33.37837837837838]]]}, "properties": {"row": 10, "col": 38, "lat": 33.5, "lon": -7.5, "alert_level": "none", "severity": 0, "forecasts": [{"day": 0, "date": "2026-06-25", "heat_index": 25.7, "wind_chill": 17.5, "severity": 0, "alert_level": "none"}, {"day": 1, "date": "2026-06-26", "heat_index": 24.9, "wind_chill": 17.4, "severity": 0, "alert_level": "none"}, {"day": 2, "date": "2026-06-27", "heat_index": 25.3, "wind_chill": 18.1, "severity": 0, "alert_level": "none"}, {"day": 3, "date": "2026-06-28", "heat_index": 25.8, "wind_chill": 18.3, "severity": 0, "alert_level": "none"}, {"day": 4, "date": "2026-06-29", "heat_index": 26.0, "wind_chill": 18.6, "severity": 0, "alert_level": "none"}, {"day": 5, "date": "2026-06-30", "heat_index": 26.1, "wind_chill": 18.8, "severity": 0, "alert_level": "none"}, {"day": 6, "date": "2026-07-01", "heat_index": 26.1, "wind_chill": 18.8, "severity": 0, "alert_level": "none"}]}}, {"type": "Feature", "geometry": {"type": "Polygon", "coordinates": [[[-7.373076923076923, 33.37837837837838], [-7.126923076923077, 33.37837837837838], [-7.126923076923077, 33.62162162162162], [-7.373076923076923, 33.62162162162162], [-7.373076923076923, 33.37837837837838]]]}, "properties": {"row": 10, "col": 39, "lat": 33.5, "lon": -7.25, "alert_level": "none", "severity": 0, "forecasts": [{"day": 0, "date": "2026-06-25", "heat_index": 27.3, "wind_chill": 19.0, "severity": 0, "alert_level": "none"}, {"day": 1, "date": "2026-06-26", "heat_index": 26.5, "wind_chill": 18.2, "severity": 0, "alert_level": "none"}, {"day": 2, "date": "2026-06-27", "heat_index": 27.0, "wind_chill": 18.9, "severity": 0, "alert_level": "none"}, {"day": 3, "date": "2026-06-28", "heat_index": 27.1, "wind_chill": 19.1, "severity": 0, "alert_level": "none"}, {"day": 4, "date": "2026-06-29", "heat_index": 27.2, "wind_chill": 19.2, "severity": 0, "alert_level": "none"}, {"day": 5, "date": "2026-06-30", "heat_index": 27.3, "wind_chill": 19.3, "severity": 0, "alert_level": "none"}, {"day": 6, "date": "2026-07-01", "heat_index": 27.4, "wind_chill": 19.4, "severity": 0, "alert_level": "none"}]}}, {"type": "Feature", "geometry": {"type": "Polygon", "coordinates": [[[-7.123076923076923, 33.37837837837838], [-6.876923076923077, 33.37837837837838], [-6.876923076923077, 33.62162162162162], [-7.123076923076923, 33.62162162162162], [-7.123076923076923, 33.37837837837838]]]}, "properties": {"row": 10, "col": 40, "lat": 33.5, "lon": -7.0, "alert_level": "none", "severity": 0, "forecasts": [{"day": 0, "date": "2026-06-25", "heat_index": 27.2, "wind_chill": 17.7, "severity": 0, "alert_level": "none"}, {"day": 1, "date": "2026-06-26", "heat_index": 26.5, "wind_chill": 16.8, "severity": 0, "alert_level": "none"}, {"day": 2, "date": "2026-06-27", "heat_index": 27.0, "wind_chill": 17.3, "severity": 0, "alert_level": "none"}, {"day": 3, "date": "2026-06-28", "heat_index": 27.4, "wind_chill": 17.5, "severity": 0, "alert_level": "none"}, {"day": 4, "date": "2026-06-29", "heat_index": 27.7, "wind_chill": 17.7, "severity": 0, "alert_level": "none"}, {"day": 5, "date": "2026-06-30", "heat_index": 27.9, "wind_chill": 17.8, "severity": 0, "alert_level": "none"}, {"day": 6, "date": "2026-07-01", "heat_index": 28.0, "wind_chill": 18.0, "severity": 0, "alert_level": "none"}]}}, {"type": "Feature", "geometry": {"type": "Polygon", "coordinates": [[[-6.873076923076923, 33.37837837837838], [-6.626923076923077, 33.37837837837838], [-6.626923076923077, 33.62162162162162], [-6.873076923076923, 33.62162162162162], [-6.873076923076923, 33.37837837837838]]]}, "properties": {"row": 10, "col": 41, "lat": 33.5, "lon": -6.75, "alert_level": "none", "severity": 0, "forecasts": [{"day": 0, "date": "2026-06-25", "heat_index": 27.5, "wind_chill": 17.3, "severity": 0, "alert_level": "none"}, {"day": 1, "date": "2026-06-26", "heat_index": 28.1, "wind_chill": 16.7, "severity": 0, "alert_level": "none"}, {"day": 2, "date": "2026-06-27", "heat_index": 28.5, "wind_chill": 17.4, "severity": 0, "alert_level": "none"}, {"day": 3, "date": "2026-06-28", "heat_index": 29.0, "wind_chill": 17.7, "severity": 0, "alert_level": "none"}, {"day": 4, "date": "2026-06-29", "heat_index": 29.2, "wind_chill": 17.9, "severity": 0, "alert_level": "none"}, {"day": 5, "date": "2026-06-30", "heat_index": 29.4, "wind_chill": 18.0, "severity": 0, "alert_level": "none"}, {"day": 6, "date": "2026-07-01", "heat_index": 29.6, "wind_chill": 18.2, "severity": 0, "alert_level": "none"}]}}, {"type": "Feature", "geometry": {"type": "Polygon", "coordinates": [[[-6.623076923076923, 33.37837837837838], [-6.376923076923077, 33.37837837837838], [-6.376923076923077, 33.62162162162162], [-6.623076923076923, 33.62162162162162], [-6.623076923076923, 33.37837837837838]]]}, "properties": {"row": 10, "col": 42, "lat": 33.5, "lon": -6.5, "alert_level": "none", "severity": 0, "forecasts": [{"day": 0, "date": "2026-06-25", "heat_index": 28.9, "wind_chill": 17.4, "severity": 0, "alert_level": "none"}, {"day": 1, "date": "2026-06-26", "heat_index": 29.7, "wind_chill": 16.9, "severity": 0, "alert_level": "none"}, {"day": 2, "date": "2026-06-27", "heat_index": 30.2, "wind_chill": 17.5, "severity": 0, "alert_level": "none"}, {"day": 3, "date": "2026-06-28", "heat_index": 30.4, "wind_chill": 17.9, "severity": 0, "alert_level": "none"}, {"day": 4, "date": "2026-06-29", "heat_index": 30.4, "wind_chill": 17.9, "severity": 0, "alert_level": "none"}, {"day": 5, "date": "2026-06-30", "heat_index": 30.6, "wind_chill": 18.0, "severity": 0, "alert_level": "none"}, {"day": 6, "date": "2026-07-01", "heat_index": 30.8, "wind_chill": 18.1, "severity": 0, "alert_level": "none"}]}}, {"type": "Feature", "geometry": {"type": "Polygon", "coordinates": [[[-6.373076923076923, 33.37837837837838], [-6.126923076923077, 33.37837837837838], [-6.126923076923077, 33.62162162162162], [-6.373076923076923, 33.62162162162162], [-6.373076923076923, 33.37837837837838]]]}, "properties": {"row": 10, "col": 43, "lat": 33.5, "lon": -6.25, "alert_level": "none", "severity": 0, "forecasts": [{"day": 0, "date": "2026-06-25", "heat_index": 30.1, "wind_chill": 16.4, "severity": 0, "alert_level": "none"}, {"day": 1, "date": "2026-06-26", "heat_index": 30.3, "wind_chill": 16.3, "severity": 0, "alert_level": "none"}, {"day": 2, "date": "2026-06-27", "heat_index": 30.8, "wind_chill": 16.5, "severity": 0, "alert_level": "none"}, {"day": 3, "date": "2026-06-28", "heat_index": 30.8, "wind_chill": 16.8, "severity": 0, "alert_level": "none"}, {"day": 4, "date": "2026-06-29", "heat_index": 30.7, "wind_chill": 16.8, "severity": 0, "alert_level": "none"}, {"day": 5, "date": "2026-06-30", "heat_index": 30.9, "wind_chill": 16.8, "severity": 0, "alert_level": "none"}, {"day": 6, "date": "2026-07-01", "heat_index": 31.1, "wind_chill": 17.0, "severity": 0, "alert_level": "none"}]}}, {"type": "Feature", "geometry": {"type": "Polygon", "coordinates": [[[-6.123076923076923, 33.37837837837838], [-5.876923076923077, 33.37837837837838], [-5.876923076923077, 33.62162162162162], [-6.123076923076923, 33.62162162162162], [-6.123076923076923, 33.37837837837838]]]}, "properties": {"row": 10, "col": 44, "lat": 33.5, "lon": -6.0, "alert_level": "none", "severity": 0, "forecasts": [{"day": 0, "date": "2026-06-25", "heat_index": 29.1, "wind_chill": 15.1, "severity": 0, "alert_level": "none"}, {"day": 1, "date": "2026-06-26", "heat_index": 29.8, "wind_chill": 15.3, "severity": 0, "alert_level": "none"}, {"day": 2, "date": "2026-06-27", "heat_index": 30.4, "wind_chill": 15.8, "severity": 0, "alert_level": "none"}, {"day": 3, "date": "2026-06-28", "heat_index": 30.4, "wind_chill": 16.0, "severity": 0, "alert_level": "none"}, {"day": 4, "date": "2026-06-29", "heat_index": 30.3, "wind_chill": 16.0, "severity": 0, "alert_level": "none"}, {"day": 5, "date": "2026-06-30", "heat_index": 30.4, "wind_chill": 16.0, "severity": 0, "alert_level": "none"}, {"day": 6, "date": "2026-07-01", "heat_index": 30.6, "wind_chill": 16.1, "severity": 0, "alert_level": "none"}]}}, {"type": "Feature", "geometry": {"type": "Polygon", "coordinates": [[[-5.873076923076923, 33.37837837837838], [-5.626923076923077, 33.37837837837838], [-5.626923076923077, 33.62162162162162], [-5.873076923076923, 33.62162162162162], [-5.873076923076923, 33.37837837837838]]]}, "properties": {"row": 10, "col": 45, "lat": 33.5, "lon": -5.75, "alert_level": "none", "severity": 0, "forecasts": [{"day": 0, "date": "2026-06-25", "heat_index": 28.5, "wind_chill": 14.1, "severity": 0, "alert_level": "none"}, {"day": 1, "date": "2026-06-26", "heat_index": 29.2, "wind_chill": 14.5, "severity": 0, "alert_level": "none"}, {"day": 2, "date": "2026-06-27", "heat_index": 29.8, "wind_chill": 15.1, "severity": 0, "alert_level": "none"}, {"day": 3, "date": "2026-06-28", "heat_index": 29.9, "wind_chill": 15.4, "severity": 0, "alert_level": "none"}, {"day": 4, "date": "2026-06-29", "heat_index": 29.8, "wind_chill": 15.4, "severity": 0, "alert_level": "none"}, {"day": 5, "date": "2026-06-30", "heat_index": 30.0, "wind_chill": 15.5, "severity": 0, "alert_level": "none"}, {"day": 6, "date": "2026-07-01", "heat_index": 30.2, "wind_chill": 15.6, "severity": 0, "alert_level": "none"}]}}, {"type": "Feature", "geometry": {"type": "Polygon", "coordinates": [[[-5.623076923076923, 33.37837837837838], [-5.376923076923077, 33.37837837837838], [-5.376923076923077, 33.62162162162162], [-5.623076923076923, 33.62162162162162], [-5.623076923076923, 33.37837837837838]]]}, "properties": {"row": 10, "col": 46, "lat": 33.5, "lon": -5.5, "alert_level": "none", "severity": 0, "forecasts": [{"day": 0, "date": "2026-06-25", "heat_index": 28.7, "wind_chill": 14.0, "severity": 0, "alert_level": "none"}, {"day": 1, "date": "2026-06-26", "heat_index": 29.3, "wind_chill": 14.5, "severity": 0, "alert_level": "none"}, {"day": 2, "date": "2026-06-27", "heat_index": 29.8, "wind_chill": 15.2, "severity": 0, "alert_level": "none"}, {"day": 3, "date": "2026-06-28", "heat_index": 29.9, "wind_chill": 15.4, "severity": 0, "alert_level": "none"}, {"day": 4, "date": "2026-06-29", "heat_index": 29.9, "wind_chill": 15.5, "severity": 0, "alert_level": "none"}, {"day": 5, "date": "2026-06-30", "heat_index": 30.1, "wind_chill": 15.6, "severity": 0, "alert_level": "none"}, {"day": 6, "date": "2026-07-01", "heat_index": 30.3, "wind_chill": 15.8, "severity": 0, "alert_level": "none"}]}}, {"type": "Feature", "geometry": {"type": "Polygon", "coordinates": [[[-5.373076923076923, 33.37837837837838], [-5.126923076923077, 33.37837837837838], [-5.126923076923077, 33.62162162162162], [-5.373076923076923, 33.62162162162162], [-5.373076923076923, 33.37837837837838]]]}, "properties": {"row": 10, "col": 47, "lat": 33.5, "lon": -5.25, "alert_level": "none", "severity": 0, "forecasts": [{"day": 0, "date": "2026-06-25", "heat_index": 27.6, "wind_chill": 13.0, "severity": 0, "alert_level": "none"}, {"day": 1, "date": "2026-06-26", "heat_index": 28.2, "wind_chill": 13.7, "severity": 0, "alert_level": "none"}, {"day": 2, "date": "2026-06-27", "heat_index": 28.5, "wind_chill": 14.2, "severity": 0, "alert_level": "none"}, {"day": 3, "date": "2026-06-28", "heat_index": 28.7, "wind_chill": 14.4, "severity": 0, "alert_level": "none"}, {"day": 4, "date": "2026-06-29", "heat_index": 28.8, "wind_chill": 14.6, "severity": 0, "alert_level": "none"}, {"day": 5, "date": "2026-06-30", "heat_index": 29.0, "wind_chill": 14.7, "severity": 0, "alert_level": "none"}, {"day": 6, "date": "2026-07-01", "heat_index": 29.2, "wind_chill": 14.9, "severity": 0, "alert_level": "none"}]}}, {"type": "Feature", "geometry": {"type": "Polygon", "coordinates": [[[-5.123076923076923, 33.37837837837838], [-4.876923076923077, 33.37837837837838], [-4.876923076923077, 33.62162162162162], [-5.123076923076923, 33.62162162162162], [-5.123076923076923, 33.37837837837838]]]}, "properties": {"row": 10, "col": 48, "lat": 33.5, "lon": -5.0, "alert_level": "none", "severity": 0, "forecasts": [{"day": 0, "date": "2026-06-25", "heat_index": 26.0, "wind_chill": 11.5, "severity": 0, "alert_level": "none"}, {"day": 1, "date": "2026-06-26", "heat_index": 26.5, "wind_chill": 12.2, "severity": 0, "alert_level": "none"}, {"day": 2, "date": "2026-06-27", "heat_index": 26.7, "wind_chill": 12.5, "severity": 0, "alert_level": "none"}, {"day": 3, "date": "2026-06-28", "heat_index": 26.9, "wind_chill": 12.8, "severity": 0, "alert_level": "none"}, {"day": 4, "date": "2026-06-29", "heat_index": 27.1, "wind_chill": 12.9, "severity": 0, "alert_level": "none"}, {"day": 5, "date": "2026-06-30", "heat_index": 27.3, "wind_chill": 13.1, "severity": 0, "alert_level": "none"}, {"day": 6, "date": "2026-07-01", "heat_index": 27.6, "wind_chill": 13.2, "severity": 0, "alert_level": "none"}]}}, {"type": "Feature", "geometry": {"type": "Polygon", "coordinates": [[[-4.873076923076923, 33.37837837837838], [-4.626923076923077, 33.37837837837838], [-4.626923076923077, 33.62162162162162], [-4.873076923076923, 33.62162162162162], [-4.873076923076923, 33.37837837837838]]]}, "properties": {"row": 10, "col": 49, "lat": 33.5, "lon": -4.75, "alert_level": "none", "severity": 0, "forecasts": [{"day": 0, "date": "2026-06-25", "heat_index": 26.3, "wind_chill": 11.6, "severity": 0, "alert_level": "none"}, {"day": 1, "date": "2026-06-26", "heat_index": 26.7, "wind_chill": 12.2, "severity": 0, "alert_level": "none"}, {"day": 2, "date": "2026-06-27", "heat_index": 26.9, "wind_chill": 12.5, "severity": 0, "alert_level": "none"}, {"day": 3, "date": "2026-06-28", "heat_index": 27.0, "wind_chill": 12.7, "severity": 0, "alert_level": "none"}, {"day": 4, "date": "2026-06-29", "heat_index": 27.2, "wind_chill": 12.9, "severity": 0, "alert_level": "none"}, {"day": 5, "date": "2026-06-30", "heat_index": 27.4, "wind_chill": 13.1, "severity": 0, "alert_level": "none"}, {"day": 6, "date": "2026-07-01", "heat_index": 27.7, "wind_chill": 13.2, "severity": 0, "alert_level": "none"}]}}, {"type": "Feature", "geometry": {"type": "Polygon", "coordinates": [[[-4.623076923076923, 33.37837837837838], [-4.376923076923077, 33.37837837837838], [-4.376923076923077, 33.62162162162162], [-4.623076923076923, 33.62162162162162], [-4.623076923076923, 33.37837837837838]]]}, "properties": {"row": 10, "col": 50, "lat": 33.5, "lon": -4.5, "alert_level": "none", "severity": 0, "forecasts": [{"day": 0, "date": "2026-06-25", "heat_index": 28.0, "wind_chill": 13.6, "severity": 0, "alert_level": "none"}, {"day": 1, "date": "2026-06-26", "heat_index": 28.4, "wind_chill": 14.0, "severity": 0, "alert_level": "none"}, {"day": 2, "date": "2026-06-27", "heat_index": 28.6, "wind_chill": 14.2, "severity": 0, "alert_level": "none"}, {"day": 3, "date": "2026-06-28", "heat_index": 28.7, "wind_chill": 14.4, "severity": 0, "alert_level": "none"}, {"day": 4, "date": "2026-06-29", "heat_index": 28.8, "wind_chill": 14.5, "severity": 0, "alert_level": "none"}, {"day": 5, "date": "2026-06-30", "heat_index": 29.0, "wind_chill": 14.6, "severity": 0, "alert_level": "none"}, {"day": 6, "date": "2026-07-01", "heat_index": 29.2, "wind_chill": 14.8, "severity": 0, "alert_level": "none"}]}}, {"type": "Feature", "geometry": {"type": "Polygon", "coordinates": [[[-4.373076923076923, 33.37837837837838], [-4.126923076923077, 33.37837837837838], [-4.126923076923077, 33.62162162162162], [-4.373076923076923, 33.62162162162162], [-4.373076923076923, 33.37837837837838]]]}, "properties": {"row": 10, "col": 51, "lat": 33.5, "lon": -4.25, "alert_level": "none", "severity": 0, "forecasts": [{"day": 0, "date": "2026-06-25", "heat_index": 27.7, "wind_chill": 13.8, "severity": 0, "alert_level": "none"}, {"day": 1, "date": "2026-06-26", "heat_index": 28.5, "wind_chill": 14.3, "severity": 0, "alert_level": "none"}, {"day": 2, "date": "2026-06-27", "heat_index": 28.8, "wind_chill": 14.5, "severity": 0, "alert_level": "none"}, {"day": 3, "date": "2026-06-28", "heat_index": 29.0, "wind_chill": 14.8, "severity": 0, "alert_level": "none"}, {"day": 4, "date": "2026-06-29", "heat_index": 29.0, "wind_chill": 14.8, "severity": 0, "alert_level": "none"}, {"day": 5, "date": "2026-06-30", "heat_index": 29.2, "wind_chill": 15.0, "severity": 0, "alert_level": "none"}, {"day": 6, "date": "2026-07-01", "heat_index": 29.4, "wind_chill": 15.1, "severity": 0, "alert_level": "none"}]}}, {"type": "Feature", "geometry": {"type": "Polygon", "coordinates": [[[-4.123076923076923, 33.37837837837838], [-3.876923076923077, 33.37837837837838], [-3.876923076923077, 33.62162162162162], [-4.123076923076923, 33.62162162162162], [-4.123076923076923, 33.37837837837838]]]}, "properties": {"row": 10, "col": 52, "lat": 33.5, "lon": -4.0, "alert_level": "none", "severity": 0, "forecasts": [{"day": 0, "date": "2026-06-25", "heat_index": 27.4, "wind_chill": 13.1, "severity": 0, "alert_level": "none"}, {"day": 1, "date": "2026-06-26", "heat_index": 28.2, "wind_chill": 13.8, "severity": 0, "alert_level": "none"}, {"day": 2, "date": "2026-06-27", "heat_index": 28.5, "wind_chill": 14.2, "severity": 0, "alert_level": "none"}, {"day": 3, "date": "2026-06-28", "heat_index": 28.7, "wind_chill": 14.6, "severity": 0, "alert_level": "none"}, {"day": 4, "date": "2026-06-29", "heat_index": 28.7, "wind_chill": 14.6, "severity": 0, "alert_level": "none"}, {"day": 5, "date": "2026-06-30", "heat_index": 28.9, "wind_chill": 14.8, "severity": 0, "alert_level": "none"}, {"day": 6, "date": "2026-07-01", "heat_index": 29.1, "wind_chill": 15.0, "severity": 0, "alert_level": "none"}]}}, {"type": "Feature", "geometry": {"type": "Polygon", "coordinates": [[[-3.873076923076923, 33.37837837837838], [-3.626923076923077, 33.37837837837838], [-3.626923076923077, 33.62162162162162], [-3.873076923076923, 33.62162162162162], [-3.873076923076923, 33.37837837837838]]]}, "properties": {"row": 10, "col": 53, "lat": 33.5, "lon": -3.75, "alert_level": "none", "severity": 0, "forecasts": [{"day": 0, "date": "2026-06-25", "heat_index": 30.4, "wind_chill": 15.8, "severity": 0, "alert_level": "none"}, {"day": 1, "date": "2026-06-26", "heat_index": 30.8, "wind_chill": 16.2, "severity": 0, "alert_level": "none"}, {"day": 2, "date": "2026-06-27", "heat_index": 31.0, "wind_chill": 16.8, "severity": 0, "alert_level": "none"}, {"day": 3, "date": "2026-06-28", "heat_index": 31.1, "wind_chill": 17.0, "severity": 0, "alert_level": "none"}, {"day": 4, "date": "2026-06-29", "heat_index": 31.1, "wind_chill": 17.0, "severity": 0, "alert_level": "none"}, {"day": 5, "date": "2026-06-30", "heat_index": 31.3, "wind_chill": 17.1, "severity": 0, "alert_level": "none"}, {"day": 6, "date": "2026-07-01", "heat_index": 31.5, "wind_chill": 17.3, "severity": 0, "alert_level": "none"}]}}, {"type": "Feature", "geometry": {"type": "Polygon", "coordinates": [[[-3.623076923076923, 33.37837837837838], [-3.376923076923077, 33.37837837837838], [-3.376923076923077, 33.62162162162162], [-3.623076923076923, 33.62162162162162], [-3.623076923076923, 33.37837837837838]]]}, "properties": {"row": 10, "col": 54, "lat": 33.5, "lon": -3.5, "alert_level": "yellow", "severity": 1.5, "forecasts": [{"day": 0, "date": "2026-06-25", "heat_index": 32.1, "wind_chill": 17.6, "severity": 0.1, "alert_level": "yellow"}, {"day": 1, "date": "2026-06-26", "heat_index": 32.7, "wind_chill": 18.1, "severity": 0.7, "alert_level": "yellow"}, {"day": 2, "date": "2026-06-27", "heat_index": 32.9, "wind_chill": 18.7, "severity": 0.9, "alert_level": "yellow"}, {"day": 3, "date": "2026-06-28", "heat_index": 33.0, "wind_chill": 18.9, "severity": 1.0, "alert_level": "yellow"}, {"day": 4, "date": "2026-06-29", "heat_index": 33.0, "wind_chill": 18.9, "severity": 1.0, "alert_level": "yellow"}, {"day": 5, "date": "2026-06-30", "heat_index": 33.3, "wind_chill": 19.0, "severity": 1.3, "alert_level": "yellow"}, {"day": 6, "date": "2026-07-01", "heat_index": 33.5, "wind_chill": 19.1, "severity": 1.5, "alert_level": "yellow"}]}}, {"type": "Feature", "geometry": {"type": "Polygon", "coordinates": [[[-3.373076923076923, 33.37837837837838], [-3.126923076923077, 33.37837837837838], [-3.126923076923077, 33.62162162162162], [-3.373076923076923, 33.62162162162162], [-3.373076923076923, 33.37837837837838]]]}, "properties": {"row": 10, "col": 55, "lat": 33.5, "lon": -3.25, "alert_level": "yellow", "severity": 0.9, "forecasts": [{"day": 0, "date": "2026-06-25", "heat_index": 31.7, "wind_chill": 17.1, "severity": 0, "alert_level": "none"}, {"day": 1, "date": "2026-06-26", "heat_index": 32.0, "wind_chill": 17.4, "severity": 0.0, "alert_level": "yellow"}, {"day": 2, "date": "2026-06-27", "heat_index": 32.3, "wind_chill": 17.9, "severity": 0.3, "alert_level": "yellow"}, {"day": 3, "date": "2026-06-28", "heat_index": 32.4, "wind_chill": 18.1, "severity": 0.4, "alert_level": "yellow"}, {"day": 4, "date": "2026-06-29", "heat_index": 32.4, "wind_chill": 18.1, "severity": 0.4, "alert_level": "yellow"}, {"day": 5, "date": "2026-06-30", "heat_index": 32.7, "wind_chill": 18.3, "severity": 0.7, "alert_level": "yellow"}, {"day": 6, "date": "2026-07-01", "heat_index": 32.9, "wind_chill": 18.4, "severity": 0.9, "alert_level": "yellow"}]}}, {"type": "Feature", "geometry": {"type": "Polygon", "coordinates": [[[-3.123076923076923, 33.37837837837838], [-2.876923076923077, 33.37837837837838], [-2.876923076923077, 33.62162162162162], [-3.123076923076923, 33.62162162162162], [-3.123076923076923, 33.37837837837838]]]}, "properties": {"row": 10, "col": 56, "lat": 33.5, "lon": -3.0, "alert_level": "yellow", "severity": 0.1, "forecasts": [{"day": 0, "date": "2026-06-25", "heat_index": 31.8, "wind_chill": 16.7, "severity": 0, "alert_level": "none"}, {"day": 1, "date": "2026-06-26", "heat_index": 31.6, "wind_chill": 16.9, "severity": 0, "alert_level": "none"}, {"day": 2, "date": "2026-06-27", "heat_index": 31.6, "wind_chill": 17.2, "severity": 0, "alert_level": "none"}, {"day": 3, "date": "2026-06-28", "heat_index": 31.6, "wind_chill": 17.3, "severity": 0, "alert_level": "none"}, {"day": 4, "date": "2026-06-29", "heat_index": 31.6, "wind_chill": 17.4, "severity": 0, "alert_level": "none"}, {"day": 5, "date": "2026-06-30", "heat_index": 31.8, "wind_chill": 17.5, "severity": 0, "alert_level": "none"}, {"day": 6, "date": "2026-07-01", "heat_index": 32.1, "wind_chill": 17.6, "severity": 0.1, "alert_level": "yellow"}]}}, {"type": "Feature", "geometry": {"type": "Polygon", "coordinates": [[[-2.873076923076923, 33.37837837837838], [-2.626923076923077, 33.37837837837838], [-2.626923076923077, 33.62162162162162], [-2.873076923076923, 33.62162162162162], [-2.873076923076923, 33.37837837837838]]]}, "properties": {"row": 10, "col": 57, "lat": 33.5, "lon": -2.75, "alert_level": "none", "severity": 0, "forecasts": [{"day": 0, "date": "2026-06-25", "heat_index": 32.0, "wind_chill": 16.7, "severity": 0, "alert_level": "none"}, {"day": 1, "date": "2026-06-26", "heat_index": 31.6, "wind_chill": 17.0, "severity": 0, "alert_level": "none"}, {"day": 2, "date": "2026-06-27", "heat_index": 31.4, "wind_chill": 17.2, "severity": 0, "alert_level": "none"}, {"day": 3, "date": "2026-06-28", "heat_index": 31.2, "wind_chill": 17.2, "severity": 0, "alert_level": "none"}, {"day": 4, "date": "2026-06-29", "heat_index": 31.1, "wind_chill": 17.2, "severity": 0, "alert_level": "none"}, {"day": 5, "date": "2026-06-30", "heat_index": 31.3, "wind_chill": 17.3, "severity": 0, "alert_level": "none"}, {"day": 6, "date": "2026-07-01", "heat_index": 31.5, "wind_chill": 17.4, "severity": 0, "alert_level": "none"}]}}, {"type": "Feature", "geometry": {"type": "Polygon", "coordinates": [[[-2.623076923076923, 33.37837837837838], [-2.376923076923077, 33.37837837837838], [-2.376923076923077, 33.62162162162162], [-2.623076923076923, 33.62162162162162], [-2.623076923076923, 33.37837837837838]]]}, "properties": {"row": 10, "col": 58, "lat": 33.5, "lon": -2.5, "alert_level": "none", "severity": 0, "forecasts": [{"day": 0, "date": "2026-06-25", "heat_index": 32.0, "wind_chill": 16.7, "severity": 0, "alert_level": "none"}, {"day": 1, "date": "2026-06-26", "heat_index": 31.3, "wind_chill": 16.8, "severity": 0, "alert_level": "none"}, {"day": 2, "date": "2026-06-27", "heat_index": 30.9, "wind_chill": 16.9, "severity": 0, "alert_level": "none"}, {"day": 3, "date": "2026-06-28", "heat_index": 30.6, "wind_chill": 16.9, "severity": 0, "alert_level": "none"}, {"day": 4, "date": "2026-06-29", "heat_index": 30.4, "wind_chill": 16.8, "severity": 0, "alert_level": "none"}, {"day": 5, "date": "2026-06-30", "heat_index": 30.7, "wind_chill": 16.9, "severity": 0, "alert_level": "none"}, {"day": 6, "date": "2026-07-01", "heat_index": 30.9, "wind_chill": 17.0, "severity": 0, "alert_level": "none"}]}}, {"type": "Feature", "geometry": {"type": "Polygon", "coordinates": [[[-2.373076923076923, 33.37837837837838], [-2.126923076923077, 33.37837837837838], [-2.126923076923077, 33.62162162162162], [-2.373076923076923, 33.62162162162162], [-2.373076923076923, 33.37837837837838]]]}, "properties": {"row": 10, "col": 59, "lat": 33.5, "lon": -2.25, "alert_level": "none", "severity": 0, "forecasts": [{"day": 0, "date": "2026-06-25", "heat_index": 31.4, "wind_chill": 16.5, "severity": 0, "alert_level": "none"}, {"day": 1, "date": "2026-06-26", "heat_index": 30.7, "wind_chill": 16.4, "severity": 0, "alert_level": "none"}, {"day": 2, "date": "2026-06-27", "heat_index": 30.1, "wind_chill": 16.2, "severity": 0, "alert_level": "none"}, {"day": 3, "date": "2026-06-28", "heat_index": 29.6, "wind_chill": 16.0, "severity": 0, "alert_level": "none"}, {"day": 4, "date": "2026-06-29", "heat_index": 29.4, "wind_chill": 15.9, "severity": 0, "alert_level": "none"}, {"day": 5, "date": "2026-06-30", "heat_index": 29.7, "wind_chill": 16.0, "severity": 0, "alert_level": "none"}, {"day": 6, "date": "2026-07-01", "heat_index": 30.1, "wind_chill": 16.2, "severity": 0, "alert_level": "none"}]}}, {"type": "Feature", "geometry": {"type": "Polygon", "coordinates": [[[-2.123076923076923, 33.37837837837838], [-1.876923076923077, 33.37837837837838], [-1.876923076923077, 33.62162162162162], [-2.123076923076923, 33.62162162162162], [-2.123076923076923, 33.37837837837838]]]}, "properties": {"row": 10, "col": 60, "lat": 33.5, "lon": -2.0, "alert_level": "none", "severity": 0, "forecasts": [{"day": 0, "date": "2026-06-25", "heat_index": 30.7, "wind_chill": 15.6, "severity": 0, "alert_level": "none"}, {"day": 1, "date": "2026-06-26", "heat_index": 29.0, "wind_chill": 14.8, "severity": 0, "alert_level": "none"}, {"day": 2, "date": "2026-06-27", "heat_index": 28.6, "wind_chill": 14.5, "severity": 0, "alert_level": "none"}, {"day": 3, "date": "2026-06-28", "heat_index": 28.3, "wind_chill": 14.5, "severity": 0, "alert_level": "none"}, {"day": 4, "date": "2026-06-29", "heat_index": 28.2, "wind_chill": 14.4, "severity": 0, "alert_level": "none"}, {"day": 5, "date": "2026-06-30", "heat_index": 28.7, "wind_chill": 14.6, "severity": 0, "alert_level": "none"}, {"day": 6, "date": "2026-07-01", "heat_index": 29.1, "wind_chill": 14.8, "severity": 0, "alert_level": "none"}]}}, {"type": "Feature", "geometry": {"type": "Polygon", "coordinates": [[[-1.873076923076923, 33.37837837837838], [-1.626923076923077, 33.37837837837838], [-1.626923076923077, 33.62162162162162], [-1.873076923076923, 33.62162162162162], [-1.873076923076923, 33.37837837837838]]]}, "properties": {"row": 10, "col": 61, "lat": 33.5, "lon": -1.75, "alert_level": "none", "severity": 0, "forecasts": [{"day": 0, "date": "2026-06-25", "heat_index": 28.5, "wind_chill": 14.6, "severity": 0, "alert_level": "none"}, {"day": 1, "date": "2026-06-26", "heat_index": 28.6, "wind_chill": 14.7, "severity": 0, "alert_level": "none"}, {"day": 2, "date": "2026-06-27", "heat_index": 28.8, "wind_chill": 15.1, "severity": 0, "alert_level": "none"}, {"day": 3, "date": "2026-06-28", "heat_index": 28.4, "wind_chill": 15.1, "severity": 0, "alert_level": "none"}, {"day": 4, "date": "2026-06-29", "heat_index": 28.4, "wind_chill": 15.0, "severity": 0, "alert_level": "none"}, {"day": 5, "date": "2026-06-30", "heat_index": 28.9, "wind_chill": 15.3, "severity": 0, "alert_level": "none"}, {"day": 6, "date": "2026-07-01", "heat_index": 29.5, "wind_chill": 15.6, "severity": 0, "alert_level": "none"}]}}, {"type": "Feature", "geometry": {"type": "Polygon", "coordinates": [[[-8.623076923076923, 33.12837837837838], [-8.376923076923077, 33.12837837837838], [-8.376923076923077, 33.37162162162162], [-8.623076923076923, 33.37162162162162], [-8.623076923076923, 33.12837837837838]]]}, "properties": {"row": 11, "col": 34, "lat": 33.25, "lon": -8.5, "alert_level": "none", "severity": 0, "forecasts": [{"day": 0, "date": "2026-06-25", "heat_index": 17.4, "wind_chill": 12.1, "severity": 0, "alert_level": "none"}, {"day": 1, "date": "2026-06-26", "heat_index": 20.6, "wind_chill": 15.0, "severity": 0, "alert_level": "none"}, {"day": 2, "date": "2026-06-27", "heat_index": 21.3, "wind_chill": 15.6, "severity": 0, "alert_level": "none"}, {"day": 3, "date": "2026-06-28", "heat_index": 21.5, "wind_chill": 15.9, "severity": 0, "alert_level": "none"}, {"day": 4, "date": "2026-06-29", "heat_index": 21.8, "wind_chill": 16.0, "severity": 0, "alert_level": "none"}, {"day": 5, "date": "2026-06-30", "heat_index": 22.0, "wind_chill": 16.0, "severity": 0, "alert_level": "none"}, {"day": 6, "date": "2026-07-01", "heat_index": 22.2, "wind_chill": 16.0, "severity": 0, "alert_level": "none"}]}}, {"type": "Feature", "geometry": {"type": "Polygon", "coordinates": [[[-8.373076923076923, 33.12837837837838], [-8.126923076923077, 33.12837837837838], [-8.126923076923077, 33.37162162162162], [-8.373076923076923, 33.37162162162162], [-8.373076923076923, 33.12837837837838]]]}, "properties": {"row": 11, "col": 35, "lat": 33.25, "lon": -8.25, "alert_level": "none", "severity": 0, "forecasts": [{"day": 0, "date": "2026-06-25", "heat_index": 21.9, "wind_chill": 16.4, "severity": 0, "alert_level": "none"}, {"day": 1, "date": "2026-06-26", "heat_index": 23.9, "wind_chill": 17.5, "severity": 0, "alert_level": "none"}, {"day": 2, "date": "2026-06-27", "heat_index": 24.0, "wind_chill": 17.8, "severity": 0, "alert_level": "none"}, {"day": 3, "date": "2026-06-28", "heat_index": 24.5, "wind_chill": 18.1, "severity": 0, "alert_level": "none"}, {"day": 4, "date": "2026-06-29", "heat_index": 24.9, "wind_chill": 18.2, "severity": 0, "alert_level": "none"}, {"day": 5, "date": "2026-06-30", "heat_index": 25.0, "wind_chill": 18.3, "severity": 0, "alert_level": "none"}, {"day": 6, "date": "2026-07-01", "heat_index": 25.1, "wind_chill": 18.2, "severity": 0, "alert_level": "none"}]}}, {"type": "Feature", "geometry": {"type": "Polygon", "coordinates": [[[-8.123076923076923, 33.12837837837838], [-7.876923076923077, 33.12837837837838], [-7.876923076923077, 33.37162162162162], [-8.123076923076923, 33.37162162162162], [-8.123076923076923, 33.12837837837838]]]}, "properties": {"row": 11, "col": 36, "lat": 33.25, "lon": -8.0, "alert_level": "none", "severity": 0, "forecasts": [{"day": 0, "date": "2026-06-25", "heat_index": 25.3, "wind_chill": 16.7, "severity": 0, "alert_level": "none"}, {"day": 1, "date": "2026-06-26", "heat_index": 24.8, "wind_chill": 16.7, "severity": 0, "alert_level": "none"}, {"day": 2, "date": "2026-06-27", "heat_index": 25.6, "wind_chill": 17.4, "severity": 0, "alert_level": "none"}, {"day": 3, "date": "2026-06-28", "heat_index": 26.1, "wind_chill": 17.7, "severity": 0, "alert_level": "none"}, {"day": 4, "date": "2026-06-29", "heat_index": 26.4, "wind_chill": 17.9, "severity": 0, "alert_level": "none"}, {"day": 5, "date": "2026-06-30", "heat_index": 26.6, "wind_chill": 18.1, "severity": 0, "alert_level": "none"}, {"day": 6, "date": "2026-07-01", "heat_index": 26.7, "wind_chill": 18.2, "severity": 0, "alert_level": "none"}]}}, {"type": "Feature", "geometry": {"type": "Polygon", "coordinates": [[[-7.873076923076923, 33.12837837837838], [-7.626923076923077, 33.12837837837838], [-7.626923076923077, 33.37162162162162], [-7.873076923076923, 33.37162162162162], [-7.873076923076923, 33.12837837837838]]]}, "properties": {"row": 11, "col": 37, "lat": 33.25, "lon": -7.75, "alert_level": "none", "severity": 0, "forecasts": [{"day": 0, "date": "2026-06-25", "heat_index": 26.4, "wind_chill": 17.3, "severity": 0, "alert_level": "none"}, {"day": 1, "date": "2026-06-26", "heat_index": 25.7, "wind_chill": 17.0, "severity": 0, "alert_level": "none"}, {"day": 2, "date": "2026-06-27", "heat_index": 26.6, "wind_chill": 17.9, "severity": 0, "alert_level": "none"}, {"day": 3, "date": "2026-06-28", "heat_index": 26.8, "wind_chill": 18.3, "severity": 0, "alert_level": "none"}, {"day": 4, "date": "2026-06-29", "heat_index": 27.0, "wind_chill": 18.5, "severity": 0, "alert_level": "none"}, {"day": 5, "date": "2026-06-30", "heat_index": 27.1, "wind_chill": 18.6, "severity": 0, "alert_level": "none"}, {"day": 6, "date": "2026-07-01", "heat_index": 27.2, "wind_chill": 18.7, "severity": 0, "alert_level": "none"}]}}, {"type": "Feature", "geometry": {"type": "Polygon", "coordinates": [[[-7.623076923076923, 33.12837837837838], [-7.376923076923077, 33.12837837837838], [-7.376923076923077, 33.37162162162162], [-7.623076923076923, 33.37162162162162], [-7.623076923076923, 33.12837837837838]]]}, "properties": {"row": 11, "col": 38, "lat": 33.25, "lon": -7.5, "alert_level": "none", "severity": 0, "forecasts": [{"day": 0, "date": "2026-06-25", "heat_index": 26.5, "wind_chill": 16.6, "severity": 0, "alert_level": "none"}, {"day": 1, "date": "2026-06-26", "heat_index": 26.1, "wind_chill": 16.9, "severity": 0, "alert_level": "none"}, {"day": 2, "date": "2026-06-27", "heat_index": 26.9, "wind_chill": 17.5, "severity": 0, "alert_level": "none"}, {"day": 3, "date": "2026-06-28", "heat_index": 27.4, "wind_chill": 17.8, "severity": 0, "alert_level": "none"}, {"day": 4, "date": "2026-06-29", "heat_index": 27.7, "wind_chill": 18.1, "severity": 0, "alert_level": "none"}, {"day": 5, "date": "2026-06-30", "heat_index": 28.0, "wind_chill": 18.2, "severity": 0, "alert_level": "none"}, {"day": 6, "date": "2026-07-01", "heat_index": 28.1, "wind_chill": 18.4, "severity": 0, "alert_level": "none"}]}}, {"type": "Feature", "geometry": {"type": "Polygon", "coordinates": [[[-7.373076923076923, 33.12837837837838], [-7.126923076923077, 33.12837837837838], [-7.126923076923077, 33.37162162162162], [-7.373076923076923, 33.37162162162162], [-7.373076923076923, 33.12837837837838]]]}, "properties": {"row": 11, "col": 39, "lat": 33.25, "lon": -7.25, "alert_level": "none", "severity": 0, "forecasts": [{"day": 0, "date": "2026-06-25", "heat_index": 26.8, "wind_chill": 16.1, "severity": 0, "alert_level": "none"}, {"day": 1, "date": "2026-06-26", "heat_index": 27.1, "wind_chill": 16.7, "severity": 0, "alert_level": "none"}, {"day": 2, "date": "2026-06-27", "heat_index": 27.5, "wind_chill": 17.3, "severity": 0, "alert_level": "none"}, {"day": 3, "date": "2026-06-28", "heat_index": 27.9, "wind_chill": 17.6, "severity": 0, "alert_level": "none"}, {"day": 4, "date": "2026-06-29", "heat_index": 28.2, "wind_chill": 17.8, "severity": 0, "alert_level": "none"}, {"day": 5, "date": "2026-06-30", "heat_index": 28.4, "wind_chill": 18.0, "severity": 0, "alert_level": "none"}, {"day": 6, "date": "2026-07-01", "heat_index": 28.5, "wind_chill": 18.1, "severity": 0, "alert_level": "none"}]}}, {"type": "Feature", "geometry": {"type": "Polygon", "coordinates": [[[-7.123076923076923, 33.12837837837838], [-6.876923076923077, 33.12837837837838], [-6.876923076923077, 33.37162162162162], [-7.123076923076923, 33.37162162162162], [-7.123076923076923, 33.12837837837838]]]}, "properties": {"row": 11, "col": 40, "lat": 33.25, "lon": -7.0, "alert_level": "none", "severity": 0, "forecasts": [{"day": 0, "date": "2026-06-25", "heat_index": 27.2, "wind_chill": 16.2, "severity": 0, "alert_level": "none"}, {"day": 1, "date": "2026-06-26", "heat_index": 28.2, "wind_chill": 16.8, "severity": 0, "alert_level": "none"}, {"day": 2, "date": "2026-06-27", "heat_index": 28.6, "wind_chill": 17.4, "severity": 0, "alert_level": "none"}, {"day": 3, "date": "2026-06-28", "heat_index": 28.9, "wind_chill": 17.8, "severity": 0, "alert_level": "none"}, {"day": 4, "date": "2026-06-29", "heat_index": 29.0, "wind_chill": 17.9, "severity": 0, "alert_level": "none"}, {"day": 5, "date": "2026-06-30", "heat_index": 29.3, "wind_chill": 18.0, "severity": 0, "alert_level": "none"}, {"day": 6, "date": "2026-07-01", "heat_index": 29.5, "wind_chill": 18.1, "severity": 0, "alert_level": "none"}]}}, {"type": "Feature", "geometry": {"type": "Polygon", "coordinates": [[[-6.873076923076923, 33.12837837837838], [-6.626923076923077, 33.12837837837838], [-6.626923076923077, 33.37162162162162], [-6.873076923076923, 33.37162162162162], [-6.873076923076923, 33.12837837837838]]]}, "properties": {"row": 11, "col": 41, "lat": 33.25, "lon": -6.75, "alert_level": "none", "severity": 0, "forecasts": [{"day": 0, "date": "2026-06-25", "heat_index": 29.3, "wind_chill": 17.0, "severity": 0, "alert_level": "none"}, {"day": 1, "date": "2026-06-26", "heat_index": 29.8, "wind_chill": 17.0, "severity": 0, "alert_level": "none"}, {"day": 2, "date": "2026-06-27", "heat_index": 30.2, "wind_chill": 17.2, "severity": 0, "alert_level": "none"}, {"day": 3, "date": "2026-06-28", "heat_index": 30.4, "wind_chill": 17.5, "severity": 0, "alert_level": "none"}, {"day": 4, "date": "2026-06-29", "heat_index": 30.4, "wind_chill": 17.5, "severity": 0, "alert_level": "none"}, {"day": 5, "date": "2026-06-30", "heat_index": 30.6, "wind_chill": 17.6, "severity": 0, "alert_level": "none"}, {"day": 6, "date": "2026-07-01", "heat_index": 30.8, "wind_chill": 17.7, "severity": 0, "alert_level": "none"}]}}, {"type": "Feature", "geometry": {"type": "Polygon", "coordinates": [[[-6.623076923076923, 33.12837837837838], [-6.376923076923077, 33.12837837837838], [-6.376923076923077, 33.37162162162162], [-6.623076923076923, 33.37162162162162], [-6.623076923076923, 33.12837837837838]]]}, "properties": {"row": 11, "col": 42, "lat": 33.25, "lon": -6.5, "alert_level": "none", "severity": 0, "forecasts": [{"day": 0, "date": "2026-06-25", "heat_index": 30.4, "wind_chill": 17.2, "severity": 0, "alert_level": "none"}, {"day": 1, "date": "2026-06-26", "heat_index": 30.6, "wind_chill": 16.8, "severity": 0, "alert_level": "none"}, {"day": 2, "date": "2026-06-27", "heat_index": 31.0, "wind_chill": 17.0, "severity": 0, "alert_level": "none"}, {"day": 3, "date": "2026-06-28", "heat_index": 31.1, "wind_chill": 17.3, "severity": 0, "alert_level": "none"}, {"day": 4, "date": "2026-06-29", "heat_index": 30.9, "wind_chill": 17.2, "severity": 0, "alert_level": "none"}, {"day": 5, "date": "2026-06-30", "heat_index": 31.1, "wind_chill": 17.2, "severity": 0, "alert_level": "none"}, {"day": 6, "date": "2026-07-01", "heat_index": 31.3, "wind_chill": 17.3, "severity": 0, "alert_level": "none"}]}}, {"type": "Feature", "geometry": {"type": "Polygon", "coordinates": [[[-6.373076923076923, 33.12837837837838], [-6.126923076923077, 33.12837837837838], [-6.126923076923077, 33.37162162162162], [-6.373076923076923, 33.37162162162162], [-6.373076923076923, 33.12837837837838]]]}, "properties": {"row": 11, "col": 43, "lat": 33.25, "lon": -6.25, "alert_level": "none", "severity": 0, "forecasts": [{"day": 0, "date": "2026-06-25", "heat_index": 30.4, "wind_chill": 16.1, "severity": 0, "alert_level": "none"}, {"day": 1, "date": "2026-06-26", "heat_index": 30.9, "wind_chill": 16.2, "severity": 0, "alert_level": "none"}, {"day": 2, "date": "2026-06-27", "heat_index": 31.5, "wind_chill": 16.5, "severity": 0, "alert_level": "none"}, {"day": 3, "date": "2026-06-28", "heat_index": 31.5, "wind_chill": 16.7, "severity": 0, "alert_level": "none"}, {"day": 4, "date": "2026-06-29", "heat_index": 31.3, "wind_chill": 16.6, "severity": 0, "alert_level": "none"}, {"day": 5, "date": "2026-06-30", "heat_index": 31.4, "wind_chill": 16.7, "severity": 0, "alert_level": "none"}, {"day": 6, "date": "2026-07-01", "heat_index": 31.6, "wind_chill": 16.8, "severity": 0, "alert_level": "none"}]}}, {"type": "Feature", "geometry": {"type": "Polygon", "coordinates": [[[-6.123076923076923, 33.12837837837838], [-5.876923076923077, 33.12837837837838], [-5.876923076923077, 33.37162162162162], [-6.123076923076923, 33.37162162162162], [-6.123076923076923, 33.12837837837838]]]}, "properties": {"row": 11, "col": 44, "lat": 33.25, "lon": -6.0, "alert_level": "none", "severity": 0, "forecasts": [{"day": 0, "date": "2026-06-25", "heat_index": 30.1, "wind_chill": 15.1, "severity": 0, "alert_level": "none"}, {"day": 1, "date": "2026-06-26", "heat_index": 30.4, "wind_chill": 15.3, "severity": 0, "alert_level": "none"}, {"day": 2, "date": "2026-06-27", "heat_index": 31.0, "wind_chill": 15.9, "severity": 0, "alert_level": "none"}, {"day": 3, "date": "2026-06-28", "heat_index": 31.1, "wind_chill": 16.1, "severity": 0, "alert_level": "none"}, {"day": 4, "date": "2026-06-29", "heat_index": 30.9, "wind_chill": 16.0, "severity": 0, "alert_level": "none"}, {"day": 5, "date": "2026-06-30", "heat_index": 31.0, "wind_chill": 16.1, "severity": 0, "alert_level": "none"}, {"day": 6, "date": "2026-07-01", "heat_index": 31.3, "wind_chill": 16.3, "severity": 0, "alert_level": "none"}]}}, {"type": "Feature", "geometry": {"type": "Polygon", "coordinates": [[[-5.873076923076923, 33.12837837837838], [-5.626923076923077, 33.12837837837838], [-5.626923076923077, 33.37162162162162], [-5.873076923076923, 33.37162162162162], [-5.873076923076923, 33.12837837837838]]]}, "properties": {"row": 11, "col": 45, "lat": 33.25, "lon": -5.75, "alert_level": "none", "severity": 0, "forecasts": [{"day": 0, "date": "2026-06-25", "heat_index": 29.6, "wind_chill": 14.3, "severity": 0, "alert_level": "none"}, {"day": 1, "date": "2026-06-26", "heat_index": 29.9, "wind_chill": 14.8, "severity": 0, "alert_level": "none"}, {"day": 2, "date": "2026-06-27", "heat_index": 30.4, "wind_chill": 15.5, "severity": 0, "alert_level": "none"}, {"day": 3, "date": "2026-06-28", "heat_index": 30.5, "wind_chill": 15.7, "severity": 0, "alert_level": "none"}, {"day": 4, "date": "2026-06-29", "heat_index": 30.5, "wind_chill": 15.6, "severity": 0, "alert_level": "none"}, {"day": 5, "date": "2026-06-30", "heat_index": 30.6, "wind_chill": 15.8, "severity": 0, "alert_level": "none"}, {"day": 6, "date": "2026-07-01", "heat_index": 30.8, "wind_chill": 15.9, "severity": 0, "alert_level": "none"}]}}, {"type": "Feature", "geometry": {"type": "Polygon", "coordinates": [[[-5.623076923076923, 33.12837837837838], [-5.376923076923077, 33.12837837837838], [-5.376923076923077, 33.37162162162162], [-5.623076923076923, 33.37162162162162], [-5.623076923076923, 33.12837837837838]]]}, "properties": {"row": 11, "col": 46, "lat": 33.25, "lon": -5.5, "alert_level": "none", "severity": 0, "forecasts": [{"day": 0, "date": "2026-06-25", "heat_index": 28.6, "wind_chill": 13.8, "severity": 0, "alert_level": "none"}, {"day": 1, "date": "2026-06-26", "heat_index": 28.9, "wind_chill": 14.3, "severity": 0, "alert_level": "none"}, {"day": 2, "date": "2026-06-27", "heat_index": 29.3, "wind_chill": 14.8, "severity": 0, "alert_level": "none"}, {"day": 3, "date": "2026-06-28", "heat_index": 29.5, "wind_chill": 15.0, "severity": 0, "alert_level": "none"}, {"day": 4, "date": "2026-06-29", "heat_index": 29.5, "wind_chill": 15.0, "severity": 0, "alert_level": "none"}, {"day": 5, "date": "2026-06-30", "heat_index": 29.7, "wind_chill": 15.1, "severity": 0, "alert_level": "none"}, {"day": 6, "date": "2026-07-01", "heat_index": 29.9, "wind_chill": 15.3, "severity": 0, "alert_level": "none"}]}}, {"type": "Feature", "geometry": {"type": "Polygon", "coordinates": [[[-5.373076923076923, 33.12837837837838], [-5.126923076923077, 33.12837837837838], [-5.126923076923077, 33.37162162162162], [-5.373076923076923, 33.37162162162162], [-5.373076923076923, 33.12837837837838]]]}, "properties": {"row": 11, "col": 47, "lat": 33.25, "lon": -5.25, "alert_level": "none", "severity": 0, "forecasts": [{"day": 0, "date": "2026-06-25", "heat_index": 26.5, "wind_chill": 11.9, "severity": 0, "alert_level": "none"}, {"day": 1, "date": "2026-06-26", "heat_index": 26.9, "wind_chill": 12.7, "severity": 0, "alert_level": "none"}, {"day": 2, "date": "2026-06-27", "heat_index": 27.2, "wind_chill": 13.0, "severity": 0, "alert_level": "none"}, {"day": 3, "date": "2026-06-28", "heat_index": 27.3, "wind_chill": 13.1, "severity": 0, "alert_level": "none"}, {"day": 4, "date": "2026-06-29", "heat_index": 27.4, "wind_chill": 13.2, "severity": 0, "alert_level": "none"}, {"day": 5, "date": "2026-06-30", "heat_index": 27.6, "wind_chill": 13.4, "severity": 0, "alert_level": "none"}, {"day": 6, "date": "2026-07-01", "heat_index": 27.9, "wind_chill": 13.5, "severity": 0, "alert_level": "none"}]}}, {"type": "Feature", "geometry": {"type": "Polygon", "coordinates": [[[-5.123076923076923, 33.12837837837838], [-4.876923076923077, 33.12837837837838], [-4.876923076923077, 33.37162162162162], [-5.123076923076923, 33.37162162162162], [-5.123076923076923, 33.12837837837838]]]}, "properties": {"row": 11, "col": 48, "lat": 33.25, "lon": -5.0, "alert_level": "none", "severity": 0, "forecasts": [{"day": 0, "date": "2026-06-25", "heat_index": 25.1, "wind_chill": 10.5, "severity": 0, "alert_level": "none"}, {"day": 1, "date": "2026-06-26", "heat_index": 25.4, "wind_chill": 11.3, "severity": 0, "alert_level": "none"}, {"day": 2, "date": "2026-06-27", "heat_index": 25.6, "wind_chill": 11.5, "severity": 0, "alert_level": "none"}, {"day": 3, "date": "2026-06-28", "heat_index": 25.7, "wind_chill": 11.7, "severity": 0, "alert_level": "none"}, {"day": 4, "date": "2026-06-29", "heat_index": 25.8, "wind_chill": 11.8, "severity": 0, "alert_level": "none"}, {"day": 5, "date": "2026-06-30", "heat_index": 26.0, "wind_chill": 12.0, "severity": 0, "alert_level": "none"}, {"day": 6, "date": "2026-07-01", "heat_index": 26.3, "wind_chill": 12.1, "severity": 0, "alert_level": "none"}]}}, {"type": "Feature", "geometry": {"type": "Polygon", "coordinates": [[[-4.873076923076923, 33.12837837837838], [-4.626923076923077, 33.12837837837838], [-4.626923076923077, 33.37162162162162], [-4.873076923076923, 33.37162162162162], [-4.873076923076923, 33.12837837837838]]]}, "properties": {"row": 11, "col": 49, "lat": 33.25, "lon": -4.75, "alert_level": "none", "severity": 0, "forecasts": [{"day": 0, "date": "2026-06-25", "heat_index": 26.1, "wind_chill": 11.5, "severity": 0, "alert_level": "none"}, {"day": 1, "date": "2026-06-26", "heat_index": 26.3, "wind_chill": 12.2, "severity": 0, "alert_level": "none"}, {"day": 2, "date": "2026-06-27", "heat_index": 26.4, "wind_chill": 12.4, "severity": 0, "alert_level": "none"}, {"day": 3, "date": "2026-06-28", "heat_index": 26.5, "wind_chill": 12.6, "severity": 0, "alert_level": "none"}, {"day": 4, "date": "2026-06-29", "heat_index": 26.6, "wind_chill": 12.7, "severity": 0, "alert_level": "none"}, {"day": 5, "date": "2026-06-30", "heat_index": 26.8, "wind_chill": 12.8, "severity": 0, "alert_level": "none"}, {"day": 6, "date": "2026-07-01", "heat_index": 27.0, "wind_chill": 13.0, "severity": 0, "alert_level": "none"}]}}, {"type": "Feature", "geometry": {"type": "Polygon", "coordinates": [[[-4.623076923076923, 33.12837837837838], [-4.376923076923077, 33.12837837837838], [-4.376923076923077, 33.37162162162162], [-4.623076923076923, 33.37162162162162], [-4.623076923076923, 33.12837837837838]]]}, "properties": {"row": 11, "col": 50, "lat": 33.25, "lon": -4.5, "alert_level": "none", "severity": 0, "forecasts": [{"day": 0, "date": "2026-06-25", "heat_index": 27.7, "wind_chill": 13.6, "severity": 0, "alert_level": "none"}, {"day": 1, "date": "2026-06-26", "heat_index": 28.0, "wind_chill": 14.1, "severity": 0, "alert_level": "none"}, {"day": 2, "date": "2026-06-27", "heat_index": 28.3, "wind_chill": 14.4, "severity": 0, "alert_level": "none"}, {"day": 3, "date": "2026-06-28", "heat_index": 28.4, "wind_chill": 14.5, "severity": 0, "alert_level": "none"}, {"day": 4, "date": "2026-06-29", "heat_index": 28.4, "wind_chill": 14.6, "severity": 0, "alert_level": "none"}, {"day": 5, "date": "2026-06-30", "heat_index": 28.6, "wind_chill": 14.7, "severity": 0, "alert_level": "none"}, {"day": 6, "date": "2026-07-01", "heat_index": 28.8, "wind_chill": 14.8, "severity": 0, "alert_level": "none"}]}}, {"type": "Feature", "geometry": {"type": "Polygon", "coordinates": [[[-4.373076923076923, 33.12837837837838], [-4.126923076923077, 33.12837837837838], [-4.126923076923077, 33.37162162162162], [-4.373076923076923, 33.37162162162162], [-4.373076923076923, 33.12837837837838]]]}, "properties": {"row": 11, "col": 51, "lat": 33.25, "lon": -4.25, "alert_level": "none", "severity": 0, "forecasts": [{"day": 0, "date": "2026-06-25", "heat_index": 28.9, "wind_chill": 14.7, "severity": 0, "alert_level": "none"}, {"day": 1, "date": "2026-06-26", "heat_index": 29.7, "wind_chill": 15.4, "severity": 0, "alert_level": "none"}, {"day": 2, "date": "2026-06-27", "heat_index": 30.0, "wind_chill": 15.7, "severity": 0, "alert_level": "none"}, {"day": 3, "date": "2026-06-28", "heat_index": 30.1, "wind_chill": 16.0, "severity": 0, "alert_level": "none"}, {"day": 4, "date": "2026-06-29", "heat_index": 30.1, "wind_chill": 16.0, "severity": 0, "alert_level": "none"}, {"day": 5, "date": "2026-06-30", "heat_index": 30.3, "wind_chill": 16.1, "severity": 0, "alert_level": "none"}, {"day": 6, "date": "2026-07-01", "heat_index": 30.5, "wind_chill": 16.3, "severity": 0, "alert_level": "none"}]}}, {"type": "Feature", "geometry": {"type": "Polygon", "coordinates": [[[-4.123076923076923, 33.12837837837838], [-3.876923076923077, 33.12837837837838], [-3.876923076923077, 33.37162162162162], [-4.123076923076923, 33.37162162162162], [-4.123076923076923, 33.12837837837838]]]}, "properties": {"row": 11, "col": 52, "lat": 33.25, "lon": -4.0, "alert_level": "yellow", "severity": 0.8, "forecasts": [{"day": 0, "date": "2026-06-25", "heat_index": 31.7, "wind_chill": 16.7, "severity": 0, "alert_level": "none"}, {"day": 1, "date": "2026-06-26", "heat_index": 32.1, "wind_chill": 17.3, "severity": 0.1, "alert_level": "yellow"}, {"day": 2, "date": "2026-06-27", "heat_index": 32.3, "wind_chill": 17.7, "severity": 0.3, "alert_level": "yellow"}, {"day": 3, "date": "2026-06-28", "heat_index": 32.4, "wind_chill": 18.0, "severity": 0.4, "alert_level": "yellow"}, {"day": 4, "date": "2026-06-29", "heat_index": 32.4, "wind_chill": 18.0, "severity": 0.4, "alert_level": "yellow"}, {"day": 5, "date": "2026-06-30", "heat_index": 32.6, "wind_chill": 18.1, "severity": 0.6, "alert_level": "yellow"}, {"day": 6, "date": "2026-07-01", "heat_index": 32.8, "wind_chill": 18.2, "severity": 0.8, "alert_level": "yellow"}]}}, {"type": "Feature", "geometry": {"type": "Polygon", "coordinates": [[[-3.873076923076923, 33.12837837837838], [-3.626923076923077, 33.12837837837838], [-3.626923076923077, 33.37162162162162], [-3.873076923076923, 33.37162162162162], [-3.873076923076923, 33.12837837837838]]]}, "properties": {"row": 11, "col": 53, "lat": 33.25, "lon": -3.75, "alert_level": "orange", "severity": 2.5, "forecasts": [{"day": 0, "date": "2026-06-25", "heat_index": 33.6, "wind_chill": 18.6, "severity": 1.6, "alert_level": "yellow"}, {"day": 1, "date": "2026-06-26", "heat_index": 33.8, "wind_chill": 18.9, "severity": 1.8, "alert_level": "yellow"}, {"day": 2, "date": "2026-06-27", "heat_index": 34.0, "wind_chill": 19.6, "severity": 2.0, "alert_level": "orange"}, {"day": 3, "date": "2026-06-28", "heat_index": 34.1, "wind_chill": 19.6, "severity": 2.1, "alert_level": "orange"}, {"day": 4, "date": "2026-06-29", "heat_index": 34.1, "wind_chill": 19.6, "severity": 2.1, "alert_level": "orange"}, {"day": 5, "date": "2026-06-30", "heat_index": 34.3, "wind_chill": 19.7, "severity": 2.3, "alert_level": "orange"}, {"day": 6, "date": "2026-07-01", "heat_index": 34.5, "wind_chill": 19.8, "severity": 2.5, "alert_level": "orange"}]}}, {"type": "Feature", "geometry": {"type": "Polygon", "coordinates": [[[-3.623076923076923, 33.12837837837838], [-3.376923076923077, 33.12837837837838], [-3.376923076923077, 33.37162162162162], [-3.623076923076923, 33.37162162162162], [-3.623076923076923, 33.12837837837838]]]}, "properties": {"row": 11, "col": 54, "lat": 33.25, "lon": -3.5, "alert_level": "yellow", "severity": 1.7, "forecasts": [{"day": 0, "date": "2026-06-25", "heat_index": 32.4, "wind_chill": 17.9, "severity": 0.4, "alert_level": "yellow"}, {"day": 1, "date": "2026-06-26", "heat_index": 32.7, "wind_chill": 18.0, "severity": 0.7, "alert_level": "yellow"}, {"day": 2, "date": "2026-06-27", "heat_index": 33.0, "wind_chill": 18.7, "severity": 1.0, "alert_level": "yellow"}, {"day": 3, "date": "2026-06-28", "heat_index": 33.0, "wind_chill": 18.8, "severity": 1.0, "alert_level": "yellow"}, {"day": 4, "date": "2026-06-29", "heat_index": 33.1, "wind_chill": 18.8, "severity": 1.1, "alert_level": "yellow"}, {"day": 5, "date": "2026-06-30", "heat_index": 33.4, "wind_chill": 18.9, "severity": 1.4, "alert_level": "yellow"}, {"day": 6, "date": "2026-07-01", "heat_index": 33.7, "wind_chill": 19.1, "severity": 1.7, "alert_level": "yellow"}]}}, {"type": "Feature", "geometry": {"type": "Polygon", "coordinates": [[[-3.373076923076923, 33.12837837837838], [-3.126923076923077, 33.12837837837838], [-3.126923076923077, 33.37162162162162], [-3.373076923076923, 33.37162162162162], [-3.373076923076923, 33.12837837837838]]]}, "properties": {"row": 11, "col": 55, "lat": 33.25, "lon": -3.25, "alert_level": "none", "severity": 0, "forecasts": [{"day": 0, "date": "2026-06-25", "heat_index": 30.9, "wind_chill": 15.9, "severity": 0, "alert_level": "none"}, {"day": 1, "date": "2026-06-26", "heat_index": 30.7, "wind_chill": 16.1, "severity": 0, "alert_level": "none"}, {"day": 2, "date": "2026-06-27", "heat_index": 30.9, "wind_chill": 16.4, "severity": 0, "alert_level": "none"}, {"day": 3, "date": "2026-06-28", "heat_index": 30.9, "wind_chill": 16.7, "severity": 0, "alert_level": "none"}, {"day": 4, "date": "2026-06-29", "heat_index": 31.0, "wind_chill": 16.7, "severity": 0, "alert_level": "none"}, {"day": 5, "date": "2026-06-30", "heat_index": 31.3, "wind_chill": 16.9, "severity": 0, "alert_level": "none"}, {"day": 6, "date": "2026-07-01", "heat_index": 31.6, "wind_chill": 17.1, "severity": 0, "alert_level": "none"}]}}, {"type": "Feature", "geometry": {"type": "Polygon", "coordinates": [[[-3.123076923076923, 33.12837837837838], [-2.876923076923077, 33.12837837837838], [-2.876923076923077, 33.37162162162162], [-3.123076923076923, 33.37162162162162], [-3.123076923076923, 33.12837837837838]]]}, "properties": {"row": 11, "col": 56, "lat": 33.25, "lon": -3.0, "alert_level": "none", "severity": 0, "forecasts": [{"day": 0, "date": "2026-06-25", "heat_index": 31.0, "wind_chill": 15.8, "severity": 0, "alert_level": "none"}, {"day": 1, "date": "2026-06-26", "heat_index": 30.4, "wind_chill": 16.0, "severity": 0, "alert_level": "none"}, {"day": 2, "date": "2026-06-27", "heat_index": 30.4, "wind_chill": 16.2, "severity": 0, "alert_level": "none"}, {"day": 3, "date": "2026-06-28", "heat_index": 30.3, "wind_chill": 16.3, "severity": 0, "alert_level": "none"}, {"day": 4, "date": "2026-06-29", "heat_index": 30.3, "wind_chill": 16.4, "severity": 0, "alert_level": "none"}, {"day": 5, "date": "2026-06-30", "heat_index": 30.6, "wind_chill": 16.5, "severity": 0, "alert_level": "none"}, {"day": 6, "date": "2026-07-01", "heat_index": 30.9, "wind_chill": 16.7, "severity": 0, "alert_level": "none"}]}}, {"type": "Feature", "geometry": {"type": "Polygon", "coordinates": [[[-2.873076923076923, 33.12837837837838], [-2.626923076923077, 33.12837837837838], [-2.626923076923077, 33.37162162162162], [-2.873076923076923, 33.37162162162162], [-2.873076923076923, 33.12837837837838]]]}, "properties": {"row": 11, "col": 57, "lat": 33.25, "lon": -2.75, "alert_level": "none", "severity": 0, "forecasts": [{"day": 0, "date": "2026-06-25", "heat_index": 31.6, "wind_chill": 16.5, "severity": 0, "alert_level": "none"}, {"day": 1, "date": "2026-06-26", "heat_index": 31.0, "wind_chill": 16.7, "severity": 0, "alert_level": "none"}, {"day": 2, "date": "2026-06-27", "heat_index": 30.9, "wind_chill": 16.9, "severity": 0, "alert_level": "none"}, {"day": 3, "date": "2026-06-28", "heat_index": 30.7, "wind_chill": 16.9, "severity": 0, "alert_level": "none"}, {"day": 4, "date": "2026-06-29", "heat_index": 30.6, "wind_chill": 16.9, "severity": 0, "alert_level": "none"}, {"day": 5, "date": "2026-06-30", "heat_index": 30.8, "wind_chill": 17.0, "severity": 0, "alert_level": "none"}, {"day": 6, "date": "2026-07-01", "heat_index": 31.1, "wind_chill": 17.2, "severity": 0, "alert_level": "none"}]}}, {"type": "Feature", "geometry": {"type": "Polygon", "coordinates": [[[-2.623076923076923, 33.12837837837838], [-2.376923076923077, 33.12837837837838], [-2.376923076923077, 33.37162162162162], [-2.623076923076923, 33.37162162162162], [-2.623076923076923, 33.12837837837838]]]}, "properties": {"row": 11, "col": 58, "lat": 33.25, "lon": -2.5, "alert_level": "yellow", "severity": 0.1, "forecasts": [{"day": 0, "date": "2026-06-25", "heat_index": 32.1, "wind_chill": 17.1, "severity": 0.1, "alert_level": "yellow"}, {"day": 1, "date": "2026-06-26", "heat_index": 31.3, "wind_chill": 17.0, "severity": 0, "alert_level": "none"}, {"day": 2, "date": "2026-06-27", "heat_index": 30.9, "wind_chill": 17.1, "severity": 0, "alert_level": "none"}, {"day": 3, "date": "2026-06-28", "heat_index": 30.6, "wind_chill": 17.0, "severity": 0, "alert_level": "none"}, {"day": 4, "date": "2026-06-29", "heat_index": 30.5, "wind_chill": 17.0, "severity": 0, "alert_level": "none"}, {"day": 5, "date": "2026-06-30", "heat_index": 30.7, "wind_chill": 17.1, "severity": 0, "alert_level": "none"}, {"day": 6, "date": "2026-07-01", "heat_index": 31.0, "wind_chill": 17.3, "severity": 0, "alert_level": "none"}]}}, {"type": "Feature", "geometry": {"type": "Polygon", "coordinates": [[[-2.373076923076923, 33.12837837837838], [-2.126923076923077, 33.12837837837838], [-2.126923076923077, 33.37162162162162], [-2.373076923076923, 33.37162162162162], [-2.373076923076923, 33.12837837837838]]]}, "properties": {"row": 11, "col": 59, "lat": 33.25, "lon": -2.25, "alert_level": "none", "severity": 0, "forecasts": [{"day": 0, "date": "2026-06-25", "heat_index": 31.8, "wind_chill": 16.9, "severity": 0, "alert_level": "none"}, {"day": 1, "date": "2026-06-26", "heat_index": 30.9, "wind_chill": 16.7, "severity": 0, "alert_level": "none"}, {"day": 2, "date": "2026-06-27", "heat_index": 30.3, "wind_chill": 16.4, "severity": 0, "alert_level": "none"}, {"day": 3, "date": "2026-06-28", "heat_index": 29.7, "wind_chill": 16.2, "severity": 0, "alert_level": "none"}, {"day": 4, "date": "2026-06-29", "heat_index": 29.5, "wind_chill": 16.1, "severity": 0, "alert_level": "none"}, {"day": 5, "date": "2026-06-30", "heat_index": 29.8, "wind_chill": 16.2, "severity": 0, "alert_level": "none"}, {"day": 6, "date": "2026-07-01", "heat_index": 30.1, "wind_chill": 16.4, "severity": 0, "alert_level": "none"}]}}, {"type": "Feature", "geometry": {"type": "Polygon", "coordinates": [[[-2.123076923076923, 33.12837837837838], [-1.876923076923077, 33.12837837837838], [-1.876923076923077, 33.37162162162162], [-2.123076923076923, 33.37162162162162], [-2.123076923076923, 33.12837837837838]]]}, "properties": {"row": 11, "col": 60, "lat": 33.25, "lon": -2.0, "alert_level": "none", "severity": 0, "forecasts": [{"day": 0, "date": "2026-06-25", "heat_index": 31.0, "wind_chill": 15.8, "severity": 0, "alert_level": "none"}, {"day": 1, "date": "2026-06-26", "heat_index": 29.2, "wind_chill": 15.1, "severity": 0, "alert_level": "none"}, {"day": 2, "date": "2026-06-27", "heat_index": 28.6, "wind_chill": 14.7, "severity": 0, "alert_level": "none"}, {"day": 3, "date": "2026-06-28", "heat_index": 28.3, "wind_chill": 14.7, "severity": 0, "alert_level": "none"}, {"day": 4, "date": "2026-06-29", "heat_index": 28.3, "wind_chill": 14.6, "severity": 0, "alert_level": "none"}, {"day": 5, "date": "2026-06-30", "heat_index": 28.7, "wind_chill": 14.8, "severity": 0, "alert_level": "none"}, {"day": 6, "date": "2026-07-01", "heat_index": 29.1, "wind_chill": 15.0, "severity": 0, "alert_level": "none"}]}}, {"type": "Feature", "geometry": {"type": "Polygon", "coordinates": [[[-1.873076923076923, 33.12837837837838], [-1.626923076923077, 33.12837837837838], [-1.626923076923077, 33.37162162162162], [-1.873076923076923, 33.37162162162162], [-1.873076923076923, 33.12837837837838]]]}, "properties": {"row": 11, "col": 61, "lat": 33.25, "lon": -1.75, "alert_level": "none", "severity": 0, "forecasts": [{"day": 0, "date": "2026-06-25", "heat_index": 28.8, "wind_chill": 14.8, "severity": 0, "alert_level": "none"}, {"day": 1, "date": "2026-06-26", "heat_index": 28.8, "wind_chill": 15.0, "severity": 0, "alert_level": "none"}, {"day": 2, "date": "2026-06-27", "heat_index": 28.9, "wind_chill": 15.4, "severity": 0, "alert_level": "none"}, {"day": 3, "date": "2026-06-28", "heat_index": 28.6, "wind_chill": 15.4, "severity": 0, "alert_level": "none"}, {"day": 4, "date": "2026-06-29", "heat_index": 28.5, "wind_chill": 15.3, "severity": 0, "alert_level": "none"}, {"day": 5, "date": "2026-06-30", "heat_index": 29.0, "wind_chill": 15.5, "severity": 0, "alert_level": "none"}, {"day": 6, "date": "2026-07-01", "heat_index": 29.5, "wind_chill": 15.8, "severity": 0, "alert_level": "none"}]}}, {"type": "Feature", "geometry": {"type": "Polygon", "coordinates": [[[-8.873076923076923, 32.87837837837838], [-8.626923076923077, 32.87837837837838], [-8.626923076923077, 33.12162162162162], [-8.873076923076923, 33.12162162162162], [-8.873076923076923, 32.87837837837838]]]}, "properties": {"row": 12, "col": 33, "lat": 33.0, "lon": -8.75, "alert_level": "none", "severity": 0, "forecasts": [{"day": 0, "date": "2026-06-25", "heat_index": 11.8, "wind_chill": 6.4, "severity": 0, "alert_level": "none"}, {"day": 1, "date": "2026-06-26", "heat_index": 17.8, "wind_chill": 11.0, "severity": 0, "alert_level": "none"}, {"day": 2, "date": "2026-06-27", "heat_index": 19.2, "wind_chill": 12.6, "severity": 0, "alert_level": "none"}, {"day": 3, "date": "2026-06-28", "heat_index": 20.0, "wind_chill": 13.5, "severity": 0, "alert_level": "none"}, {"day": 4, "date": "2026-06-29", "heat_index": 20.6, "wind_chill": 13.9, "severity": 0, "alert_level": "none"}, {"day": 5, "date": "2026-06-30", "heat_index": 20.9, "wind_chill": 14.1, "severity": 0, "alert_level": "none"}, {"day": 6, "date": "2026-07-01", "heat_index": 20.9, "wind_chill": 14.0, "severity": 0, "alert_level": "none"}]}}, {"type": "Feature", "geometry": {"type": "Polygon", "coordinates": [[[-8.623076923076923, 32.87837837837838], [-8.376923076923077, 32.87837837837838], [-8.376923076923077, 33.12162162162162], [-8.623076923076923, 33.12162162162162], [-8.623076923076923, 32.87837837837838]]]}, "properties": {"row": 12, "col": 34, "lat": 33.0, "lon": -8.5, "alert_level": "none", "severity": 0, "forecasts": [{"day": 0, "date": "2026-06-25", "heat_index": 20.1, "wind_chill": 15.2, "severity": 0, "alert_level": "none"}, {"day": 1, "date": "2026-06-26", "heat_index": 24.6, "wind_chill": 17.9, "severity": 0, "alert_level": "none"}, {"day": 2, "date": "2026-06-27", "heat_index": 25.4, "wind_chill": 18.7, "severity": 0, "alert_level": "none"}, {"day": 3, "date": "2026-06-28", "heat_index": 25.9, "wind_chill": 19.1, "severity": 0, "alert_level": "none"}, {"day": 4, "date": "2026-06-29", "heat_index": 26.3, "wind_chill": 19.2, "severity": 0, "alert_level": "none"}, {"day": 5, "date": "2026-06-30", "heat_index": 26.5, "wind_chill": 19.3, "severity": 0, "alert_level": "none"}, {"day": 6, "date": "2026-07-01", "heat_index": 26.7, "wind_chill": 19.4, "severity": 0, "alert_level": "none"}]}}, {"type": "Feature", "geometry": {"type": "Polygon", "coordinates": [[[-8.373076923076923, 32.87837837837838], [-8.126923076923077, 32.87837837837838], [-8.126923076923077, 33.12162162162162], [-8.373076923076923, 33.12162162162162], [-8.373076923076923, 32.87837837837838]]]}, "properties": {"row": 12, "col": 35, "lat": 33.0, "lon": -8.25, "alert_level": "none", "severity": 0, "forecasts": [{"day": 0, "date": "2026-06-25", "heat_index": 23.1, "wind_chill": 15.9, "severity": 0, "alert_level": "none"}, {"day": 1, "date": "2026-06-26", "heat_index": 25.6, "wind_chill": 16.8, "severity": 0, "alert_level": "none"}, {"day": 2, "date": "2026-06-27", "heat_index": 26.5, "wind_chill": 18.0, "severity": 0, "alert_level": "none"}, {"day": 3, "date": "2026-06-28", "heat_index": 26.8, "wind_chill": 18.4, "severity": 0, "alert_level": "none"}, {"day": 4, "date": "2026-06-29", "heat_index": 27.1, "wind_chill": 18.7, "severity": 0, "alert_level": "none"}, {"day": 5, "date": "2026-06-30", "heat_index": 27.2, "wind_chill": 18.8, "severity": 0, "alert_level": "none"}, {"day": 6, "date": "2026-07-01", "heat_index": 27.3, "wind_chill": 18.9, "severity": 0, "alert_level": "none"}]}}, {"type": "Feature", "geometry": {"type": "Polygon", "coordinates": [[[-8.123076923076923, 32.87837837837838], [-7.876923076923077, 32.87837837837838], [-7.876923076923077, 33.12162162162162], [-8.123076923076923, 33.12162162162162], [-8.123076923076923, 32.87837837837838]]]}, "properties": {"row": 12, "col": 36, "lat": 33.0, "lon": -8.0, "alert_level": "none", "severity": 0, "forecasts": [{"day": 0, "date": "2026-06-25", "heat_index": 25.6, "wind_chill": 16.9, "severity": 0, "alert_level": "none"}, {"day": 1, "date": "2026-06-26", "heat_index": 26.2, "wind_chill": 16.4, "severity": 0, "alert_level": "none"}, {"day": 2, "date": "2026-06-27", "heat_index": 27.3, "wind_chill": 17.5, "severity": 0, "alert_level": "none"}, {"day": 3, "date": "2026-06-28", "heat_index": 27.9, "wind_chill": 17.8, "severity": 0, "alert_level": "none"}, {"day": 4, "date": "2026-06-29", "heat_index": 28.3, "wind_chill": 18.0, "severity": 0, "alert_level": "none"}, {"day": 5, "date": "2026-06-30", "heat_index": 28.5, "wind_chill": 18.2, "severity": 0, "alert_level": "none"}, {"day": 6, "date": "2026-07-01", "heat_index": 28.7, "wind_chill": 18.3, "severity": 0, "alert_level": "none"}]}}, {"type": "Feature", "geometry": {"type": "Polygon", "coordinates": [[[-7.873076923076923, 32.87837837837838], [-7.626923076923077, 32.87837837837838], [-7.626923076923077, 33.12162162162162], [-7.873076923076923, 33.12162162162162], [-7.873076923076923, 32.87837837837838]]]}, "properties": {"row": 12, "col": 37, "lat": 33.0, "lon": -7.75, "alert_level": "none", "severity": 0, "forecasts": [{"day": 0, "date": "2026-06-25", "heat_index": 26.0, "wind_chill": 17.1, "severity": 0, "alert_level": "none"}, {"day": 1, "date": "2026-06-26", "heat_index": 27.0, "wind_chill": 16.5, "severity": 0, "alert_level": "none"}, {"day": 2, "date": "2026-06-27", "heat_index": 27.7, "wind_chill": 17.3, "severity": 0, "alert_level": "none"}, {"day": 3, "date": "2026-06-28", "heat_index": 28.3, "wind_chill": 17.8, "severity": 0, "alert_level": "none"}, {"day": 4, "date": "2026-06-29", "heat_index": 28.6, "wind_chill": 18.0, "severity": 0, "alert_level": "none"}, {"day": 5, "date": "2026-06-30", "heat_index": 28.9, "wind_chill": 18.2, "severity": 0, "alert_level": "none"}, {"day": 6, "date": "2026-07-01", "heat_index": 29.2, "wind_chill": 18.4, "severity": 0, "alert_level": "none"}]}}, {"type": "Feature", "geometry": {"type": "Polygon", "coordinates": [[[-7.623076923076923, 32.87837837837838], [-7.376923076923077, 32.87837837837838], [-7.376923076923077, 33.12162162162162], [-7.623076923076923, 33.12162162162162], [-7.623076923076923, 32.87837837837838]]]}, "properties": {"row": 12, "col": 38, "lat": 33.0, "lon": -7.5, "alert_level": "none", "severity": 0, "forecasts": [{"day": 0, "date": "2026-06-25", "heat_index": 27.6, "wind_chill": 17.1, "severity": 0, "alert_level": "none"}, {"day": 1, "date": "2026-06-26", "heat_index": 28.3, "wind_chill": 16.8, "severity": 0, "alert_level": "none"}, {"day": 2, "date": "2026-06-27", "heat_index": 28.8, "wind_chill": 17.3, "severity": 0, "alert_level": "none"}, {"day": 3, "date": "2026-06-28", "heat_index": 29.2, "wind_chill": 17.8, "severity": 0, "alert_level": "none"}, {"day": 4, "date": "2026-06-29", "heat_index": 29.5, "wind_chill": 18.0, "severity": 0, "alert_level": "none"}, {"day": 5, "date": "2026-06-30", "heat_index": 29.7, "wind_chill": 18.2, "severity": 0, "alert_level": "none"}, {"day": 6, "date": "2026-07-01", "heat_index": 30.0, "wind_chill": 18.3, "severity": 0, "alert_level": "none"}]}}, {"type": "Feature", "geometry": {"type": "Polygon", "coordinates": [[[-7.373076923076923, 32.87837837837838], [-7.126923076923077, 32.87837837837838], [-7.126923076923077, 33.12162162162162], [-7.373076923076923, 33.12162162162162], [-7.373076923076923, 32.87837837837838]]]}, "properties": {"row": 12, "col": 39, "lat": 33.0, "lon": -7.25, "alert_level": "none", "severity": 0, "forecasts": [{"day": 0, "date": "2026-06-25", "heat_index": 28.7, "wind_chill": 16.9, "severity": 0, "alert_level": "none"}, {"day": 1, "date": "2026-06-26", "heat_index": 29.1, "wind_chill": 16.8, "severity": 0, "alert_level": "none"}, {"day": 2, "date": "2026-06-27", "heat_index": 29.5, "wind_chill": 17.2, "severity": 0, "alert_level": "none"}, {"day": 3, "date": "2026-06-28", "heat_index": 29.8, "wind_chill": 17.6, "severity": 0, "alert_level": "none"}, {"day": 4, "date": "2026-06-29", "heat_index": 29.9, "wind_chill": 17.7, "severity": 0, "alert_level": "none"}, {"day": 5, "date": "2026-06-30", "heat_index": 30.2, "wind_chill": 17.8, "severity": 0, "alert_level": "none"}, {"day": 6, "date": "2026-07-01", "heat_index": 30.5, "wind_chill": 17.9, "severity": 0, "alert_level": "none"}]}}, {"type": "Feature", "geometry": {"type": "Polygon", "coordinates": [[[-7.123076923076923, 32.87837837837838], [-6.876923076923077, 32.87837837837838], [-6.876923076923077, 33.12162162162162], [-7.123076923076923, 33.12162162162162], [-7.123076923076923, 32.87837837837838]]]}, "properties": {"row": 12, "col": 40, "lat": 33.0, "lon": -7.0, "alert_level": "none", "severity": 0, "forecasts": [{"day": 0, "date": "2026-06-25", "heat_index": 29.7, "wind_chill": 17.8, "severity": 0, "alert_level": "none"}, {"day": 1, "date": "2026-06-26", "heat_index": 29.8, "wind_chill": 17.2, "severity": 0, "alert_level": "none"}, {"day": 2, "date": "2026-06-27", "heat_index": 30.3, "wind_chill": 17.4, "severity": 0, "alert_level": "none"}, {"day": 3, "date": "2026-06-28", "heat_index": 30.5, "wind_chill": 17.8, "severity": 0, "alert_level": "none"}, {"day": 4, "date": "2026-06-29", "heat_index": 30.5, "wind_chill": 17.8, "severity": 0, "alert_level": "none"}, {"day": 5, "date": "2026-06-30", "heat_index": 30.7, "wind_chill": 17.9, "severity": 0, "alert_level": "none"}, {"day": 6, "date": "2026-07-01", "heat_index": 31.0, "wind_chill": 18.0, "severity": 0, "alert_level": "none"}]}}, {"type": "Feature", "geometry": {"type": "Polygon", "coordinates": [[[-6.873076923076923, 32.87837837837838], [-6.626923076923077, 32.87837837837838], [-6.626923076923077, 33.12162162162162], [-6.873076923076923, 33.12162162162162], [-6.873076923076923, 32.87837837837838]]]}, "properties": {"row": 12, "col": 41, "lat": 33.0, "lon": -6.75, "alert_level": "none", "severity": 0, "forecasts": [{"day": 0, "date": "2026-06-25", "heat_index": 30.4, "wind_chill": 17.3, "severity": 0, "alert_level": "none"}, {"day": 1, "date": "2026-06-26", "heat_index": 30.5, "wind_chill": 16.9, "severity": 0, "alert_level": "none"}, {"day": 2, "date": "2026-06-27", "heat_index": 31.1, "wind_chill": 17.2, "severity": 0, "alert_level": "none"}, {"day": 3, "date": "2026-06-28", "heat_index": 31.3, "wind_chill": 17.5, "severity": 0, "alert_level": "none"}, {"day": 4, "date": "2026-06-29", "heat_index": 31.1, "wind_chill": 17.4, "severity": 0, "alert_level": "none"}, {"day": 5, "date": "2026-06-30", "heat_index": 31.3, "wind_chill": 17.5, "severity": 0, "alert_level": "none"}, {"day": 6, "date": "2026-07-01", "heat_index": 31.5, "wind_chill": 17.6, "severity": 0, "alert_level": "none"}]}}, {"type": "Feature", "geometry": {"type": "Polygon", "coordinates": [[[-6.623076923076923, 32.87837837837838], [-6.376923076923077, 32.87837837837838], [-6.376923076923077, 33.12162162162162], [-6.623076923076923, 33.12162162162162], [-6.623076923076923, 32.87837837837838]]]}, "properties": {"row": 12, "col": 42, "lat": 33.0, "lon": -6.5, "alert_level": "none", "severity": 0, "forecasts": [{"day": 0, "date": "2026-06-25", "heat_index": 31.1, "wind_chill": 16.8, "severity": 0, "alert_level": "none"}, {"day": 1, "date": "2026-06-26", "heat_index": 31.0, "wind_chill": 16.5, "severity": 0, "alert_level": "none"}, {"day": 2, "date": "2026-06-27", "heat_index": 31.7, "wind_chill": 17.0, "severity": 0, "alert_level": "none"}, {"day": 3, "date": "2026-06-28", "heat_index": 31.8, "wind_chill": 17.2, "severity": 0, "alert_level": "none"}, {"day": 4, "date": "2026-06-29", "heat_index": 31.6, "wind_chill": 17.1, "severity": 0, "alert_level": "none"}, {"day": 5, "date": "2026-06-30", "heat_index": 31.7, "wind_chill": 17.1, "severity": 0, "alert_level": "none"}, {"day": 6, "date": "2026-07-01", "heat_index": 32.0, "wind_chill": 17.3, "severity": 0, "alert_level": "none"}]}}, {"type": "Feature", "geometry": {"type": "Polygon", "coordinates": [[[-6.373076923076923, 32.87837837837838], [-6.126923076923077, 32.87837837837838], [-6.126923076923077, 33.12162162162162], [-6.373076923076923, 33.12162162162162], [-6.373076923076923, 32.87837837837838]]]}, "properties": {"row": 12, "col": 43, "lat": 33.0, "lon": -6.25, "alert_level": "yellow", "severity": 0.6, "forecasts": [{"day": 0, "date": "2026-06-25", "heat_index": 31.7, "wind_chill": 16.4, "severity": 0, "alert_level": "none"}, {"day": 1, "date": "2026-06-26", "heat_index": 31.6, "wind_chill": 16.4, "severity": 0, "alert_level": "none"}, {"day": 2, "date": "2026-06-27", "heat_index": 32.2, "wind_chill": 17.0, "severity": 0.2, "alert_level": "yellow"}, {"day": 3, "date": "2026-06-28", "heat_index": 32.4, "wind_chill": 17.2, "severity": 0.4, "alert_level": "yellow"}, {"day": 4, "date": "2026-06-29", "heat_index": 32.2, "wind_chill": 17.1, "severity": 0.2, "alert_level": "yellow"}, {"day": 5, "date": "2026-06-30", "heat_index": 32.3, "wind_chill": 17.2, "severity": 0.3, "alert_level": "yellow"}, {"day": 6, "date": "2026-07-01", "heat_index": 32.6, "wind_chill": 17.4, "severity": 0.6, "alert_level": "yellow"}]}}, {"type": "Feature", "geometry": {"type": "Polygon", "coordinates": [[[-6.123076923076923, 32.87837837837838], [-5.876923076923077, 32.87837837837838], [-5.876923076923077, 33.12162162162162], [-6.123076923076923, 33.12162162162162], [-6.123076923076923, 32.87837837837838]]]}, "properties": {"row": 12, "col": 44, "lat": 33.0, "lon": -6.0, "alert_level": "yellow", "severity": 0.6, "forecasts": [{"day": 0, "date": "2026-06-25", "heat_index": 31.6, "wind_chill": 15.6, "severity": 0, "alert_level": "none"}, {"day": 1, "date": "2026-06-26", "heat_index": 31.6, "wind_chill": 16.0, "severity": 0, "alert_level": "none"}, {"day": 2, "date": "2026-06-27", "heat_index": 32.1, "wind_chill": 16.7, "severity": 0.1, "alert_level": "yellow"}, {"day": 3, "date": "2026-06-28", "heat_index": 32.2, "wind_chill": 16.9, "severity": 0.2, "alert_level": "yellow"}, {"day": 4, "date": "2026-06-29", "heat_index": 32.2, "wind_chill": 16.9, "severity": 0.2, "alert_level": "yellow"}, {"day": 5, "date": "2026-06-30", "heat_index": 32.4, "wind_chill": 17.0, "severity": 0.4, "alert_level": "yellow"}, {"day": 6, "date": "2026-07-01", "heat_index": 32.6, "wind_chill": 17.2, "severity": 0.6, "alert_level": "yellow"}]}}, {"type": "Feature", "geometry": {"type": "Polygon", "coordinates": [[[-5.873076923076923, 32.87837837837838], [-5.626923076923077, 32.87837837837838], [-5.626923076923077, 33.12162162162162], [-5.873076923076923, 33.12162162162162], [-5.873076923076923, 32.87837837837838]]]}, "properties": {"row": 12, "col": 45, "lat": 33.0, "lon": -5.75, "alert_level": "yellow", "severity": 0.0, "forecasts": [{"day": 0, "date": "2026-06-25", "heat_index": 30.7, "wind_chill": 15.0, "severity": 0, "alert_level": "none"}, {"day": 1, "date": "2026-06-26", "heat_index": 30.9, "wind_chill": 15.5, "severity": 0, "alert_level": "none"}, {"day": 2, "date": "2026-06-27", "heat_index": 31.3, "wind_chill": 16.2, "severity": 0, "alert_level": "none"}, {"day": 3, "date": "2026-06-28", "heat_index": 31.5, "wind_chill": 16.3, "severity": 0, "alert_level": "none"}, {"day": 4, "date": "2026-06-29", "heat_index": 31.5, "wind_chill": 16.4, "severity": 0, "alert_level": "none"}, {"day": 5, "date": "2026-06-30", "heat_index": 31.7, "wind_chill": 16.5, "severity": 0, "alert_level": "none"}, {"day": 6, "date": "2026-07-01", "heat_index": 32.0, "wind_chill": 16.7, "severity": 0.0, "alert_level": "yellow"}]}}, {"type": "Feature", "geometry": {"type": "Polygon", "coordinates": [[[-5.623076923076923, 32.87837837837838], [-5.376923076923077, 32.87837837837838], [-5.376923076923077, 33.12162162162162], [-5.623076923076923, 33.12162162162162], [-5.623076923076923, 32.87837837837838]]]}, "properties": {"row": 12, "col": 46, "lat": 33.0, "lon": -5.5, "alert_level": "none", "severity": 0, "forecasts": [{"day": 0, "date": "2026-06-25", "heat_index": 29.0, "wind_chill": 13.9, "severity": 0, "alert_level": "none"}, {"day": 1, "date": "2026-06-26", "heat_index": 29.4, "wind_chill": 14.5, "severity": 0, "alert_level": "none"}, {"day": 2, "date": "2026-06-27", "heat_index": 29.7, "wind_chill": 14.9, "severity": 0, "alert_level": "none"}, {"day": 3, "date": "2026-06-28", "heat_index": 29.8, "wind_chill": 15.1, "severity": 0, "alert_level": "none"}, {"day": 4, "date": "2026-06-29", "heat_index": 30.0, "wind_chill": 15.2, "severity": 0, "alert_level": "none"}, {"day": 5, "date": "2026-06-30", "heat_index": 30.2, "wind_chill": 15.4, "severity": 0, "alert_level": "none"}, {"day": 6, "date": "2026-07-01", "heat_index": 30.5, "wind_chill": 15.6, "severity": 0, "alert_level": "none"}]}}, {"type": "Feature", "geometry": {"type": "Polygon", "coordinates": [[[-5.373076923076923, 32.87837837837838], [-5.126923076923077, 32.87837837837838], [-5.126923076923077, 33.12162162162162], [-5.373076923076923, 33.12162162162162], [-5.373076923076923, 32.87837837837838]]]}, "properties": {"row": 12, "col": 47, "lat": 33.0, "lon": -5.25, "alert_level": "none", "severity": 0, "forecasts": [{"day": 0, "date": "2026-06-25", "heat_index": 27.5, "wind_chill": 12.4, "severity": 0, "alert_level": "none"}, {"day": 1, "date": "2026-06-26", "heat_index": 28.0, "wind_chill": 13.3, "severity": 0, "alert_level": "none"}, {"day": 2, "date": "2026-06-27", "heat_index": 28.1, "wind_chill": 13.6, "severity": 0, "alert_level": "none"}, {"day": 3, "date": "2026-06-28", "heat_index": 28.2, "wind_chill": 13.8, "severity": 0, "alert_level": "none"}, {"day": 4, "date": "2026-06-29", "heat_index": 28.3, "wind_chill": 13.9, "severity": 0, "alert_level": "none"}, {"day": 5, "date": "2026-06-30", "heat_index": 28.6, "wind_chill": 14.1, "severity": 0, "alert_level": "none"}, {"day": 6, "date": "2026-07-01", "heat_index": 28.8, "wind_chill": 14.3, "severity": 0, "alert_level": "none"}]}}, {"type": "Feature", "geometry": {"type": "Polygon", "coordinates": [[[-5.123076923076923, 32.87837837837838], [-4.876923076923077, 32.87837837837838], [-4.876923076923077, 33.12162162162162], [-5.123076923076923, 33.12162162162162], [-5.123076923076923, 32.87837837837838]]]}, "properties": {"row": 12, "col": 48, "lat": 33.0, "lon": -5.0, "alert_level": "none", "severity": 0, "forecasts": [{"day": 0, "date": "2026-06-25", "heat_index": 27.6, "wind_chill": 12.4, "severity": 0, "alert_level": "none"}, {"day": 1, "date": "2026-06-26", "heat_index": 28.0, "wind_chill": 13.3, "severity": 0, "alert_level": "none"}, {"day": 2, "date": "2026-06-27", "heat_index": 27.9, "wind_chill": 13.6, "severity": 0, "alert_level": "none"}, {"day": 3, "date": "2026-06-28", "heat_index": 27.9, "wind_chill": 13.8, "severity": 0, "alert_level": "none"}, {"day": 4, "date": "2026-06-29", "heat_index": 28.0, "wind_chill": 14.0, "severity": 0, "alert_level": "none"}, {"day": 5, "date": "2026-06-30", "heat_index": 28.2, "wind_chill": 14.1, "severity": 0, "alert_level": "none"}, {"day": 6, "date": "2026-07-01", "heat_index": 28.4, "wind_chill": 14.3, "severity": 0, "alert_level": "none"}]}}, {"type": "Feature", "geometry": {"type": "Polygon", "coordinates": [[[-4.873076923076923, 32.87837837837838], [-4.626923076923077, 32.87837837837838], [-4.626923076923077, 33.12162162162162], [-4.873076923076923, 33.12162162162162], [-4.873076923076923, 32.87837837837838]]]}, "properties": {"row": 12, "col": 49, "lat": 33.0, "lon": -4.75, "alert_level": "none", "severity": 0, "forecasts": [{"day": 0, "date": "2026-06-25", "heat_index": 28.6, "wind_chill": 13.9, "severity": 0, "alert_level": "none"}, {"day": 1, "date": "2026-06-26", "heat_index": 29.0, "wind_chill": 14.7, "severity": 0, "alert_level": "none"}, {"day": 2, "date": "2026-06-27", "heat_index": 29.1, "wind_chill": 15.2, "severity": 0, "alert_level": "none"}, {"day": 3, "date": "2026-06-28", "heat_index": 29.1, "wind_chill": 15.3, "severity": 0, "alert_level": "none"}, {"day": 4, "date": "2026-06-29", "heat_index": 29.1, "wind_chill": 15.4, "severity": 0, "alert_level": "none"}, {"day": 5, "date": "2026-06-30", "heat_index": 29.3, "wind_chill": 15.5, "severity": 0, "alert_level": "none"}, {"day": 6, "date": "2026-07-01", "heat_index": 29.5, "wind_chill": 15.7, "severity": 0, "alert_level": "none"}]}}, {"type": "Feature", "geometry": {"type": "Polygon", "coordinates": [[[-4.623076923076923, 32.87837837837838], [-4.376923076923077, 32.87837837837838], [-4.376923076923077, 33.12162162162162], [-4.623076923076923, 33.12162162162162], [-4.623076923076923, 32.87837837837838]]]}, "properties": {"row": 12, "col": 50, "lat": 33.0, "lon": -4.5, "alert_level": "none", "severity": 0, "forecasts": [{"day": 0, "date": "2026-06-25", "heat_index": 29.4, "wind_chill": 15.2, "severity": 0, "alert_level": "none"}, {"day": 1, "date": "2026-06-26", "heat_index": 30.2, "wind_chill": 16.0, "severity": 0, "alert_level": "none"}, {"day": 2, "date": "2026-06-27", "heat_index": 30.4, "wind_chill": 16.6, "severity": 0, "alert_level": "none"}, {"day": 3, "date": "2026-06-28", "heat_index": 30.6, "wind_chill": 16.9, "severity": 0, "alert_level": "none"}, {"day": 4, "date": "2026-06-29", "heat_index": 30.6, "wind_chill": 16.9, "severity": 0, "alert_level": "none"}, {"day": 5, "date": "2026-06-30", "heat_index": 30.8, "wind_chill": 17.1, "severity": 0, "alert_level": "none"}, {"day": 6, "date": "2026-07-01", "heat_index": 31.0, "wind_chill": 17.2, "severity": 0, "alert_level": "none"}]}}, {"type": "Feature", "geometry": {"type": "Polygon", "coordinates": [[[-4.373076923076923, 32.87837837837838], [-4.126923076923077, 32.87837837837838], [-4.126923076923077, 33.12162162162162], [-4.373076923076923, 33.12162162162162], [-4.373076923076923, 32.87837837837838]]]}, "properties": {"row": 12, "col": 51, "lat": 33.0, "lon": -4.25, "alert_level": "yellow", "severity": 0.9, "forecasts": [{"day": 0, "date": "2026-06-25", "heat_index": 31.2, "wind_chill": 16.8, "severity": 0, "alert_level": "none"}, {"day": 1, "date": "2026-06-26", "heat_index": 32.0, "wind_chill": 17.5, "severity": 0.0, "alert_level": "yellow"}, {"day": 2, "date": "2026-06-27", "heat_index": 32.3, "wind_chill": 18.1, "severity": 0.3, "alert_level": "yellow"}, {"day": 3, "date": "2026-06-28", "heat_index": 32.5, "wind_chill": 18.3, "severity": 0.5, "alert_level": "yellow"}, {"day": 4, "date": "2026-06-29", "heat_index": 32.5, "wind_chill": 18.4, "severity": 0.5, "alert_level": "yellow"}, {"day": 5, "date": "2026-06-30", "heat_index": 32.8, "wind_chill": 18.5, "severity": 0.8, "alert_level": "yellow"}, {"day": 6, "date": "2026-07-01", "heat_index": 32.9, "wind_chill": 18.6, "severity": 0.9, "alert_level": "yellow"}]}}, {"type": "Feature", "geometry": {"type": "Polygon", "coordinates": [[[-4.123076923076923, 32.87837837837838], [-3.876923076923077, 32.87837837837838], [-3.876923076923077, 33.12162162162162], [-4.123076923076923, 33.12162162162162], [-4.123076923076923, 32.87837837837838]]]}, "properties": {"row": 12, "col": 52, "lat": 33.0, "lon": -4.0, "alert_level": "orange", "severity": 2.8, "forecasts": [{"day": 0, "date": "2026-06-25", "heat_index": 33.7, "wind_chill": 18.8, "severity": 1.7, "alert_level": "yellow"}, {"day": 1, "date": "2026-06-26", "heat_index": 34.0, "wind_chill": 19.2, "severity": 2.0, "alert_level": "orange"}, {"day": 2, "date": "2026-06-27", "heat_index": 34.3, "wind_chill": 19.8, "severity": 2.3, "alert_level": "orange"}, {"day": 3, "date": "2026-06-28", "heat_index": 34.4, "wind_chill": 19.9, "severity": 2.4, "alert_level": "orange"}, {"day": 4, "date": "2026-06-29", "heat_index": 34.4, "wind_chill": 19.9, "severity": 2.4, "alert_level": "orange"}, {"day": 5, "date": "2026-06-30", "heat_index": 34.6, "wind_chill": 20.0, "severity": 2.6, "alert_level": "orange"}, {"day": 6, "date": "2026-07-01", "heat_index": 34.8, "wind_chill": 20.1, "severity": 2.8, "alert_level": "orange"}]}}, {"type": "Feature", "geometry": {"type": "Polygon", "coordinates": [[[-3.873076923076923, 32.87837837837838], [-3.626923076923077, 32.87837837837838], [-3.626923076923077, 33.12162162162162], [-3.873076923076923, 33.12162162162162], [-3.873076923076923, 32.87837837837838]]]}, "properties": {"row": 12, "col": 53, "lat": 33.0, "lon": -3.75, "alert_level": "orange", "severity": 2.6, "forecasts": [{"day": 0, "date": "2026-06-25", "heat_index": 33.6, "wind_chill": 19.0, "severity": 1.6, "alert_level": "yellow"}, {"day": 1, "date": "2026-06-26", "heat_index": 33.6, "wind_chill": 19.1, "severity": 1.6, "alert_level": "yellow"}, {"day": 2, "date": "2026-06-27", "heat_index": 33.9, "wind_chill": 19.7, "severity": 1.9, "alert_level": "yellow"}, {"day": 3, "date": "2026-06-28", "heat_index": 34.0, "wind_chill": 19.8, "severity": 2.0, "alert_level": "yellow"}, {"day": 4, "date": "2026-06-29", "heat_index": 34.1, "wind_chill": 19.7, "severity": 2.1, "alert_level": "orange"}, {"day": 5, "date": "2026-06-30", "heat_index": 34.3, "wind_chill": 19.8, "severity": 2.3, "alert_level": "orange"}, {"day": 6, "date": "2026-07-01", "heat_index": 34.6, "wind_chill": 20.0, "severity": 2.6, "alert_level": "orange"}]}}, {"type": "Feature", "geometry": {"type": "Polygon", "coordinates": [[[-3.623076923076923, 32.87837837837838], [-3.376923076923077, 32.87837837837838], [-3.376923076923077, 33.12162162162162], [-3.623076923076923, 33.12162162162162], [-3.623076923076923, 32.87837837837838]]]}, "properties": {"row": 12, "col": 54, "lat": 33.0, "lon": -3.5, "alert_level": "yellow", "severity": 0.7, "forecasts": [{"day": 0, "date": "2026-06-25", "heat_index": 31.7, "wind_chill": 17.2, "severity": 0, "alert_level": "none"}, {"day": 1, "date": "2026-06-26", "heat_index": 31.6, "wind_chill": 17.2, "severity": 0, "alert_level": "none"}, {"day": 2, "date": "2026-06-27", "heat_index": 31.9, "wind_chill": 17.6, "severity": 0, "alert_level": "none"}, {"day": 3, "date": "2026-06-28", "heat_index": 32.0, "wind_chill": 17.8, "severity": 0, "alert_level": "none"}, {"day": 4, "date": "2026-06-29", "heat_index": 32.1, "wind_chill": 17.8, "severity": 0.1, "alert_level": "yellow"}, {"day": 5, "date": "2026-06-30", "heat_index": 32.4, "wind_chill": 18.0, "severity": 0.4, "alert_level": "yellow"}, {"day": 6, "date": "2026-07-01", "heat_index": 32.7, "wind_chill": 18.2, "severity": 0.7, "alert_level": "yellow"}]}}, {"type": "Feature", "geometry": {"type": "Polygon", "coordinates": [[[-3.373076923076923, 32.87837837837838], [-3.126923076923077, 32.87837837837838], [-3.126923076923077, 33.12162162162162], [-3.373076923076923, 33.12162162162162], [-3.373076923076923, 32.87837837837838]]]}, "properties": {"row": 12, "col": 55, "lat": 33.0, "lon": -3.25, "alert_level": "none", "severity": 0, "forecasts": [{"day": 0, "date": "2026-06-25", "heat_index": 30.6, "wind_chill": 15.7, "severity": 0, "alert_level": "none"}, {"day": 1, "date": "2026-06-26", "heat_index": 30.3, "wind_chill": 15.8, "severity": 0, "alert_level": "none"}, {"day": 2, "date": "2026-06-27", "heat_index": 30.5, "wind_chill": 16.1, "severity": 0, "alert_level": "none"}, {"day": 3, "date": "2026-06-28", "heat_index": 30.5, "wind_chill": 16.3, "severity": 0, "alert_level": "none"}, {"day": 4, "date": "2026-06-29", "heat_index": 30.5, "wind_chill": 16.4, "severity": 0, "alert_level": "none"}, {"day": 5, "date": "2026-06-30", "heat_index": 30.8, "wind_chill": 16.6, "severity": 0, "alert_level": "none"}, {"day": 6, "date": "2026-07-01", "heat_index": 31.1, "wind_chill": 16.8, "severity": 0, "alert_level": "none"}]}}, {"type": "Feature", "geometry": {"type": "Polygon", "coordinates": [[[-3.123076923076923, 32.87837837837838], [-2.876923076923077, 32.87837837837838], [-2.876923076923077, 33.12162162162162], [-3.123076923076923, 33.12162162162162], [-3.123076923076923, 32.87837837837838]]]}, "properties": {"row": 12, "col": 56, "lat": 33.0, "lon": -3.0, "alert_level": "none", "severity": 0, "forecasts": [{"day": 0, "date": "2026-06-25", "heat_index": 31.1, "wind_chill": 16.1, "severity": 0, "alert_level": "none"}, {"day": 1, "date": "2026-06-26", "heat_index": 30.7, "wind_chill": 16.2, "severity": 0, "alert_level": "none"}, {"day": 2, "date": "2026-06-27", "heat_index": 30.7, "wind_chill": 16.5, "severity": 0, "alert_level": "none"}, {"day": 3, "date": "2026-06-28", "heat_index": 30.6, "wind_chill": 16.6, "severity": 0, "alert_level": "none"}, {"day": 4, "date": "2026-06-29", "heat_index": 30.5, "wind_chill": 16.7, "severity": 0, "alert_level": "none"}, {"day": 5, "date": "2026-06-30", "heat_index": 30.8, "wind_chill": 16.8, "severity": 0, "alert_level": "none"}, {"day": 6, "date": "2026-07-01", "heat_index": 31.0, "wind_chill": 17.0, "severity": 0, "alert_level": "none"}]}}, {"type": "Feature", "geometry": {"type": "Polygon", "coordinates": [[[-2.873076923076923, 32.87837837837838], [-2.626923076923077, 32.87837837837838], [-2.626923076923077, 33.12162162162162], [-2.873076923076923, 33.12162162162162], [-2.873076923076923, 32.87837837837838]]]}, "properties": {"row": 12, "col": 57, "lat": 33.0, "lon": -2.75, "alert_level": "none", "severity": 0, "forecasts": [{"day": 0, "date": "2026-06-25", "heat_index": 31.0, "wind_chill": 16.4, "severity": 0, "alert_level": "none"}, {"day": 1, "date": "2026-06-26", "heat_index": 30.8, "wind_chill": 16.5, "severity": 0, "alert_level": "none"}, {"day": 2, "date": "2026-06-27", "heat_index": 30.8, "wind_chill": 16.8, "severity": 0, "alert_level": "none"}, {"day": 3, "date": "2026-06-28", "heat_index": 30.7, "wind_chill": 16.9, "severity": 0, "alert_level": "none"}, {"day": 4, "date": "2026-06-29", "heat_index": 30.5, "wind_chill": 16.9, "severity": 0, "alert_level": "none"}, {"day": 5, "date": "2026-06-30", "heat_index": 30.8, "wind_chill": 17.0, "severity": 0, "alert_level": "none"}, {"day": 6, "date": "2026-07-01", "heat_index": 31.0, "wind_chill": 17.2, "severity": 0, "alert_level": "none"}]}}, {"type": "Feature", "geometry": {"type": "Polygon", "coordinates": [[[-2.623076923076923, 32.87837837837838], [-2.376923076923077, 32.87837837837838], [-2.376923076923077, 33.12162162162162], [-2.623076923076923, 33.12162162162162], [-2.623076923076923, 32.87837837837838]]]}, "properties": {"row": 12, "col": 58, "lat": 33.0, "lon": -2.5, "alert_level": "none", "severity": 0, "forecasts": [{"day": 0, "date": "2026-06-25", "heat_index": 31.3, "wind_chill": 16.7, "severity": 0, "alert_level": "none"}, {"day": 1, "date": "2026-06-26", "heat_index": 30.7, "wind_chill": 16.5, "severity": 0, "alert_level": "none"}, {"day": 2, "date": "2026-06-27", "heat_index": 30.4, "wind_chill": 16.6, "severity": 0, "alert_level": "none"}, {"day": 3, "date": "2026-06-28", "heat_index": 30.2, "wind_chill": 16.6, "severity": 0, "alert_level": "none"}, {"day": 4, "date": "2026-06-29", "heat_index": 30.0, "wind_chill": 16.5, "severity": 0, "alert_level": "none"}, {"day": 5, "date": "2026-06-30", "heat_index": 30.2, "wind_chill": 16.6, "severity": 0, "alert_level": "none"}, {"day": 6, "date": "2026-07-01", "heat_index": 30.5, "wind_chill": 16.8, "severity": 0, "alert_level": "none"}]}}, {"type": "Feature", "geometry": {"type": "Polygon", "coordinates": [[[-2.373076923076923, 32.87837837837838], [-2.126923076923077, 32.87837837837838], [-2.126923076923077, 33.12162162162162], [-2.373076923076923, 33.12162162162162], [-2.373076923076923, 32.87837837837838]]]}, "properties": {"row": 12, "col": 59, "lat": 33.0, "lon": -2.25, "alert_level": "none", "severity": 0, "forecasts": [{"day": 0, "date": "2026-06-25", "heat_index": 30.8, "wind_chill": 16.3, "severity": 0, "alert_level": "none"}, {"day": 1, "date": "2026-06-26", "heat_index": 30.3, "wind_chill": 16.2, "severity": 0, "alert_level": "none"}, {"day": 2, "date": "2026-06-27", "heat_index": 29.7, "wind_chill": 15.9, "severity": 0, "alert_level": "none"}, {"day": 3, "date": "2026-06-28", "heat_index": 29.2, "wind_chill": 15.8, "severity": 0, "alert_level": "none"}, {"day": 4, "date": "2026-06-29", "heat_index": 29.0, "wind_chill": 15.6, "severity": 0, "alert_level": "none"}, {"day": 5, "date": "2026-06-30", "heat_index": 29.2, "wind_chill": 15.7, "severity": 0, "alert_level": "none"}, {"day": 6, "date": "2026-07-01", "heat_index": 29.5, "wind_chill": 15.9, "severity": 0, "alert_level": "none"}]}}, {"type": "Feature", "geometry": {"type": "Polygon", "coordinates": [[[-2.123076923076923, 32.87837837837838], [-1.876923076923077, 32.87837837837838], [-1.876923076923077, 33.12162162162162], [-2.123076923076923, 33.12162162162162], [-2.123076923076923, 32.87837837837838]]]}, "properties": {"row": 12, "col": 60, "lat": 33.0, "lon": -2.0, "alert_level": "none", "severity": 0, "forecasts": [{"day": 0, "date": "2026-06-25", "heat_index": 31.1, "wind_chill": 16.1, "severity": 0, "alert_level": "none"}, {"day": 1, "date": "2026-06-26", "heat_index": 29.5, "wind_chill": 15.4, "severity": 0, "alert_level": "none"}, {"day": 2, "date": "2026-06-27", "heat_index": 28.9, "wind_chill": 15.0, "severity": 0, "alert_level": "none"}, {"day": 3, "date": "2026-06-28", "heat_index": 28.5, "wind_chill": 14.9, "severity": 0, "alert_level": "none"}, {"day": 4, "date": "2026-06-29", "heat_index": 28.4, "wind_chill": 14.9, "severity": 0, "alert_level": "none"}, {"day": 5, "date": "2026-06-30", "heat_index": 28.8, "wind_chill": 15.0, "severity": 0, "alert_level": "none"}, {"day": 6, "date": "2026-07-01", "heat_index": 29.1, "wind_chill": 15.2, "severity": 0, "alert_level": "none"}]}}, {"type": "Feature", "geometry": {"type": "Polygon", "coordinates": [[[-1.873076923076923, 32.87837837837838], [-1.626923076923077, 32.87837837837838], [-1.626923076923077, 33.12162162162162], [-1.873076923076923, 33.12162162162162], [-1.873076923076923, 32.87837837837838]]]}, "properties": {"row": 12, "col": 61, "lat": 33.0, "lon": -1.75, "alert_level": "none", "severity": 0, "forecasts": [{"day": 0, "date": "2026-06-25", "heat_index": 29.2, "wind_chill": 15.4, "severity": 0, "alert_level": "none"}, {"day": 1, "date": "2026-06-26", "heat_index": 29.2, "wind_chill": 15.5, "severity": 0, "alert_level": "none"}, {"day": 2, "date": "2026-06-27", "heat_index": 29.2, "wind_chill": 15.9, "severity": 0, "alert_level": "none"}, {"day": 3, "date": "2026-06-28", "heat_index": 28.8, "wind_chill": 15.8, "severity": 0, "alert_level": "none"}, {"day": 4, "date": "2026-06-29", "heat_index": 28.7, "wind_chill": 15.7, "severity": 0, "alert_level": "none"}, {"day": 5, "date": "2026-06-30", "heat_index": 29.2, "wind_chill": 15.9, "severity": 0, "alert_level": "none"}, {"day": 6, "date": "2026-07-01", "heat_index": 29.7, "wind_chill": 16.2, "severity": 0, "alert_level": "none"}]}}, {"type": "Feature", "geometry": {"type": "Polygon", "coordinates": [[[-1.623076923076923, 32.87837837837838], [-1.376923076923077, 32.87837837837838], [-1.376923076923077, 33.12162162162162], [-1.623076923076923, 33.12162162162162], [-1.623076923076923, 32.87837837837838]]]}, "properties": {"row": 12, "col": 62, "lat": 33.0, "lon": -1.5, "alert_level": "none", "severity": 0, "forecasts": [{"day": 0, "date": "2026-06-25", "heat_index": 28.4, "wind_chill": 13.5, "severity": 0, "alert_level": "none"}, {"day": 1, "date": "2026-06-26", "heat_index": 27.5, "wind_chill": 14.2, "severity": 0, "alert_level": "none"}, {"day": 2, "date": "2026-06-27", "heat_index": 25.3, "wind_chill": 13.9, "severity": 0, "alert_level": "none"}, {"day": 3, "date": "2026-06-28", "heat_index": 23.7, "wind_chill": 13.2, "severity": 0, "alert_level": "none"}, {"day": 4, "date": "2026-06-29", "heat_index": 23.3, "wind_chill": 12.8, "severity": 0, "alert_level": "none"}, {"day": 5, "date": "2026-06-30", "heat_index": 23.8, "wind_chill": 13.1, "severity": 0, "alert_level": "none"}, {"day": 6, "date": "2026-07-01", "heat_index": 24.3, "wind_chill": 13.5, "severity": 0, "alert_level": "none"}]}}, {"type": "Feature", "geometry": {"type": "Polygon", "coordinates": [[[-9.123076923076923, 32.62837837837838], [-8.876923076923077, 32.62837837837838], [-8.876923076923077, 32.87162162162162], [-9.123076923076923, 32.87162162162162], [-9.123076923076923, 32.62837837837838]]]}, "properties": {"row": 13, "col": 32, "lat": 32.75, "lon": -9.0, "alert_level": "red", "severity": 6.4, "forecasts": [{"day": 0, "date": "2026-06-25", "heat_index": 14.6, "wind_chill": -1.4, "severity": 6.4, "alert_level": "red"}, {"day": 1, "date": "2026-06-26", "heat_index": 18.1, "wind_chill": 4.5, "severity": 0.5, "alert_level": "yellow"}, {"day": 2, "date": "2026-06-27", "heat_index": 19.0, "wind_chill": 6.8, "severity": 0, "alert_level": "none"}, {"day": 3, "date": "2026-06-28", "heat_index": 20.0, "wind_chill": 8.7, "severity": 0, "alert_level": "none"}, {"day": 4, "date": "2026-06-29", "heat_index": 20.6, "wind_chill": 10.4, "severity": 0, "alert_level": "none"}, {"day": 5, "date": "2026-06-30", "heat_index": 20.9, "wind_chill": 11.7, "severity": 0, "alert_level": "none"}, {"day": 6, "date": "2026-07-01", "heat_index": 21.1, "wind_chill": 12.6, "severity": 0, "alert_level": "none"}]}}, {"type": "Feature", "geometry": {"type": "Polygon", "coordinates": [[[-8.873076923076923, 32.62837837837838], [-8.626923076923077, 32.62837837837838], [-8.626923076923077, 32.87162162162162], [-8.873076923076923, 32.87162162162162], [-8.873076923076923, 32.62837837837838]]]}, "properties": {"row": 13, "col": 33, "lat": 32.75, "lon": -8.75, "alert_level": "none", "severity": 0, "forecasts": [{"day": 0, "date": "2026-06-25", "heat_index": 18.7, "wind_chill": 12.8, "severity": 0, "alert_level": "none"}, {"day": 1, "date": "2026-06-26", "heat_index": 22.2, "wind_chill": 14.4, "severity": 0, "alert_level": "none"}, {"day": 2, "date": "2026-06-27", "heat_index": 23.4, "wind_chill": 16.0, "severity": 0, "alert_level": "none"}, {"day": 3, "date": "2026-06-28", "heat_index": 24.3, "wind_chill": 16.8, "severity": 0, "alert_level": "none"}, {"day": 4, "date": "2026-06-29", "heat_index": 24.9, "wind_chill": 17.1, "severity": 0, "alert_level": "none"}, {"day": 5, "date": "2026-06-30", "heat_index": 25.2, "wind_chill": 17.3, "severity": 0, "alert_level": "none"}, {"day": 6, "date": "2026-07-01", "heat_index": 25.6, "wind_chill": 17.5, "severity": 0, "alert_level": "none"}]}}, {"type": "Feature", "geometry": {"type": "Polygon", "coordinates": [[[-8.623076923076923, 32.62837837837838], [-8.376923076923077, 32.62837837837838], [-8.376923076923077, 32.87162162162162], [-8.623076923076923, 32.87162162162162], [-8.623076923076923, 32.62837837837838]]]}, "properties": {"row": 13, "col": 34, "lat": 32.75, "lon": -8.5, "alert_level": "none", "severity": 0, "forecasts": [{"day": 0, "date": "2026-06-25", "heat_index": 18.9, "wind_chill": 10.7, "severity": 0, "alert_level": "none"}, {"day": 1, "date": "2026-06-26", "heat_index": 23.6, "wind_chill": 14.3, "severity": 0, "alert_level": "none"}, {"day": 2, "date": "2026-06-27", "heat_index": 25.0, "wind_chill": 16.2, "severity": 0, "alert_level": "none"}, {"day": 3, "date": "2026-06-28", "heat_index": 25.7, "wind_chill": 16.8, "severity": 0, "alert_level": "none"}, {"day": 4, "date": "2026-06-29", "heat_index": 26.0, "wind_chill": 17.1, "severity": 0, "alert_level": "none"}, {"day": 5, "date": "2026-06-30", "heat_index": 26.3, "wind_chill": 17.2, "severity": 0, "alert_level": "none"}, {"day": 6, "date": "2026-07-01", "heat_index": 26.5, "wind_chill": 17.4, "severity": 0, "alert_level": "none"}]}}, {"type": "Feature", "geometry": {"type": "Polygon", "coordinates": [[[-8.373076923076923, 32.62837837837838], [-8.126923076923077, 32.62837837837838], [-8.126923076923077, 32.87162162162162], [-8.373076923076923, 32.87162162162162], [-8.373076923076923, 32.62837837837838]]]}, "properties": {"row": 13, "col": 35, "lat": 32.75, "lon": -8.25, "alert_level": "none", "severity": 0, "forecasts": [{"day": 0, "date": "2026-06-25", "heat_index": 23.0, "wind_chill": 14.7, "severity": 0, "alert_level": "none"}, {"day": 1, "date": "2026-06-26", "heat_index": 26.3, "wind_chill": 16.6, "severity": 0, "alert_level": "none"}, {"day": 2, "date": "2026-06-27", "heat_index": 27.5, "wind_chill": 18.1, "severity": 0, "alert_level": "none"}, {"day": 3, "date": "2026-06-28", "heat_index": 28.0, "wind_chill": 18.6, "severity": 0, "alert_level": "none"}, {"day": 4, "date": "2026-06-29", "heat_index": 28.4, "wind_chill": 18.8, "severity": 0, "alert_level": "none"}, {"day": 5, "date": "2026-06-30", "heat_index": 28.6, "wind_chill": 18.9, "severity": 0, "alert_level": "none"}, {"day": 6, "date": "2026-07-01", "heat_index": 28.8, "wind_chill": 19.0, "severity": 0, "alert_level": "none"}]}}, {"type": "Feature", "geometry": {"type": "Polygon", "coordinates": [[[-8.123076923076923, 32.62837837837838], [-7.876923076923077, 32.62837837837838], [-7.876923076923077, 32.87162162162162], [-8.123076923076923, 32.87162162162162], [-8.123076923076923, 32.62837837837838]]]}, "properties": {"row": 13, "col": 36, "lat": 32.75, "lon": -8.0, "alert_level": "none", "severity": 0, "forecasts": [{"day": 0, "date": "2026-06-25", "heat_index": 26.4, "wind_chill": 16.8, "severity": 0, "alert_level": "none"}, {"day": 1, "date": "2026-06-26", "heat_index": 27.6, "wind_chill": 17.0, "severity": 0, "alert_level": "none"}, {"day": 2, "date": "2026-06-27", "heat_index": 28.5, "wind_chill": 18.0, "severity": 0, "alert_level": "none"}, {"day": 3, "date": "2026-06-28", "heat_index": 29.0, "wind_chill": 18.6, "severity": 0, "alert_level": "none"}, {"day": 4, "date": "2026-06-29", "heat_index": 29.4, "wind_chill": 18.7, "severity": 0, "alert_level": "none"}, {"day": 5, "date": "2026-06-30", "heat_index": 29.7, "wind_chill": 18.9, "severity": 0, "alert_level": "none"}, {"day": 6, "date": "2026-07-01", "heat_index": 30.0, "wind_chill": 19.0, "severity": 0, "alert_level": "none"}]}}, {"type": "Feature", "geometry": {"type": "Polygon", "coordinates": [[[-7.873076923076923, 32.62837837837838], [-7.626923076923077, 32.62837837837838], [-7.626923076923077, 32.87162162162162], [-7.873076923076923, 32.87162162162162], [-7.873076923076923, 32.62837837837838]]]}, "properties": {"row": 13, "col": 37, "lat": 32.75, "lon": -7.75, "alert_level": "none", "severity": 0, "forecasts": [{"day": 0, "date": "2026-06-25", "heat_index": 28.6, "wind_chill": 17.3, "severity": 0, "alert_level": "none"}, {"day": 1, "date": "2026-06-26", "heat_index": 28.9, "wind_chill": 16.9, "severity": 0, "alert_level": "none"}, {"day": 2, "date": "2026-06-27", "heat_index": 29.3, "wind_chill": 17.5, "severity": 0, "alert_level": "none"}, {"day": 3, "date": "2026-06-28", "heat_index": 29.7, "wind_chill": 18.0, "severity": 0, "alert_level": "none"}, {"day": 4, "date": "2026-06-29", "heat_index": 30.0, "wind_chill": 18.1, "severity": 0, "alert_level": "none"}, {"day": 5, "date": "2026-06-30", "heat_index": 30.3, "wind_chill": 18.2, "severity": 0, "alert_level": "none"}, {"day": 6, "date": "2026-07-01", "heat_index": 30.6, "wind_chill": 18.4, "severity": 0, "alert_level": "none"}]}}, {"type": "Feature", "geometry": {"type": "Polygon", "coordinates": [[[-7.623076923076923, 32.62837837837838], [-7.376923076923077, 32.62837837837838], [-7.376923076923077, 32.87162162162162], [-7.623076923076923, 32.87162162162162], [-7.623076923076923, 32.62837837837838]]]}, "properties": {"row": 13, "col": 38, "lat": 32.75, "lon": -7.5, "alert_level": "none", "severity": 0, "forecasts": [{"day": 0, "date": "2026-06-25", "heat_index": 29.8, "wind_chill": 17.9, "severity": 0, "alert_level": "none"}, {"day": 1, "date": "2026-06-26", "heat_index": 29.9, "wind_chill": 17.1, "severity": 0, "alert_level": "none"}, {"day": 2, "date": "2026-06-27", "heat_index": 30.3, "wind_chill": 17.3, "severity": 0, "alert_level": "none"}, {"day": 3, "date": "2026-06-28", "heat_index": 30.5, "wind_chill": 17.7, "severity": 0, "alert_level": "none"}, {"day": 4, "date": "2026-06-29", "heat_index": 30.6, "wind_chill": 17.8, "severity": 0, "alert_level": "none"}, {"day": 5, "date": "2026-06-30", "heat_index": 30.9, "wind_chill": 17.9, "severity": 0, "alert_level": "none"}, {"day": 6, "date": "2026-07-01", "heat_index": 31.2, "wind_chill": 18.1, "severity": 0, "alert_level": "none"}]}}, {"type": "Feature", "geometry": {"type": "Polygon", "coordinates": [[[-7.373076923076923, 32.62837837837838], [-7.126923076923077, 32.62837837837838], [-7.126923076923077, 32.87162162162162], [-7.373076923076923, 32.87162162162162], [-7.373076923076923, 32.62837837837838]]]}, "properties": {"row": 13, "col": 39, "lat": 32.75, "lon": -7.25, "alert_level": "none", "severity": 0, "forecasts": [{"day": 0, "date": "2026-06-25", "heat_index": 30.4, "wind_chill": 17.4, "severity": 0, "alert_level": "none"}, {"day": 1, "date": "2026-06-26", "heat_index": 30.4, "wind_chill": 16.8, "severity": 0, "alert_level": "none"}, {"day": 2, "date": "2026-06-27", "heat_index": 31.0, "wind_chill": 17.2, "severity": 0, "alert_level": "none"}, {"day": 3, "date": "2026-06-28", "heat_index": 31.3, "wind_chill": 17.6, "severity": 0, "alert_level": "none"}, {"day": 4, "date": "2026-06-29", "heat_index": 31.2, "wind_chill": 17.6, "severity": 0, "alert_level": "none"}, {"day": 5, "date": "2026-06-30", "heat_index": 31.5, "wind_chill": 17.7, "severity": 0, "alert_level": "none"}, {"day": 6, "date": "2026-07-01", "heat_index": 31.8, "wind_chill": 17.8, "severity": 0, "alert_level": "none"}]}}, {"type": "Feature", "geometry": {"type": "Polygon", "coordinates": [[[-7.123076923076923, 32.62837837837838], [-6.876923076923077, 32.62837837837838], [-6.876923076923077, 32.87162162162162], [-7.123076923076923, 32.87162162162162], [-7.123076923076923, 32.62837837837838]]]}, "properties": {"row": 13, "col": 40, "lat": 32.75, "lon": -7.0, "alert_level": "yellow", "severity": 0.3, "forecasts": [{"day": 0, "date": "2026-06-25", "heat_index": 31.2, "wind_chill": 17.4, "severity": 0, "alert_level": "none"}, {"day": 1, "date": "2026-06-26", "heat_index": 30.9, "wind_chill": 16.8, "severity": 0, "alert_level": "none"}, {"day": 2, "date": "2026-06-27", "heat_index": 31.6, "wind_chill": 17.3, "severity": 0, "alert_level": "none"}, {"day": 3, "date": "2026-06-28", "heat_index": 31.9, "wind_chill": 17.6, "severity": 0, "alert_level": "none"}, {"day": 4, "date": "2026-06-29", "heat_index": 31.7, "wind_chill": 17.6, "severity": 0, "alert_level": "none"}, {"day": 5, "date": "2026-06-30", "heat_index": 32.0, "wind_chill": 17.7, "severity": 0, "alert_level": "none"}, {"day": 6, "date": "2026-07-01", "heat_index": 32.3, "wind_chill": 17.9, "severity": 0.3, "alert_level": "yellow"}]}}, {"type": "Feature", "geometry": {"type": "Polygon", "coordinates": [[[-6.873076923076923, 32.62837837837838], [-6.626923076923077, 32.62837837837838], [-6.626923076923077, 32.87162162162162], [-6.873076923076923, 32.87162162162162], [-6.873076923076923, 32.62837837837838]]]}, "properties": {"row": 13, "col": 41, "lat": 32.75, "lon": -6.75, "alert_level": "yellow", "severity": 1.1, "forecasts": [{"day": 0, "date": "2026-06-25", "heat_index": 32.1, "wind_chill": 17.2, "severity": 0.1, "alert_level": "yellow"}, {"day": 1, "date": "2026-06-26", "heat_index": 31.7, "wind_chill": 16.9, "severity": 0, "alert_level": "none"}, {"day": 2, "date": "2026-06-27", "heat_index": 32.4, "wind_chill": 17.5, "severity": 0.4, "alert_level": "yellow"}, {"day": 3, "date": "2026-06-28", "heat_index": 32.7, "wind_chill": 17.9, "severity": 0.7, "alert_level": "yellow"}, {"day": 4, "date": "2026-06-29", "heat_index": 32.6, "wind_chill": 17.8, "severity": 0.6, "alert_level": "yellow"}, {"day": 5, "date": "2026-06-30", "heat_index": 32.8, "wind_chill": 17.9, "severity": 0.8, "alert_level": "yellow"}, {"day": 6, "date": "2026-07-01", "heat_index": 33.1, "wind_chill": 18.1, "severity": 1.1, "alert_level": "yellow"}]}}, {"type": "Feature", "geometry": {"type": "Polygon", "coordinates": [[[-6.623076923076923, 32.62837837837838], [-6.376923076923077, 32.62837837837838], [-6.376923076923077, 32.87162162162162], [-6.623076923076923, 32.87162162162162], [-6.623076923076923, 32.62837837837838]]]}, "properties": {"row": 13, "col": 42, "lat": 32.75, "lon": -6.5, "alert_level": "yellow", "severity": 1.7, "forecasts": [{"day": 0, "date": "2026-06-25", "heat_index": 32.8, "wind_chill": 16.9, "severity": 0.8, "alert_level": "yellow"}, {"day": 1, "date": "2026-06-26", "heat_index": 32.3, "wind_chill": 16.8, "severity": 0.3, "alert_level": "yellow"}, {"day": 2, "date": "2026-06-27", "heat_index": 33.0, "wind_chill": 17.5, "severity": 1.0, "alert_level": "yellow"}, {"day": 3, "date": "2026-06-28", "heat_index": 33.3, "wind_chill": 17.8, "severity": 1.3, "alert_level": "yellow"}, {"day": 4, "date": "2026-06-29", "heat_index": 33.2, "wind_chill": 17.8, "severity": 1.2, "alert_level": "yellow"}, {"day": 5, "date": "2026-06-30", "heat_index": 33.4, "wind_chill": 17.9, "severity": 1.4, "alert_level": "yellow"}, {"day": 6, "date": "2026-07-01", "heat_index": 33.7, "wind_chill": 18.1, "severity": 1.7, "alert_level": "yellow"}]}}, {"type": "Feature", "geometry": {"type": "Polygon", "coordinates": [[[-6.373076923076923, 32.62837837837838], [-6.126923076923077, 32.62837837837838], [-6.126923076923077, 32.87162162162162], [-6.373076923076923, 32.87162162162162], [-6.373076923076923, 32.62837837837838]]]}, "properties": {"row": 13, "col": 43, "lat": 32.75, "lon": -6.25, "alert_level": "yellow", "severity": 1.9, "forecasts": [{"day": 0, "date": "2026-06-25", "heat_index": 32.8, "wind_chill": 16.3, "severity": 0.8, "alert_level": "yellow"}, {"day": 1, "date": "2026-06-26", "heat_index": 32.6, "wind_chill": 16.6, "severity": 0.6, "alert_level": "yellow"}, {"day": 2, "date": "2026-06-27", "heat_index": 33.2, "wind_chill": 17.4, "severity": 1.2, "alert_level": "yellow"}, {"day": 3, "date": "2026-06-28", "heat_index": 33.4, "wind_chill": 17.7, "severity": 1.4, "alert_level": "yellow"}, {"day": 4, "date": "2026-06-29", "heat_index": 33.4, "wind_chill": 17.7, "severity": 1.4, "alert_level": "yellow"}, {"day": 5, "date": "2026-06-30", "heat_index": 33.6, "wind_chill": 17.8, "severity": 1.6, "alert_level": "yellow"}, {"day": 6, "date": "2026-07-01", "heat_index": 33.9, "wind_chill": 18.1, "severity": 1.9, "alert_level": "yellow"}]}}, {"type": "Feature", "geometry": {"type": "Polygon", "coordinates": [[[-6.123076923076923, 32.62837837837838], [-5.876923076923077, 32.62837837837838], [-5.876923076923077, 32.87162162162162], [-6.123076923076923, 32.87162162162162], [-6.123076923076923, 32.62837837837838]]]}, "properties": {"row": 13, "col": 44, "lat": 32.75, "lon": -6.0, "alert_level": "yellow", "severity": 1.1, "forecasts": [{"day": 0, "date": "2026-06-25", "heat_index": 31.9, "wind_chill": 15.3, "severity": 0, "alert_level": "none"}, {"day": 1, "date": "2026-06-26", "heat_index": 31.9, "wind_chill": 15.9, "severity": 0, "alert_level": "none"}, {"day": 2, "date": "2026-06-27", "heat_index": 32.4, "wind_chill": 16.6, "severity": 0.4, "alert_level": "yellow"}, {"day": 3, "date": "2026-06-28", "heat_index": 32.5, "wind_chill": 16.8, "severity": 0.5, "alert_level": "yellow"}, {"day": 4, "date": "2026-06-29", "heat_index": 32.6, "wind_chill": 16.9, "severity": 0.6, "alert_level": "yellow"}, {"day": 5, "date": "2026-06-30", "heat_index": 32.8, "wind_chill": 17.1, "severity": 0.8, "alert_level": "yellow"}, {"day": 6, "date": "2026-07-01", "heat_index": 33.1, "wind_chill": 17.3, "severity": 1.1, "alert_level": "yellow"}]}}, {"type": "Feature", "geometry": {"type": "Polygon", "coordinates": [[[-5.873076923076923, 32.62837837837838], [-5.626923076923077, 32.62837837837838], [-5.626923076923077, 32.87162162162162], [-5.873076923076923, 32.87162162162162], [-5.873076923076923, 32.62837837837838]]]}, "properties": {"row": 13, "col": 45, "lat": 32.75, "lon": -5.75, "alert_level": "none", "severity": 0, "forecasts": [{"day": 0, "date": "2026-06-25", "heat_index": 30.3, "wind_chill": 14.1, "severity": 0, "alert_level": "none"}, {"day": 1, "date": "2026-06-26", "heat_index": 30.5, "wind_chill": 14.7, "severity": 0, "alert_level": "none"}, {"day": 2, "date": "2026-06-27", "heat_index": 30.8, "wind_chill": 15.2, "severity": 0, "alert_level": "none"}, {"day": 3, "date": "2026-06-28", "heat_index": 30.8, "wind_chill": 15.4, "severity": 0, "alert_level": "none"}, {"day": 4, "date": "2026-06-29", "heat_index": 30.9, "wind_chill": 15.5, "severity": 0, "alert_level": "none"}, {"day": 5, "date": "2026-06-30", "heat_index": 31.2, "wind_chill": 15.7, "severity": 0, "alert_level": "none"}, {"day": 6, "date": "2026-07-01", "heat_index": 31.5, "wind_chill": 15.9, "severity": 0, "alert_level": "none"}]}}, {"type": "Feature", "geometry": {"type": "Polygon", "coordinates": [[[-5.623076923076923, 32.62837837837838], [-5.376923076923077, 32.62837837837838], [-5.376923076923077, 32.87162162162162], [-5.623076923076923, 32.87162162162162], [-5.623076923076923, 32.62837837837838]]]}, "properties": {"row": 13, "col": 46, "lat": 32.75, "lon": -5.5, "alert_level": "none", "severity": 0, "forecasts": [{"day": 0, "date": "2026-06-25", "heat_index": 28.9, "wind_chill": 13.0, "severity": 0, "alert_level": "none"}, {"day": 1, "date": "2026-06-26", "heat_index": 29.1, "wind_chill": 13.7, "severity": 0, "alert_level": "none"}, {"day": 2, "date": "2026-06-27", "heat_index": 29.2, "wind_chill": 14.0, "severity": 0, "alert_level": "none"}, {"day": 3, "date": "2026-06-28", "heat_index": 29.2, "wind_chill": 14.1, "severity": 0, "alert_level": "none"}, {"day": 4, "date": "2026-06-29", "heat_index": 29.3, "wind_chill": 14.3, "severity": 0, "alert_level": "none"}, {"day": 5, "date": "2026-06-30", "heat_index": 29.6, "wind_chill": 14.5, "severity": 0, "alert_level": "none"}, {"day": 6, "date": "2026-07-01", "heat_index": 29.9, "wind_chill": 14.7, "severity": 0, "alert_level": "none"}]}}, {"type": "Feature", "geometry": {"type": "Polygon", "coordinates": [[[-5.373076923076923, 32.62837837837838], [-5.126923076923077, 32.62837837837838], [-5.126923076923077, 32.87162162162162], [-5.373076923076923, 32.87162162162162], [-5.373076923076923, 32.62837837837838]]]}, "properties": {"row": 13, "col": 47, "lat": 32.75, "lon": -5.25, "alert_level": "none", "severity": 0, "forecasts": [{"day": 0, "date": "2026-06-25", "heat_index": 28.5, "wind_chill": 12.6, "severity": 0, "alert_level": "none"}, {"day": 1, "date": "2026-06-26", "heat_index": 28.7, "wind_chill": 13.4, "severity": 0, "alert_level": "none"}, {"day": 2, "date": "2026-06-27", "heat_index": 28.6, "wind_chill": 13.7, "severity": 0, "alert_level": "none"}, {"day": 3, "date": "2026-06-28", "heat_index": 28.5, "wind_chill": 13.8, "severity": 0, "alert_level": "none"}, {"day": 4, "date": "2026-06-29", "heat_index": 28.6, "wind_chill": 13.9, "severity": 0, "alert_level": "none"}, {"day": 5, "date": "2026-06-30", "heat_index": 28.8, "wind_chill": 14.1, "severity": 0, "alert_level": "none"}, {"day": 6, "date": "2026-07-01", "heat_index": 29.0, "wind_chill": 14.3, "severity": 0, "alert_level": "none"}]}}, {"type": "Feature", "geometry": {"type": "Polygon", "coordinates": [[[-5.123076923076923, 32.62837837837838], [-4.876923076923077, 32.62837837837838], [-4.876923076923077, 32.87162162162162], [-5.123076923076923, 32.87162162162162], [-5.123076923076923, 32.62837837837838]]]}, "properties": {"row": 13, "col": 48, "lat": 32.75, "lon": -5.0, "alert_level": "none", "severity": 0, "forecasts": [{"day": 0, "date": "2026-06-25", "heat_index": 29.0, "wind_chill": 13.7, "severity": 0, "alert_level": "none"}, {"day": 1, "date": "2026-06-26", "heat_index": 29.2, "wind_chill": 14.4, "severity": 0, "alert_level": "none"}, {"day": 2, "date": "2026-06-27", "heat_index": 29.1, "wind_chill": 14.7, "severity": 0, "alert_level": "none"}, {"day": 3, "date": "2026-06-28", "heat_index": 29.0, "wind_chill": 14.8, "severity": 0, "alert_level": "none"}, {"day": 4, "date": "2026-06-29", "heat_index": 29.0, "wind_chill": 14.8, "severity": 0, "alert_level": "none"}, {"day": 5, "date": "2026-06-30", "heat_index": 29.1, "wind_chill": 14.9, "severity": 0, "alert_level": "none"}, {"day": 6, "date": "2026-07-01", "heat_index": 29.3, "wind_chill": 15.1, "severity": 0, "alert_level": "none"}]}}, {"type": "Feature", "geometry": {"type": "Polygon", "coordinates": [[[-4.873076923076923, 32.62837837837838], [-4.626923076923077, 32.62837837837838], [-4.626923076923077, 32.87162162162162], [-4.873076923076923, 32.87162162162162], [-4.873076923076923, 32.62837837837838]]]}, "properties": {"row": 13, "col": 49, "lat": 32.75, "lon": -4.75, "alert_level": "none", "severity": 0, "forecasts": [{"day": 0, "date": "2026-06-25", "heat_index": 29.2, "wind_chill": 14.9, "severity": 0, "alert_level": "none"}, {"day": 1, "date": "2026-06-26", "heat_index": 29.7, "wind_chill": 15.5, "severity": 0, "alert_level": "none"}, {"day": 2, "date": "2026-06-27", "heat_index": 29.8, "wind_chill": 16.1, "severity": 0, "alert_level": "none"}, {"day": 3, "date": "2026-06-28", "heat_index": 29.8, "wind_chill": 16.1, "severity": 0, "alert_level": "none"}, {"day": 4, "date": "2026-06-29", "heat_index": 29.8, "wind_chill": 16.1, "severity": 0, "alert_level": "none"}, {"day": 5, "date": "2026-06-30", "heat_index": 29.9, "wind_chill": 16.2, "severity": 0, "alert_level": "none"}, {"day": 6, "date": "2026-07-01", "heat_index": 30.1, "wind_chill": 16.3, "severity": 0, "alert_level": "none"}]}}, {"type": "Feature", "geometry": {"type": "Polygon", "coordinates": [[[-4.623076923076923, 32.62837837837838], [-4.376923076923077, 32.62837837837838], [-4.376923076923077, 32.87162162162162], [-4.623076923076923, 32.87162162162162], [-4.623076923076923, 32.62837837837838]]]}, "properties": {"row": 13, "col": 50, "lat": 32.75, "lon": -4.5, "alert_level": "none", "severity": 0, "forecasts": [{"day": 0, "date": "2026-06-25", "heat_index": 29.9, "wind_chill": 16.1, "severity": 0, "alert_level": "none"}, {"day": 1, "date": "2026-06-26", "heat_index": 30.5, "wind_chill": 16.6, "severity": 0, "alert_level": "none"}, {"day": 2, "date": "2026-06-27", "heat_index": 30.8, "wind_chill": 17.2, "severity": 0, "alert_level": "none"}, {"day": 3, "date": "2026-06-28", "heat_index": 30.9, "wind_chill": 17.3, "severity": 0, "alert_level": "none"}, {"day": 4, "date": "2026-06-29", "heat_index": 30.9, "wind_chill": 17.2, "severity": 0, "alert_level": "none"}, {"day": 5, "date": "2026-06-30", "heat_index": 31.1, "wind_chill": 17.3, "severity": 0, "alert_level": "none"}, {"day": 6, "date": "2026-07-01", "heat_index": 31.3, "wind_chill": 17.4, "severity": 0, "alert_level": "none"}]}}, {"type": "Feature", "geometry": {"type": "Polygon", "coordinates": [[[-4.373076923076923, 32.62837837837838], [-4.126923076923077, 32.62837837837838], [-4.126923076923077, 32.87162162162162], [-4.373076923076923, 32.87162162162162], [-4.373076923076923, 32.62837837837838]]]}, "properties": {"row": 13, "col": 51, "lat": 32.75, "lon": -4.25, "alert_level": "none", "severity": 0, "forecasts": [{"day": 0, "date": "2026-06-25", "heat_index": 30.7, "wind_chill": 16.9, "severity": 0, "alert_level": "none"}, {"day": 1, "date": "2026-06-26", "heat_index": 31.0, "wind_chill": 17.2, "severity": 0, "alert_level": "none"}, {"day": 2, "date": "2026-06-27", "heat_index": 31.4, "wind_chill": 17.6, "severity": 0, "alert_level": "none"}, {"day": 3, "date": "2026-06-28", "heat_index": 31.5, "wind_chill": 17.7, "severity": 0, "alert_level": "none"}, {"day": 4, "date": "2026-06-29", "heat_index": 31.5, "wind_chill": 17.7, "severity": 0, "alert_level": "none"}, {"day": 5, "date": "2026-06-30", "heat_index": 31.8, "wind_chill": 17.7, "severity": 0, "alert_level": "none"}, {"day": 6, "date": "2026-07-01", "heat_index": 32.0, "wind_chill": 17.8, "severity": 0, "alert_level": "none"}]}}, {"type": "Feature", "geometry": {"type": "Polygon", "coordinates": [[[-4.123076923076923, 32.62837837837838], [-3.876923076923077, 32.62837837837838], [-3.876923076923077, 32.87162162162162], [-4.123076923076923, 32.87162162162162], [-4.123076923076923, 32.62837837837838]]]}, "properties": {"row": 13, "col": 52, "lat": 32.75, "lon": -4.0, "alert_level": "yellow", "severity": 0.1, "forecasts": [{"day": 0, "date": "2026-06-25", "heat_index": 31.0, "wind_chill": 17.3, "severity": 0, "alert_level": "none"}, {"day": 1, "date": "2026-06-26", "heat_index": 31.0, "wind_chill": 17.3, "severity": 0, "alert_level": "none"}, {"day": 2, "date": "2026-06-27", "heat_index": 31.5, "wind_chill": 17.7, "severity": 0, "alert_level": "none"}, {"day": 3, "date": "2026-06-28", "heat_index": 31.5, "wind_chill": 17.7, "severity": 0, "alert_level": "none"}, {"day": 4, "date": "2026-06-29", "heat_index": 31.6, "wind_chill": 17.7, "severity": 0, "alert_level": "none"}, {"day": 5, "date": "2026-06-30", "heat_index": 31.9, "wind_chill": 17.8, "severity": 0, "alert_level": "none"}, {"day": 6, "date": "2026-07-01", "heat_index": 32.1, "wind_chill": 17.9, "severity": 0.1, "alert_level": "yellow"}]}}, {"type": "Feature", "geometry": {"type": "Polygon", "coordinates": [[[-3.873076923076923, 32.62837837837838], [-3.626923076923077, 32.62837837837838], [-3.626923076923077, 32.87162162162162], [-3.873076923076923, 32.87162162162162], [-3.873076923076923, 32.62837837837838]]]}, "properties": {"row": 13, "col": 53, "lat": 32.75, "lon": -3.75, "alert_level": "none", "severity": 0, "forecasts": [{"day": 0, "date": "2026-06-25", "heat_index": 30.3, "wind_chill": 16.6, "severity": 0, "alert_level": "none"}, {"day": 1, "date": "2026-06-26", "heat_index": 30.4, "wind_chill": 16.6, "severity": 0, "alert_level": "none"}, {"day": 2, "date": "2026-06-27", "heat_index": 30.8, "wind_chill": 16.9, "severity": 0, "alert_level": "none"}, {"day": 3, "date": "2026-06-28", "heat_index": 30.9, "wind_chill": 17.1, "severity": 0, "alert_level": "none"}, {"day": 4, "date": "2026-06-29", "heat_index": 31.0, "wind_chill": 17.1, "severity": 0, "alert_level": "none"}, {"day": 5, "date": "2026-06-30", "heat_index": 31.3, "wind_chill": 17.2, "severity": 0, "alert_level": "none"}, {"day": 6, "date": "2026-07-01", "heat_index": 31.5, "wind_chill": 17.4, "severity": 0, "alert_level": "none"}]}}, {"type": "Feature", "geometry": {"type": "Polygon", "coordinates": [[[-3.623076923076923, 32.62837837837838], [-3.376923076923077, 32.62837837837838], [-3.376923076923077, 32.87162162162162], [-3.623076923076923, 32.87162162162162], [-3.623076923076923, 32.62837837837838]]]}, "properties": {"row": 13, "col": 54, "lat": 32.75, "lon": -3.5, "alert_level": "none", "severity": 0, "forecasts": [{"day": 0, "date": "2026-06-25", "heat_index": 30.6, "wind_chill": 16.4, "severity": 0, "alert_level": "none"}, {"day": 1, "date": "2026-06-26", "heat_index": 30.6, "wind_chill": 16.5, "severity": 0, "alert_level": "none"}, {"day": 2, "date": "2026-06-27", "heat_index": 30.9, "wind_chill": 16.7, "severity": 0, "alert_level": "none"}, {"day": 3, "date": "2026-06-28", "heat_index": 30.9, "wind_chill": 16.9, "severity": 0, "alert_level": "none"}, {"day": 4, "date": "2026-06-29", "heat_index": 30.9, "wind_chill": 17.0, "severity": 0, "alert_level": "none"}, {"day": 5, "date": "2026-06-30", "heat_index": 31.2, "wind_chill": 17.2, "severity": 0, "alert_level": "none"}, {"day": 6, "date": "2026-07-01", "heat_index": 31.5, "wind_chill": 17.4, "severity": 0, "alert_level": "none"}]}}, {"type": "Feature", "geometry": {"type": "Polygon", "coordinates": [[[-3.373076923076923, 32.62837837837838], [-3.126923076923077, 32.62837837837838], [-3.126923076923077, 32.87162162162162], [-3.373076923076923, 32.87162162162162], [-3.373076923076923, 32.62837837837838]]]}, "properties": {"row": 13, "col": 55, "lat": 32.75, "lon": -3.25, "alert_level": "yellow", "severity": 0.4, "forecasts": [{"day": 0, "date": "2026-06-25", "heat_index": 32.0, "wind_chill": 17.3, "severity": 0.0, "alert_level": "yellow"}, {"day": 1, "date": "2026-06-26", "heat_index": 31.9, "wind_chill": 17.5, "severity": 0, "alert_level": "none"}, {"day": 2, "date": "2026-06-27", "heat_index": 32.0, "wind_chill": 17.7, "severity": 0.0, "alert_level": "yellow"}, {"day": 3, "date": "2026-06-28", "heat_index": 32.0, "wind_chill": 17.8, "severity": 0, "alert_level": "none"}, {"day": 4, "date": "2026-06-29", "heat_index": 31.9, "wind_chill": 17.9, "severity": 0, "alert_level": "none"}, {"day": 5, "date": "2026-06-30", "heat_index": 32.2, "wind_chill": 18.0, "severity": 0.2, "alert_level": "yellow"}, {"day": 6, "date": "2026-07-01", "heat_index": 32.4, "wind_chill": 18.2, "severity": 0.4, "alert_level": "yellow"}]}}, {"type": "Feature", "geometry": {"type": "Polygon", "coordinates": [[[-3.123076923076923, 32.62837837837838], [-2.876923076923077, 32.62837837837838], [-2.876923076923077, 32.87162162162162], [-3.123076923076923, 32.87162162162162], [-3.123076923076923, 32.62837837837838]]]}, "properties": {"row": 13, "col": 56, "lat": 32.75, "lon": -3.0, "alert_level": "yellow", "severity": 1.2, "forecasts": [{"day": 0, "date": "2026-06-25", "heat_index": 32.9, "wind_chill": 18.1, "severity": 0.9, "alert_level": "yellow"}, {"day": 1, "date": "2026-06-26", "heat_index": 32.8, "wind_chill": 18.2, "severity": 0.8, "alert_level": "yellow"}, {"day": 2, "date": "2026-06-27", "heat_index": 32.9, "wind_chill": 18.6, "severity": 0.9, "alert_level": "yellow"}, {"day": 3, "date": "2026-06-28", "heat_index": 32.8, "wind_chill": 18.6, "severity": 0.8, "alert_level": "yellow"}, {"day": 4, "date": "2026-06-29", "heat_index": 32.7, "wind_chill": 18.6, "severity": 0.7, "alert_level": "yellow"}, {"day": 5, "date": "2026-06-30", "heat_index": 32.9, "wind_chill": 18.8, "severity": 0.9, "alert_level": "yellow"}, {"day": 6, "date": "2026-07-01", "heat_index": 33.2, "wind_chill": 18.9, "severity": 1.2, "alert_level": "yellow"}]}}, {"type": "Feature", "geometry": {"type": "Polygon", "coordinates": [[[-2.873076923076923, 32.62837837837838], [-2.626923076923077, 32.62837837837838], [-2.626923076923077, 32.87162162162162], [-2.873076923076923, 32.87162162162162], [-2.873076923076923, 32.62837837837838]]]}, "properties": {"row": 13, "col": 57, "lat": 32.75, "lon": -2.75, "alert_level": "yellow", "severity": 0.8, "forecasts": [{"day": 0, "date": "2026-06-25", "heat_index": 32.5, "wind_chill": 17.8, "severity": 0.5, "alert_level": "yellow"}, {"day": 1, "date": "2026-06-26", "heat_index": 32.6, "wind_chill": 18.0, "severity": 0.6, "alert_level": "yellow"}, {"day": 2, "date": "2026-06-27", "heat_index": 32.6, "wind_chill": 18.2, "severity": 0.6, "alert_level": "yellow"}, {"day": 3, "date": "2026-06-28", "heat_index": 32.5, "wind_chill": 18.3, "severity": 0.5, "alert_level": "yellow"}, {"day": 4, "date": "2026-06-29", "heat_index": 32.4, "wind_chill": 18.3, "severity": 0.4, "alert_level": "yellow"}, {"day": 5, "date": "2026-06-30", "heat_index": 32.6, "wind_chill": 18.4, "severity": 0.6, "alert_level": "yellow"}, {"day": 6, "date": "2026-07-01", "heat_index": 32.8, "wind_chill": 18.6, "severity": 0.8, "alert_level": "yellow"}]}}, {"type": "Feature", "geometry": {"type": "Polygon", "coordinates": [[[-2.623076923076923, 32.62837837837838], [-2.376923076923077, 32.62837837837838], [-2.376923076923077, 32.87162162162162], [-2.623076923076923, 32.87162162162162], [-2.623076923076923, 32.62837837837838]]]}, "properties": {"row": 13, "col": 58, "lat": 32.75, "lon": -2.5, "alert_level": "yellow", "severity": 0.6, "forecasts": [{"day": 0, "date": "2026-06-25", "heat_index": 32.6, "wind_chill": 17.5, "severity": 0.6, "alert_level": "yellow"}, {"day": 1, "date": "2026-06-26", "heat_index": 32.3, "wind_chill": 17.5, "severity": 0.3, "alert_level": "yellow"}, {"day": 2, "date": "2026-06-27", "heat_index": 32.0, "wind_chill": 17.5, "severity": 0, "alert_level": "none"}, {"day": 3, "date": "2026-06-28", "heat_index": 31.8, "wind_chill": 17.6, "severity": 0, "alert_level": "none"}, {"day": 4, "date": "2026-06-29", "heat_index": 31.5, "wind_chill": 17.5, "severity": 0, "alert_level": "none"}, {"day": 5, "date": "2026-06-30", "heat_index": 31.7, "wind_chill": 17.6, "severity": 0, "alert_level": "none"}, {"day": 6, "date": "2026-07-01", "heat_index": 31.9, "wind_chill": 17.7, "severity": 0, "alert_level": "none"}]}}, {"type": "Feature", "geometry": {"type": "Polygon", "coordinates": [[[-2.373076923076923, 32.62837837837838], [-2.126923076923077, 32.62837837837838], [-2.126923076923077, 32.87162162162162], [-2.373076923076923, 32.87162162162162], [-2.373076923076923, 32.62837837837838]]]}, "properties": {"row": 13, "col": 59, "lat": 32.75, "lon": -2.25, "alert_level": "yellow", "severity": 0.2, "forecasts": [{"day": 0, "date": "2026-06-25", "heat_index": 32.2, "wind_chill": 17.2, "severity": 0.2, "alert_level": "yellow"}, {"day": 1, "date": "2026-06-26", "heat_index": 32.0, "wind_chill": 17.3, "severity": 0, "alert_level": "none"}, {"day": 2, "date": "2026-06-27", "heat_index": 31.3, "wind_chill": 17.0, "severity": 0, "alert_level": "none"}, {"day": 3, "date": "2026-06-28", "heat_index": 30.9, "wind_chill": 16.9, "severity": 0, "alert_level": "none"}, {"day": 4, "date": "2026-06-29", "heat_index": 30.5, "wind_chill": 16.7, "severity": 0, "alert_level": "none"}, {"day": 5, "date": "2026-06-30", "heat_index": 30.7, "wind_chill": 16.8, "severity": 0, "alert_level": "none"}, {"day": 6, "date": "2026-07-01", "heat_index": 31.0, "wind_chill": 17.0, "severity": 0, "alert_level": "none"}]}}, {"type": "Feature", "geometry": {"type": "Polygon", "coordinates": [[[-2.123076923076923, 32.62837837837838], [-1.876923076923077, 32.62837837837838], [-1.876923076923077, 32.87162162162162], [-2.123076923076923, 32.87162162162162], [-2.123076923076923, 32.62837837837838]]]}, "properties": {"row": 13, "col": 60, "lat": 32.75, "lon": -2.0, "alert_level": "yellow", "severity": 0.6, "forecasts": [{"day": 0, "date": "2026-06-25", "heat_index": 32.6, "wind_chill": 17.3, "severity": 0.6, "alert_level": "yellow"}, {"day": 1, "date": "2026-06-26", "heat_index": 31.1, "wind_chill": 16.6, "severity": 0, "alert_level": "none"}, {"day": 2, "date": "2026-06-27", "heat_index": 30.3, "wind_chill": 16.3, "severity": 0, "alert_level": "none"}, {"day": 3, "date": "2026-06-28", "heat_index": 30.0, "wind_chill": 16.1, "severity": 0, "alert_level": "none"}, {"day": 4, "date": "2026-06-29", "heat_index": 29.8, "wind_chill": 16.0, "severity": 0, "alert_level": "none"}, {"day": 5, "date": "2026-06-30", "heat_index": 30.1, "wind_chill": 16.1, "severity": 0, "alert_level": "none"}, {"day": 6, "date": "2026-07-01", "heat_index": 30.5, "wind_chill": 16.3, "severity": 0, "alert_level": "none"}]}}, {"type": "Feature", "geometry": {"type": "Polygon", "coordinates": [[[-1.873076923076923, 32.62837837837838], [-1.626923076923077, 32.62837837837838], [-1.626923076923077, 32.87162162162162], [-1.873076923076923, 32.87162162162162], [-1.873076923076923, 32.62837837837838]]]}, "properties": {"row": 13, "col": 61, "lat": 32.75, "lon": -1.75, "alert_level": "none", "severity": 0, "forecasts": [{"day": 0, "date": "2026-06-25", "heat_index": 29.8, "wind_chill": 16.0, "severity": 0, "alert_level": "none"}, {"day": 1, "date": "2026-06-26", "heat_index": 29.9, "wind_chill": 16.0, "severity": 0, "alert_level": "none"}, {"day": 2, "date": "2026-06-27", "heat_index": 29.7, "wind_chill": 16.4, "severity": 0, "alert_level": "none"}, {"day": 3, "date": "2026-06-28", "heat_index": 29.3, "wind_chill": 16.3, "severity": 0, "alert_level": "none"}, {"day": 4, "date": "2026-06-29", "heat_index": 29.2, "wind_chill": 16.2, "severity": 0, "alert_level": "none"}, {"day": 5, "date": "2026-06-30", "heat_index": 29.7, "wind_chill": 16.3, "severity": 0, "alert_level": "none"}, {"day": 6, "date": "2026-07-01", "heat_index": 30.1, "wind_chill": 16.6, "severity": 0, "alert_level": "none"}]}}, {"type": "Feature", "geometry": {"type": "Polygon", "coordinates": [[[-1.623076923076923, 32.62837837837838], [-1.376923076923077, 32.62837837837838], [-1.376923076923077, 32.87162162162162], [-1.623076923076923, 32.87162162162162], [-1.623076923076923, 32.62837837837838]]]}, "properties": {"row": 13, "col": 62, "lat": 32.75, "lon": -1.5, "alert_level": "none", "severity": 0, "forecasts": [{"day": 0, "date": "2026-06-25", "heat_index": 28.3, "wind_chill": 13.5, "severity": 0, "alert_level": "none"}, {"day": 1, "date": "2026-06-26", "heat_index": 27.4, "wind_chill": 14.1, "severity": 0, "alert_level": "none"}, {"day": 2, "date": "2026-06-27", "heat_index": 25.1, "wind_chill": 13.7, "severity": 0, "alert_level": "none"}, {"day": 3, "date": "2026-06-28", "heat_index": 23.5, "wind_chill": 13.0, "severity": 0, "alert_level": "none"}, {"day": 4, "date": "2026-06-29", "heat_index": 23.1, "wind_chill": 12.7, "severity": 0, "alert_level": "none"}, {"day": 5, "date": "2026-06-30", "heat_index": 23.5, "wind_chill": 12.9, "severity": 0, "alert_level": "none"}, {"day": 6, "date": "2026-07-01", "heat_index": 24.0, "wind_chill": 13.3, "severity": 0, "alert_level": "none"}]}}, {"type": "Feature", "geometry": {"type": "Polygon", "coordinates": [[[-9.123076923076923, 32.37837837837838], [-8.876923076923077, 32.37837837837838], [-8.876923076923077, 32.62162162162162], [-9.123076923076923, 32.62162162162162], [-9.123076923076923, 32.37837837837838]]]}, "properties": {"row": 14, "col": 32, "lat": 32.5, "lon": -9.0, "alert_level": "red", "severity": 9.8, "forecasts": [{"day": 0, "date": "2026-06-25", "heat_index": 4.9, "wind_chill": -3.8, "severity": 8.8, "alert_level": "red"}, {"day": 1, "date": "2026-06-26", "heat_index": 6.7, "wind_chill": -4.8, "severity": 9.8, "alert_level": "red"}, {"day": 2, "date": "2026-06-27", "heat_index": 8.4, "wind_chill": -3.6, "severity": 8.6, "alert_level": "red"}, {"day": 3, "date": "2026-06-28", "heat_index": 10.1, "wind_chill": -2.9, "severity": 7.9, "alert_level": "red"}, {"day": 4, "date": "2026-06-29", "heat_index": 11.5, "wind_chill": -1.9, "severity": 6.9, "alert_level": "red"}, {"day": 5, "date": "2026-06-30", "heat_index": 12.6, "wind_chill": -0.7, "severity": 5.7, "alert_level": "red"}, {"day": 6, "date": "2026-07-01", "heat_index": 13.5, "wind_chill": 0.6, "severity": 4.4, "alert_level": "orange"}]}}, {"type": "Feature", "geometry": {"type": "Polygon", "coordinates": [[[-8.873076923076923, 32.37837837837838], [-8.626923076923077, 32.37837837837838], [-8.626923076923077, 32.62162162162162], [-8.873076923076923, 32.62162162162162], [-8.873076923076923, 32.37837837837838]]]}, "properties": {"row": 14, "col": 33, "lat": 32.5, "lon": -8.75, "alert_level": "none", "severity": 0, "forecasts": [{"day": 0, "date": "2026-06-25", "heat_index": 21.9, "wind_chill": 13.0, "severity": 0, "alert_level": "none"}, {"day": 1, "date": "2026-06-26", "heat_index": 24.4, "wind_chill": 14.9, "severity": 0, "alert_level": "none"}, {"day": 2, "date": "2026-06-27", "heat_index": 25.8, "wind_chill": 16.7, "severity": 0, "alert_level": "none"}, {"day": 3, "date": "2026-06-28", "heat_index": 26.2, "wind_chill": 17.2, "severity": 0, "alert_level": "none"}, {"day": 4, "date": "2026-06-29", "heat_index": 26.5, "wind_chill": 17.3, "severity": 0, "alert_level": "none"}, {"day": 5, "date": "2026-06-30", "heat_index": 26.5, "wind_chill": 17.3, "severity": 0, "alert_level": "none"}, {"day": 6, "date": "2026-07-01", "heat_index": 26.5, "wind_chill": 17.3, "severity": 0, "alert_level": "none"}]}}, {"type": "Feature", "geometry": {"type": "Polygon", "coordinates": [[[-8.623076923076923, 32.37837837837838], [-8.376923076923077, 32.37837837837838], [-8.376923076923077, 32.62162162162162], [-8.623076923076923, 32.62162162162162], [-8.623076923076923, 32.37837837837838]]]}, "properties": {"row": 14, "col": 34, "lat": 32.5, "lon": -8.5, "alert_level": "none", "severity": 0, "forecasts": [{"day": 0, "date": "2026-06-25", "heat_index": 22.4, "wind_chill": 12.6, "severity": 0, "alert_level": "none"}, {"day": 1, "date": "2026-06-26", "heat_index": 24.6, "wind_chill": 14.8, "severity": 0, "alert_level": "none"}, {"day": 2, "date": "2026-06-27", "heat_index": 26.1, "wind_chill": 16.6, "severity": 0, "alert_level": "none"}, {"day": 3, "date": "2026-06-28", "heat_index": 26.9, "wind_chill": 17.3, "severity": 0, "alert_level": "none"}, {"day": 4, "date": "2026-06-29", "heat_index": 27.3, "wind_chill": 17.6, "severity": 0, "alert_level": "none"}, {"day": 5, "date": "2026-06-30", "heat_index": 27.7, "wind_chill": 17.8, "severity": 0, "alert_level": "none"}, {"day": 6, "date": "2026-07-01", "heat_index": 28.0, "wind_chill": 18.0, "severity": 0, "alert_level": "none"}]}}, {"type": "Feature", "geometry": {"type": "Polygon", "coordinates": [[[-8.373076923076923, 32.37837837837838], [-8.126923076923077, 32.37837837837838], [-8.126923076923077, 32.62162162162162], [-8.373076923076923, 32.62162162162162], [-8.373076923076923, 32.37837837837838]]]}, "properties": {"row": 14, "col": 35, "lat": 32.5, "lon": -8.25, "alert_level": "none", "severity": 0, "forecasts": [{"day": 0, "date": "2026-06-25", "heat_index": 25.8, "wind_chill": 15.7, "severity": 0, "alert_level": "none"}, {"day": 1, "date": "2026-06-26", "heat_index": 27.2, "wind_chill": 16.7, "severity": 0, "alert_level": "none"}, {"day": 2, "date": "2026-06-27", "heat_index": 28.3, "wind_chill": 17.9, "severity": 0, "alert_level": "none"}, {"day": 3, "date": "2026-06-28", "heat_index": 29.0, "wind_chill": 18.6, "severity": 0, "alert_level": "none"}, {"day": 4, "date": "2026-06-29", "heat_index": 29.4, "wind_chill": 18.8, "severity": 0, "alert_level": "none"}, {"day": 5, "date": "2026-06-30", "heat_index": 29.7, "wind_chill": 18.9, "severity": 0, "alert_level": "none"}, {"day": 6, "date": "2026-07-01", "heat_index": 30.1, "wind_chill": 19.1, "severity": 0, "alert_level": "none"}]}}, {"type": "Feature", "geometry": {"type": "Polygon", "coordinates": [[[-8.123076923076923, 32.37837837837838], [-7.876923076923077, 32.37837837837838], [-7.876923076923077, 32.62162162162162], [-8.123076923076923, 32.62162162162162], [-8.123076923076923, 32.37837837837838]]]}, "properties": {"row": 14, "col": 36, "lat": 32.5, "lon": -8.0, "alert_level": "none", "severity": 0, "forecasts": [{"day": 0, "date": "2026-06-25", "heat_index": 27.6, "wind_chill": 16.7, "severity": 0, "alert_level": "none"}, {"day": 1, "date": "2026-06-26", "heat_index": 28.5, "wind_chill": 17.1, "severity": 0, "alert_level": "none"}, {"day": 2, "date": "2026-06-27", "heat_index": 29.3, "wind_chill": 17.9, "severity": 0, "alert_level": "none"}, {"day": 3, "date": "2026-06-28", "heat_index": 30.0, "wind_chill": 18.6, "severity": 0, "alert_level": "none"}, {"day": 4, "date": "2026-06-29", "heat_index": 30.2, "wind_chill": 18.7, "severity": 0, "alert_level": "none"}, {"day": 5, "date": "2026-06-30", "heat_index": 30.6, "wind_chill": 18.9, "severity": 0, "alert_level": "none"}, {"day": 6, "date": "2026-07-01", "heat_index": 31.0, "wind_chill": 19.1, "severity": 0, "alert_level": "none"}]}}, {"type": "Feature", "geometry": {"type": "Polygon", "coordinates": [[[-7.873076923076923, 32.37837837837838], [-7.626923076923077, 32.37837837837838], [-7.626923076923077, 32.62162162162162], [-7.873076923076923, 32.62162162162162], [-7.873076923076923, 32.37837837837838]]]}, "properties": {"row": 14, "col": 37, "lat": 32.5, "lon": -7.75, "alert_level": "yellow", "severity": 0.0, "forecasts": [{"day": 0, "date": "2026-06-25", "heat_index": 29.2, "wind_chill": 17.1, "severity": 0, "alert_level": "none"}, {"day": 1, "date": "2026-06-26", "heat_index": 30.1, "wind_chill": 17.2, "severity": 0, "alert_level": "none"}, {"day": 2, "date": "2026-06-27", "heat_index": 30.8, "wind_chill": 17.8, "severity": 0, "alert_level": "none"}, {"day": 3, "date": "2026-06-28", "heat_index": 31.2, "wind_chill": 18.4, "severity": 0, "alert_level": "none"}, {"day": 4, "date": "2026-06-29", "heat_index": 31.3, "wind_chill": 18.4, "severity": 0, "alert_level": "none"}, {"day": 5, "date": "2026-06-30", "heat_index": 31.7, "wind_chill": 18.6, "severity": 0, "alert_level": "none"}, {"day": 6, "date": "2026-07-01", "heat_index": 32.0, "wind_chill": 18.8, "severity": 0.0, "alert_level": "yellow"}]}}, {"type": "Feature", "geometry": {"type": "Polygon", "coordinates": [[[-7.623076923076923, 32.37837837837838], [-7.376923076923077, 32.37837837837838], [-7.376923076923077, 32.62162162162162], [-7.623076923076923, 32.62162162162162], [-7.623076923076923, 32.37837837837838]]]}, "properties": {"row": 14, "col": 38, "lat": 32.5, "lon": -7.5, "alert_level": "yellow", "severity": 0.8, "forecasts": [{"day": 0, "date": "2026-06-25", "heat_index": 30.4, "wind_chill": 17.2, "severity": 0, "alert_level": "none"}, {"day": 1, "date": "2026-06-26", "heat_index": 31.0, "wind_chill": 17.1, "severity": 0, "alert_level": "none"}, {"day": 2, "date": "2026-06-27", "heat_index": 31.8, "wind_chill": 17.8, "severity": 0, "alert_level": "none"}, {"day": 3, "date": "2026-06-28", "heat_index": 32.1, "wind_chill": 18.2, "severity": 0.1, "alert_level": "yellow"}, {"day": 4, "date": "2026-06-29", "heat_index": 32.1, "wind_chill": 18.3, "severity": 0.1, "alert_level": "yellow"}, {"day": 5, "date": "2026-06-30", "heat_index": 32.5, "wind_chill": 18.4, "severity": 0.5, "alert_level": "yellow"}, {"day": 6, "date": "2026-07-01", "heat_index": 32.8, "wind_chill": 18.6, "severity": 0.8, "alert_level": "yellow"}]}}, {"type": "Feature", "geometry": {"type": "Polygon", "coordinates": [[[-7.373076923076923, 32.37837837837838], [-7.126923076923077, 32.37837837837838], [-7.126923076923077, 32.62162162162162], [-7.373076923076923, 32.62162162162162], [-7.373076923076923, 32.37837837837838]]]}, "properties": {"row": 14, "col": 39, "lat": 32.5, "lon": -7.25, "alert_level": "yellow", "severity": 1.7, "forecasts": [{"day": 0, "date": "2026-06-25", "heat_index": 31.4, "wind_chill": 17.2, "severity": 0, "alert_level": "none"}, {"day": 1, "date": "2026-06-26", "heat_index": 31.8, "wind_chill": 17.1, "severity": 0, "alert_level": "none"}, {"day": 2, "date": "2026-06-27", "heat_index": 32.7, "wind_chill": 17.8, "severity": 0.7, "alert_level": "yellow"}, {"day": 3, "date": "2026-06-28", "heat_index": 33.0, "wind_chill": 18.3, "severity": 1.0, "alert_level": "yellow"}, {"day": 4, "date": "2026-06-29", "heat_index": 33.0, "wind_chill": 18.3, "severity": 1.0, "alert_level": "yellow"}, {"day": 5, "date": "2026-06-30", "heat_index": 33.3, "wind_chill": 18.5, "severity": 1.3, "alert_level": "yellow"}, {"day": 6, "date": "2026-07-01", "heat_index": 33.7, "wind_chill": 18.7, "severity": 1.7, "alert_level": "yellow"}]}}, {"type": "Feature", "geometry": {"type": "Polygon", "coordinates": [[[-7.123076923076923, 32.37837837837838], [-6.876923076923077, 32.37837837837838], [-6.876923076923077, 32.62162162162162], [-7.123076923076923, 32.62162162162162], [-7.123076923076923, 32.37837837837838]]]}, "properties": {"row": 14, "col": 40, "lat": 32.5, "lon": -7.0, "alert_level": "orange", "severity": 2.3, "forecasts": [{"day": 0, "date": "2026-06-25", "heat_index": 32.6, "wind_chill": 17.3, "severity": 0.6, "alert_level": "yellow"}, {"day": 1, "date": "2026-06-26", "heat_index": 32.5, "wind_chill": 17.1, "severity": 0.5, "alert_level": "yellow"}, {"day": 2, "date": "2026-06-27", "heat_index": 33.3, "wind_chill": 17.9, "severity": 1.3, "alert_level": "yellow"}, {"day": 3, "date": "2026-06-28", "heat_index": 33.7, "wind_chill": 18.3, "severity": 1.7, "alert_level": "yellow"}, {"day": 4, "date": "2026-06-29", "heat_index": 33.6, "wind_chill": 18.3, "severity": 1.6, "alert_level": "yellow"}, {"day": 5, "date": "2026-06-30", "heat_index": 33.9, "wind_chill": 18.5, "severity": 1.9, "alert_level": "yellow"}, {"day": 6, "date": "2026-07-01", "heat_index": 34.3, "wind_chill": 18.7, "severity": 2.3, "alert_level": "orange"}]}}, {"type": "Feature", "geometry": {"type": "Polygon", "coordinates": [[[-6.873076923076923, 32.37837837837838], [-6.626923076923077, 32.37837837837838], [-6.626923076923077, 32.62162162162162], [-6.873076923076923, 32.62162162162162], [-6.873076923076923, 32.37837837837838]]]}, "properties": {"row": 14, "col": 41, "lat": 32.5, "lon": -6.75, "alert_level": "orange", "severity": 2.6, "forecasts": [{"day": 0, "date": "2026-06-25", "heat_index": 33.0, "wind_chill": 17.1, "severity": 1.0, "alert_level": "yellow"}, {"day": 1, "date": "2026-06-26", "heat_index": 32.9, "wind_chill": 17.0, "severity": 0.9, "alert_level": "yellow"}, {"day": 2, "date": "2026-06-27", "heat_index": 33.6, "wind_chill": 17.8, "severity": 1.6, "alert_level": "yellow"}, {"day": 3, "date": "2026-06-28", "heat_index": 33.9, "wind_chill": 18.2, "severity": 1.9, "alert_level": "yellow"}, {"day": 4, "date": "2026-06-29", "heat_index": 33.9, "wind_chill": 18.2, "severity": 1.9, "alert_level": "yellow"}, {"day": 5, "date": "2026-06-30", "heat_index": 34.2, "wind_chill": 18.4, "severity": 2.2, "alert_level": "orange"}, {"day": 6, "date": "2026-07-01", "heat_index": 34.6, "wind_chill": 18.6, "severity": 2.6, "alert_level": "orange"}]}}, {"type": "Feature", "geometry": {"type": "Polygon", "coordinates": [[[-6.623076923076923, 32.37837837837838], [-6.376923076923077, 32.37837837837838], [-6.376923076923077, 32.62162162162162], [-6.623076923076923, 32.62162162162162], [-6.623076923076923, 32.37837837837838]]]}, "properties": {"row": 14, "col": 42, "lat": 32.5, "lon": -6.5, "alert_level": "orange", "severity": 2.4, "forecasts": [{"day": 0, "date": "2026-06-25", "heat_index": 33.0, "wind_chill": 16.6, "severity": 1.0, "alert_level": "yellow"}, {"day": 1, "date": "2026-06-26", "heat_index": 33.0, "wind_chill": 16.7, "severity": 1.0, "alert_level": "yellow"}, {"day": 2, "date": "2026-06-27", "heat_index": 33.6, "wind_chill": 17.5, "severity": 1.6, "alert_level": "yellow"}, {"day": 3, "date": "2026-06-28", "heat_index": 33.8, "wind_chill": 17.8, "severity": 1.8, "alert_level": "yellow"}, {"day": 4, "date": "2026-06-29", "heat_index": 33.8, "wind_chill": 17.8, "severity": 1.8, "alert_level": "yellow"}, {"day": 5, "date": "2026-06-30", "heat_index": 34.1, "wind_chill": 18.0, "severity": 2.1, "alert_level": "orange"}, {"day": 6, "date": "2026-07-01", "heat_index": 34.4, "wind_chill": 18.3, "severity": 2.4, "alert_level": "orange"}]}}, {"type": "Feature", "geometry": {"type": "Polygon", "coordinates": [[[-6.373076923076923, 32.37837837837838], [-6.126923076923077, 32.37837837837838], [-6.126923076923077, 32.62162162162162], [-6.373076923076923, 32.62162162162162], [-6.373076923076923, 32.37837837837838]]]}, "properties": {"row": 14, "col": 43, "lat": 32.5, "lon": -6.25, "alert_level": "yellow", "severity": 1.3, "forecasts": [{"day": 0, "date": "2026-06-25", "heat_index": 31.7, "wind_chill": 15.4, "severity": 0, "alert_level": "none"}, {"day": 1, "date": "2026-06-26", "heat_index": 32.0, "wind_chill": 15.7, "severity": 0, "alert_level": "none"}, {"day": 2, "date": "2026-06-27", "heat_index": 32.5, "wind_chill": 16.5, "severity": 0.5, "alert_level": "yellow"}, {"day": 3, "date": "2026-06-28", "heat_index": 32.6, "wind_chill": 16.7, "severity": 0.6, "alert_level": "yellow"}, {"day": 4, "date": "2026-06-29", "heat_index": 32.7, "wind_chill": 16.7, "severity": 0.7, "alert_level": "yellow"}, {"day": 5, "date": "2026-06-30", "heat_index": 33.0, "wind_chill": 16.9, "severity": 1.0, "alert_level": "yellow"}, {"day": 6, "date": "2026-07-01", "heat_index": 33.3, "wind_chill": 17.2, "severity": 1.3, "alert_level": "yellow"}]}}, {"type": "Feature", "geometry": {"type": "Polygon", "coordinates": [[[-6.123076923076923, 32.37837837837838], [-5.876923076923077, 32.37837837837838], [-5.876923076923077, 32.62162162162162], [-6.123076923076923, 32.62162162162162], [-6.123076923076923, 32.37837837837838]]]}, "properties": {"row": 14, "col": 44, "lat": 32.5, "lon": -6.0, "alert_level": "none", "severity": 0, "forecasts": [{"day": 0, "date": "2026-06-25", "heat_index": 29.6, "wind_chill": 13.7, "severity": 0, "alert_level": "none"}, {"day": 1, "date": "2026-06-26", "heat_index": 29.8, "wind_chill": 14.1, "severity": 0, "alert_level": "none"}, {"day": 2, "date": "2026-06-27", "heat_index": 30.2, "wind_chill": 14.5, "severity": 0, "alert_level": "none"}, {"day": 3, "date": "2026-06-28", "heat_index": 30.2, "wind_chill": 14.6, "severity": 0, "alert_level": "none"}, {"day": 4, "date": "2026-06-29", "heat_index": 30.3, "wind_chill": 14.7, "severity": 0, "alert_level": "none"}, {"day": 5, "date": "2026-06-30", "heat_index": 30.6, "wind_chill": 14.9, "severity": 0, "alert_level": "none"}, {"day": 6, "date": "2026-07-01", "heat_index": 31.0, "wind_chill": 15.1, "severity": 0, "alert_level": "none"}]}}, {"type": "Feature", "geometry": {"type": "Polygon", "coordinates": [[[-5.873076923076923, 32.37837837837838], [-5.626923076923077, 32.37837837837838], [-5.626923076923077, 32.62162162162162], [-5.873076923076923, 32.62162162162162], [-5.873076923076923, 32.37837837837838]]]}, "properties": {"row": 14, "col": 45, "lat": 32.5, "lon": -5.75, "alert_level": "none", "severity": 0, "forecasts": [{"day": 0, "date": "2026-06-25", "heat_index": 27.0, "wind_chill": 11.8, "severity": 0, "alert_level": "none"}, {"day": 1, "date": "2026-06-26", "heat_index": 27.2, "wind_chill": 12.0, "severity": 0, "alert_level": "none"}, {"day": 2, "date": "2026-06-27", "heat_index": 27.4, "wind_chill": 12.2, "severity": 0, "alert_level": "none"}, {"day": 3, "date": "2026-06-28", "heat_index": 27.4, "wind_chill": 12.3, "severity": 0, "alert_level": "none"}, {"day": 4, "date": "2026-06-29", "heat_index": 27.5, "wind_chill": 12.4, "severity": 0, "alert_level": "none"}, {"day": 5, "date": "2026-06-30", "heat_index": 27.9, "wind_chill": 12.6, "severity": 0, "alert_level": "none"}, {"day": 6, "date": "2026-07-01", "heat_index": 28.2, "wind_chill": 12.9, "severity": 0, "alert_level": "none"}]}}, {"type": "Feature", "geometry": {"type": "Polygon", "coordinates": [[[-5.623076923076923, 32.37837837837838], [-5.376923076923077, 32.37837837837838], [-5.376923076923077, 32.62162162162162], [-5.623076923076923, 32.62162162162162], [-5.623076923076923, 32.37837837837838]]]}, "properties": {"row": 14, "col": 46, "lat": 32.5, "lon": -5.5, "alert_level": "none", "severity": 0, "forecasts": [{"day": 0, "date": "2026-06-25", "heat_index": 25.5, "wind_chill": 10.7, "severity": 0, "alert_level": "none"}, {"day": 1, "date": "2026-06-26", "heat_index": 25.8, "wind_chill": 11.1, "severity": 0, "alert_level": "none"}, {"day": 2, "date": "2026-06-27", "heat_index": 26.0, "wind_chill": 11.2, "severity": 0, "alert_level": "none"}, {"day": 3, "date": "2026-06-28", "heat_index": 25.9, "wind_chill": 11.3, "severity": 0, "alert_level": "none"}, {"day": 4, "date": "2026-06-29", "heat_index": 26.0, "wind_chill": 11.4, "severity": 0, "alert_level": "none"}, {"day": 5, "date": "2026-06-30", "heat_index": 26.3, "wind_chill": 11.6, "severity": 0, "alert_level": "none"}, {"day": 6, "date": "2026-07-01", "heat_index": 26.6, "wind_chill": 11.8, "severity": 0, "alert_level": "none"}]}}, {"type": "Feature", "geometry": {"type": "Polygon", "coordinates": [[[-5.373076923076923, 32.37837837837838], [-5.126923076923077, 32.37837837837838], [-5.126923076923077, 32.62162162162162], [-5.373076923076923, 32.62162162162162], [-5.373076923076923, 32.37837837837838]]]}, "properties": {"row": 14, "col": 47, "lat": 32.5, "lon": -5.25, "alert_level": "none", "severity": 0, "forecasts": [{"day": 0, "date": "2026-06-25", "heat_index": 25.3, "wind_chill": 11.0, "severity": 0, "alert_level": "none"}, {"day": 1, "date": "2026-06-26", "heat_index": 25.5, "wind_chill": 11.3, "severity": 0, "alert_level": "none"}, {"day": 2, "date": "2026-06-27", "heat_index": 25.8, "wind_chill": 11.5, "severity": 0, "alert_level": "none"}, {"day": 3, "date": "2026-06-28", "heat_index": 25.7, "wind_chill": 11.6, "severity": 0, "alert_level": "none"}, {"day": 4, "date": "2026-06-29", "heat_index": 25.7, "wind_chill": 11.6, "severity": 0, "alert_level": "none"}, {"day": 5, "date": "2026-06-30", "heat_index": 25.9, "wind_chill": 11.8, "severity": 0, "alert_level": "none"}, {"day": 6, "date": "2026-07-01", "heat_index": 26.1, "wind_chill": 11.9, "severity": 0, "alert_level": "none"}]}}, {"type": "Feature", "geometry": {"type": "Polygon", "coordinates": [[[-5.123076923076923, 32.37837837837838], [-4.876923076923077, 32.37837837837838], [-4.876923076923077, 32.62162162162162], [-5.123076923076923, 32.62162162162162], [-5.123076923076923, 32.37837837837838]]]}, "properties": {"row": 14, "col": 48, "lat": 32.5, "lon": -5.0, "alert_level": "none", "severity": 0, "forecasts": [{"day": 0, "date": "2026-06-25", "heat_index": 25.8, "wind_chill": 12.0, "severity": 0, "alert_level": "none"}, {"day": 1, "date": "2026-06-26", "heat_index": 26.1, "wind_chill": 12.4, "severity": 0, "alert_level": "none"}, {"day": 2, "date": "2026-06-27", "heat_index": 26.5, "wind_chill": 12.8, "severity": 0, "alert_level": "none"}, {"day": 3, "date": "2026-06-28", "heat_index": 26.4, "wind_chill": 12.8, "severity": 0, "alert_level": "none"}, {"day": 4, "date": "2026-06-29", "heat_index": 26.4, "wind_chill": 12.8, "severity": 0, "alert_level": "none"}, {"day": 5, "date": "2026-06-30", "heat_index": 26.6, "wind_chill": 12.9, "severity": 0, "alert_level": "none"}, {"day": 6, "date": "2026-07-01", "heat_index": 26.8, "wind_chill": 13.1, "severity": 0, "alert_level": "none"}]}}, {"type": "Feature", "geometry": {"type": "Polygon", "coordinates": [[[-4.873076923076923, 32.37837837837838], [-4.626923076923077, 32.37837837837838], [-4.626923076923077, 32.62162162162162], [-4.873076923076923, 32.62162162162162], [-4.873076923076923, 32.37837837837838]]]}, "properties": {"row": 14, "col": 49, "lat": 32.5, "lon": -4.75, "alert_level": "none", "severity": 0, "forecasts": [{"day": 0, "date": "2026-06-25", "heat_index": 26.1, "wind_chill": 13.0, "severity": 0, "alert_level": "none"}, {"day": 1, "date": "2026-06-26", "heat_index": 26.6, "wind_chill": 13.4, "severity": 0, "alert_level": "none"}, {"day": 2, "date": "2026-06-27", "heat_index": 27.2, "wind_chill": 13.9, "severity": 0, "alert_level": "none"}, {"day": 3, "date": "2026-06-28", "heat_index": 27.3, "wind_chill": 14.1, "severity": 0, "alert_level": "none"}, {"day": 4, "date": "2026-06-29", "heat_index": 27.3, "wind_chill": 14.1, "severity": 0, "alert_level": "none"}, {"day": 5, "date": "2026-06-30", "heat_index": 27.5, "wind_chill": 14.1, "severity": 0, "alert_level": "none"}, {"day": 6, "date": "2026-07-01", "heat_index": 27.7, "wind_chill": 14.3, "severity": 0, "alert_level": "none"}]}}, {"type": "Feature", "geometry": {"type": "Polygon", "coordinates": [[[-4.623076923076923, 32.37837837837838], [-4.376923076923077, 32.37837837837838], [-4.376923076923077, 32.62162162162162], [-4.623076923076923, 32.62162162162162], [-4.623076923076923, 32.37837837837838]]]}, "properties": {"row": 14, "col": 50, "lat": 32.5, "lon": -4.5, "alert_level": "none", "severity": 0, "forecasts": [{"day": 0, "date": "2026-06-25", "heat_index": 27.4, "wind_chill": 14.7, "severity": 0, "alert_level": "none"}, {"day": 1, "date": "2026-06-26", "heat_index": 27.9, "wind_chill": 14.8, "severity": 0, "alert_level": "none"}, {"day": 2, "date": "2026-06-27", "heat_index": 28.5, "wind_chill": 15.2, "severity": 0, "alert_level": "none"}, {"day": 3, "date": "2026-06-28", "heat_index": 28.6, "wind_chill": 15.4, "severity": 0, "alert_level": "none"}, {"day": 4, "date": "2026-06-29", "heat_index": 28.7, "wind_chill": 15.4, "severity": 0, "alert_level": "none"}, {"day": 5, "date": "2026-06-30", "heat_index": 28.9, "wind_chill": 15.4, "severity": 0, "alert_level": "none"}, {"day": 6, "date": "2026-07-01", "heat_index": 29.1, "wind_chill": 15.6, "severity": 0, "alert_level": "none"}]}}, {"type": "Feature", "geometry": {"type": "Polygon", "coordinates": [[[-4.373076923076923, 32.37837837837838], [-4.126923076923077, 32.37837837837838], [-4.126923076923077, 32.62162162162162], [-4.373076923076923, 32.62162162162162], [-4.373076923076923, 32.37837837837838]]]}, "properties": {"row": 14, "col": 51, "lat": 32.5, "lon": -4.25, "alert_level": "none", "severity": 0, "forecasts": [{"day": 0, "date": "2026-06-25", "heat_index": 28.2, "wind_chill": 15.3, "severity": 0, "alert_level": "none"}, {"day": 1, "date": "2026-06-26", "heat_index": 28.4, "wind_chill": 15.3, "severity": 0, "alert_level": "none"}, {"day": 2, "date": "2026-06-27", "heat_index": 28.9, "wind_chill": 15.5, "severity": 0, "alert_level": "none"}, {"day": 3, "date": "2026-06-28", "heat_index": 29.1, "wind_chill": 15.7, "severity": 0, "alert_level": "none"}, {"day": 4, "date": "2026-06-29", "heat_index": 29.2, "wind_chill": 15.7, "severity": 0, "alert_level": "none"}, {"day": 5, "date": "2026-06-30", "heat_index": 29.4, "wind_chill": 15.8, "severity": 0, "alert_level": "none"}, {"day": 6, "date": "2026-07-01", "heat_index": 29.7, "wind_chill": 16.0, "severity": 0, "alert_level": "none"}]}}, {"type": "Feature", "geometry": {"type": "Polygon", "coordinates": [[[-4.123076923076923, 32.37837837837838], [-3.876923076923077, 32.37837837837838], [-3.876923076923077, 32.62162162162162], [-4.123076923076923, 32.62162162162162], [-4.123076923076923, 32.37837837837838]]]}, "properties": {"row": 14, "col": 52, "lat": 32.5, "lon": -4.0, "alert_level": "none", "severity": 0, "forecasts": [{"day": 0, "date": "2026-06-25", "heat_index": 28.7, "wind_chill": 15.5, "severity": 0, "alert_level": "none"}, {"day": 1, "date": "2026-06-26", "heat_index": 28.9, "wind_chill": 15.5, "severity": 0, "alert_level": "none"}, {"day": 2, "date": "2026-06-27", "heat_index": 29.3, "wind_chill": 15.6, "severity": 0, "alert_level": "none"}, {"day": 3, "date": "2026-06-28", "heat_index": 29.4, "wind_chill": 15.8, "severity": 0, "alert_level": "none"}, {"day": 4, "date": "2026-06-29", "heat_index": 29.5, "wind_chill": 15.9, "severity": 0, "alert_level": "none"}, {"day": 5, "date": "2026-06-30", "heat_index": 29.7, "wind_chill": 16.0, "severity": 0, "alert_level": "none"}, {"day": 6, "date": "2026-07-01", "heat_index": 30.0, "wind_chill": 16.1, "severity": 0, "alert_level": "none"}]}}, {"type": "Feature", "geometry": {"type": "Polygon", "coordinates": [[[-3.873076923076923, 32.37837837837838], [-3.626923076923077, 32.37837837837838], [-3.626923076923077, 32.62162162162162], [-3.873076923076923, 32.62162162162162], [-3.873076923076923, 32.37837837837838]]]}, "properties": {"row": 14, "col": 53, "lat": 32.5, "lon": -3.75, "alert_level": "none", "severity": 0, "forecasts": [{"day": 0, "date": "2026-06-25", "heat_index": 29.7, "wind_chill": 16.0, "severity": 0, "alert_level": "none"}, {"day": 1, "date": "2026-06-26", "heat_index": 29.8, "wind_chill": 15.9, "severity": 0, "alert_level": "none"}, {"day": 2, "date": "2026-06-27", "heat_index": 30.1, "wind_chill": 16.1, "severity": 0, "alert_level": "none"}, {"day": 3, "date": "2026-06-28", "heat_index": 30.3, "wind_chill": 16.4, "severity": 0, "alert_level": "none"}, {"day": 4, "date": "2026-06-29", "heat_index": 30.3, "wind_chill": 16.5, "severity": 0, "alert_level": "none"}, {"day": 5, "date": "2026-06-30", "heat_index": 30.6, "wind_chill": 16.6, "severity": 0, "alert_level": "none"}, {"day": 6, "date": "2026-07-01", "heat_index": 30.8, "wind_chill": 16.8, "severity": 0, "alert_level": "none"}]}}, {"type": "Feature", "geometry": {"type": "Polygon", "coordinates": [[[-3.623076923076923, 32.37837837837838], [-3.376923076923077, 32.37837837837838], [-3.376923076923077, 32.62162162162162], [-3.623076923076923, 32.62162162162162], [-3.623076923076923, 32.37837837837838]]]}, "properties": {"row": 14, "col": 54, "lat": 32.5, "lon": -3.5, "alert_level": "yellow", "severity": 0.3, "forecasts": [{"day": 0, "date": "2026-06-25", "heat_index": 31.4, "wind_chill": 17.1, "severity": 0, "alert_level": "none"}, {"day": 1, "date": "2026-06-26", "heat_index": 31.5, "wind_chill": 17.2, "severity": 0, "alert_level": "none"}, {"day": 2, "date": "2026-06-27", "heat_index": 31.7, "wind_chill": 17.4, "severity": 0, "alert_level": "none"}, {"day": 3, "date": "2026-06-28", "heat_index": 31.9, "wind_chill": 17.7, "severity": 0, "alert_level": "none"}, {"day": 4, "date": "2026-06-29", "heat_index": 31.9, "wind_chill": 17.7, "severity": 0, "alert_level": "none"}, {"day": 5, "date": "2026-06-30", "heat_index": 32.1, "wind_chill": 17.9, "severity": 0.1, "alert_level": "yellow"}, {"day": 6, "date": "2026-07-01", "heat_index": 32.3, "wind_chill": 18.1, "severity": 0.3, "alert_level": "yellow"}]}}, {"type": "Feature", "geometry": {"type": "Polygon", "coordinates": [[[-3.373076923076923, 32.37837837837838], [-3.126923076923077, 32.37837837837838], [-3.126923076923077, 32.62162162162162], [-3.373076923076923, 32.62162162162162], [-3.373076923076923, 32.37837837837838]]]}, "properties": {"row": 14, "col": 55, "lat": 32.5, "lon": -3.25, "alert_level": "yellow", "severity": 1.9, "forecasts": [{"day": 0, "date": "2026-06-25", "heat_index": 33.2, "wind_chill": 18.4, "severity": 1.2, "alert_level": "yellow"}, {"day": 1, "date": "2026-06-26", "heat_index": 33.2, "wind_chill": 18.5, "severity": 1.2, "alert_level": "yellow"}, {"day": 2, "date": "2026-06-27", "heat_index": 33.4, "wind_chill": 18.9, "severity": 1.4, "alert_level": "yellow"}, {"day": 3, "date": "2026-06-28", "heat_index": 33.5, "wind_chill": 19.1, "severity": 1.5, "alert_level": "yellow"}, {"day": 4, "date": "2026-06-29", "heat_index": 33.4, "wind_chill": 19.1, "severity": 1.4, "alert_level": "yellow"}, {"day": 5, "date": "2026-06-30", "heat_index": 33.7, "wind_chill": 19.2, "severity": 1.7, "alert_level": "yellow"}, {"day": 6, "date": "2026-07-01", "heat_index": 33.9, "wind_chill": 19.4, "severity": 1.9, "alert_level": "yellow"}]}}, {"type": "Feature", "geometry": {"type": "Polygon", "coordinates": [[[-3.123076923076923, 32.37837837837838], [-2.876923076923077, 32.37837837837838], [-2.876923076923077, 32.62162162162162], [-3.123076923076923, 32.62162162162162], [-3.123076923076923, 32.37837837837838]]]}, "properties": {"row": 14, "col": 56, "lat": 32.5, "lon": -3.0, "alert_level": "orange", "severity": 2.7, "forecasts": [{"day": 0, "date": "2026-06-25", "heat_index": 34.1, "wind_chill": 18.9, "severity": 2.1, "alert_level": "orange"}, {"day": 1, "date": "2026-06-26", "heat_index": 34.1, "wind_chill": 19.2, "severity": 2.1, "alert_level": "orange"}, {"day": 2, "date": "2026-06-27", "heat_index": 34.2, "wind_chill": 19.5, "severity": 2.2, "alert_level": "orange"}, {"day": 3, "date": "2026-06-28", "heat_index": 34.3, "wind_chill": 19.7, "severity": 2.3, "alert_level": "orange"}, {"day": 4, "date": "2026-06-29", "heat_index": 34.3, "wind_chill": 19.7, "severity": 2.3, "alert_level": "orange"}, {"day": 5, "date": "2026-06-30", "heat_index": 34.5, "wind_chill": 19.8, "severity": 2.5, "alert_level": "orange"}, {"day": 6, "date": "2026-07-01", "heat_index": 34.7, "wind_chill": 20.0, "severity": 2.7, "alert_level": "orange"}]}}, {"type": "Feature", "geometry": {"type": "Polygon", "coordinates": [[[-2.873076923076923, 32.37837837837838], [-2.626923076923077, 32.37837837837838], [-2.626923076923077, 32.62162162162162], [-2.873076923076923, 32.62162162162162], [-2.873076923076923, 32.37837837837838]]]}, "properties": {"row": 14, "col": 57, "lat": 32.5, "lon": -2.75, "alert_level": "orange", "severity": 3.0, "forecasts": [{"day": 0, "date": "2026-06-25", "heat_index": 35.0, "wind_chill": 19.2, "severity": 3.0, "alert_level": "orange"}, {"day": 1, "date": "2026-06-26", "heat_index": 35.0, "wind_chill": 19.5, "severity": 3.0, "alert_level": "orange"}, {"day": 2, "date": "2026-06-27", "heat_index": 34.8, "wind_chill": 19.7, "severity": 2.8, "alert_level": "orange"}, {"day": 3, "date": "2026-06-28", "heat_index": 34.7, "wind_chill": 19.8, "severity": 2.7, "alert_level": "orange"}, {"day": 4, "date": "2026-06-29", "heat_index": 34.6, "wind_chill": 19.7, "severity": 2.6, "alert_level": "orange"}, {"day": 5, "date": "2026-06-30", "heat_index": 34.8, "wind_chill": 19.9, "severity": 2.8, "alert_level": "orange"}, {"day": 6, "date": "2026-07-01", "heat_index": 35.0, "wind_chill": 20.0, "severity": 3.0, "alert_level": "orange"}]}}, {"type": "Feature", "geometry": {"type": "Polygon", "coordinates": [[[-2.623076923076923, 32.37837837837838], [-2.376923076923077, 32.37837837837838], [-2.376923076923077, 32.62162162162162], [-2.623076923076923, 32.62162162162162], [-2.623076923076923, 32.37837837837838]]]}, "properties": {"row": 14, "col": 58, "lat": 32.5, "lon": -2.5, "alert_level": "orange", "severity": 4.1, "forecasts": [{"day": 0, "date": "2026-06-25", "heat_index": 36.1, "wind_chill": 19.7, "severity": 4.1, "alert_level": "orange"}, {"day": 1, "date": "2026-06-26", "heat_index": 35.6, "wind_chill": 19.8, "severity": 3.6, "alert_level": "orange"}, {"day": 2, "date": "2026-06-27", "heat_index": 35.0, "wind_chill": 19.7, "severity": 3.0, "alert_level": "orange"}, {"day": 3, "date": "2026-06-28", "heat_index": 34.7, "wind_chill": 19.7, "severity": 2.7, "alert_level": "orange"}, {"day": 4, "date": "2026-06-29", "heat_index": 34.4, "wind_chill": 19.6, "severity": 2.4, "alert_level": "orange"}, {"day": 5, "date": "2026-06-30", "heat_index": 34.5, "wind_chill": 19.7, "severity": 2.5, "alert_level": "orange"}, {"day": 6, "date": "2026-07-01", "heat_index": 34.7, "wind_chill": 19.8, "severity": 2.7, "alert_level": "orange"}]}}, {"type": "Feature", "geometry": {"type": "Polygon", "coordinates": [[[-2.373076923076923, 32.37837837837838], [-2.126923076923077, 32.37837837837838], [-2.126923076923077, 32.62162162162162], [-2.373076923076923, 32.62162162162162], [-2.373076923076923, 32.37837837837838]]]}, "properties": {"row": 14, "col": 59, "lat": 32.5, "lon": -2.25, "alert_level": "orange", "severity": 3.5, "forecasts": [{"day": 0, "date": "2026-06-25", "heat_index": 35.5, "wind_chill": 19.4, "severity": 3.5, "alert_level": "orange"}, {"day": 1, "date": "2026-06-26", "heat_index": 35.0, "wind_chill": 19.6, "severity": 3.0, "alert_level": "orange"}, {"day": 2, "date": "2026-06-27", "heat_index": 34.1, "wind_chill": 19.3, "severity": 2.1, "alert_level": "orange"}, {"day": 3, "date": "2026-06-28", "heat_index": 33.6, "wind_chill": 19.0, "severity": 1.6, "alert_level": "yellow"}, {"day": 4, "date": "2026-06-29", "heat_index": 33.2, "wind_chill": 18.8, "severity": 1.2, "alert_level": "yellow"}, {"day": 5, "date": "2026-06-30", "heat_index": 33.3, "wind_chill": 18.9, "severity": 1.3, "alert_level": "yellow"}, {"day": 6, "date": "2026-07-01", "heat_index": 33.6, "wind_chill": 19.0, "severity": 1.6, "alert_level": "yellow"}]}}, {"type": "Feature", "geometry": {"type": "Polygon", "coordinates": [[[-2.123076923076923, 32.37837837837838], [-1.876923076923077, 32.37837837837838], [-1.876923076923077, 32.62162162162162], [-2.123076923076923, 32.62162162162162], [-2.123076923076923, 32.37837837837838]]]}, "properties": {"row": 14, "col": 60, "lat": 32.5, "lon": -2.0, "alert_level": "orange", "severity": 2.0, "forecasts": [{"day": 0, "date": "2026-06-25", "heat_index": 34.0, "wind_chill": 18.4, "severity": 2.0, "alert_level": "orange"}, {"day": 1, "date": "2026-06-26", "heat_index": 32.4, "wind_chill": 17.7, "severity": 0.4, "alert_level": "yellow"}, {"day": 2, "date": "2026-06-27", "heat_index": 31.7, "wind_chill": 17.4, "severity": 0, "alert_level": "none"}, {"day": 3, "date": "2026-06-28", "heat_index": 31.3, "wind_chill": 17.2, "severity": 0, "alert_level": "none"}, {"day": 4, "date": "2026-06-29", "heat_index": 31.1, "wind_chill": 17.1, "severity": 0, "alert_level": "none"}, {"day": 5, "date": "2026-06-30", "heat_index": 31.4, "wind_chill": 17.2, "severity": 0, "alert_level": "none"}, {"day": 6, "date": "2026-07-01", "heat_index": 31.7, "wind_chill": 17.3, "severity": 0, "alert_level": "none"}]}}, {"type": "Feature", "geometry": {"type": "Polygon", "coordinates": [[[-1.873076923076923, 32.37837837837838], [-1.626923076923077, 32.37837837837838], [-1.626923076923077, 32.62162162162162], [-1.873076923076923, 32.62162162162162], [-1.873076923076923, 32.37837837837838]]]}, "properties": {"row": 14, "col": 61, "lat": 32.5, "lon": -1.75, "alert_level": "none", "severity": 0, "forecasts": [{"day": 0, "date": "2026-06-25", "heat_index": 30.0, "wind_chill": 16.4, "severity": 0, "alert_level": "none"}, {"day": 1, "date": "2026-06-26", "heat_index": 30.1, "wind_chill": 16.5, "severity": 0, "alert_level": "none"}, {"day": 2, "date": "2026-06-27", "heat_index": 30.0, "wind_chill": 16.7, "severity": 0, "alert_level": "none"}, {"day": 3, "date": "2026-06-28", "heat_index": 29.6, "wind_chill": 16.6, "severity": 0, "alert_level": "none"}, {"day": 4, "date": "2026-06-29", "heat_index": 29.5, "wind_chill": 16.5, "severity": 0, "alert_level": "none"}, {"day": 5, "date": "2026-06-30", "heat_index": 29.9, "wind_chill": 16.6, "severity": 0, "alert_level": "none"}, {"day": 6, "date": "2026-07-01", "heat_index": 30.4, "wind_chill": 16.9, "severity": 0, "alert_level": "none"}]}}, {"type": "Feature", "geometry": {"type": "Polygon", "coordinates": [[[-1.623076923076923, 32.37837837837838], [-1.376923076923077, 32.37837837837838], [-1.376923076923077, 32.62162162162162], [-1.623076923076923, 32.62162162162162], [-1.623076923076923, 32.37837837837838]]]}, "properties": {"row": 14, "col": 62, "lat": 32.5, "lon": -1.5, "alert_level": "none", "severity": 0, "forecasts": [{"day": 0, "date": "2026-06-25", "heat_index": 28.9, "wind_chill": 14.1, "severity": 0, "alert_level": "none"}, {"day": 1, "date": "2026-06-26", "heat_index": 27.7, "wind_chill": 14.6, "severity": 0, "alert_level": "none"}, {"day": 2, "date": "2026-06-27", "heat_index": 25.4, "wind_chill": 14.1, "severity": 0, "alert_level": "none"}, {"day": 3, "date": "2026-06-28", "heat_index": 23.8, "wind_chill": 13.4, "severity": 0, "alert_level": "none"}, {"day": 4, "date": "2026-06-29", "heat_index": 23.3, "wind_chill": 13.0, "severity": 0, "alert_level": "none"}, {"day": 5, "date": "2026-06-30", "heat_index": 23.8, "wind_chill": 13.2, "severity": 0, "alert_level": "none"}, {"day": 6, "date": "2026-07-01", "heat_index": 24.3, "wind_chill": 13.6, "severity": 0, "alert_level": "none"}]}}, {"type": "Feature", "geometry": {"type": "Polygon", "coordinates": [[[-1.373076923076923, 32.37837837837838], [-1.126923076923077, 32.37837837837838], [-1.126923076923077, 32.62162162162162], [-1.373076923076923, 32.62162162162162], [-1.373076923076923, 32.37837837837838]]]}, "properties": {"row": 14, "col": 63, "lat": 32.5, "lon": -1.25, "alert_level": "yellow", "severity": 1.8, "forecasts": [{"day": 0, "date": "2026-06-25", "heat_index": 25.3, "wind_chill": 9.6, "severity": 0, "alert_level": "none"}, {"day": 1, "date": "2026-06-26", "heat_index": 18.3, "wind_chill": 7.4, "severity": 0, "alert_level": "none"}, {"day": 2, "date": "2026-06-27", "heat_index": 13.8, "wind_chill": 6.3, "severity": 0, "alert_level": "none"}, {"day": 3, "date": "2026-06-28", "heat_index": 10.5, "wind_chill": 3.8, "severity": 1.2, "alert_level": "yellow"}, {"day": 4, "date": "2026-06-29", "heat_index": 9.6, "wind_chill": 3.2, "severity": 1.8, "alert_level": "yellow"}, {"day": 5, "date": "2026-06-30", "heat_index": 9.9, "wind_chill": 3.5, "severity": 1.5, "alert_level": "yellow"}, {"day": 6, "date": "2026-07-01", "heat_index": 10.4, "wind_chill": 3.9, "severity": 1.1, "alert_level": "yellow"}]}}, {"type": "Feature", "geometry": {"type": "Polygon", "coordinates": [[[-9.373076923076923, 32.12837837837838], [-9.126923076923077, 32.12837837837838], [-9.126923076923077, 32.37162162162162], [-9.373076923076923, 32.37162162162162], [-9.373076923076923, 32.12837837837838]]]}, "properties": {"row": 15, "col": 31, "lat": 32.25, "lon": -9.25, "alert_level": "none", "severity": 0, "forecasts": [{"day": 0, "date": "2026-06-25", "heat_index": 23.7, "wind_chill": 9.3, "severity": 0, "alert_level": "none"}, {"day": 1, "date": "2026-06-26", "heat_index": 18.1, "wind_chill": 6.9, "severity": 0, "alert_level": "none"}, {"day": 2, "date": "2026-06-27", "heat_index": 18.9, "wind_chill": 7.5, "severity": 0, "alert_level": "none"}, {"day": 3, "date": "2026-06-28", "heat_index": 19.4, "wind_chill": 8.0, "severity": 0, "alert_level": "none"}, {"day": 4, "date": "2026-06-29", "heat_index": 19.9, "wind_chill": 8.5, "severity": 0, "alert_level": "none"}, {"day": 5, "date": "2026-06-30", "heat_index": 20.4, "wind_chill": 9.0, "severity": 0, "alert_level": "none"}, {"day": 6, "date": "2026-07-01", "heat_index": 20.9, "wind_chill": 9.6, "severity": 0, "alert_level": "none"}]}}, {"type": "Feature", "geometry": {"type": "Polygon", "coordinates": [[[-9.123076923076923, 32.12837837837838], [-8.876923076923077, 32.12837837837838], [-8.876923076923077, 32.37162162162162], [-9.123076923076923, 32.37162162162162], [-9.123076923076923, 32.12837837837838]]]}, "properties": {"row": 15, "col": 32, "lat": 32.25, "lon": -9.0, "alert_level": "red", "severity": 7.8, "forecasts": [{"day": 0, "date": "2026-06-25", "heat_index": 4.2, "wind_chill": -2.8, "severity": 7.8, "alert_level": "red"}, {"day": 1, "date": "2026-06-26", "heat_index": 6.2, "wind_chill": -0.4, "severity": 5.4, "alert_level": "red"}, {"day": 2, "date": "2026-06-27", "heat_index": 7.5, "wind_chill": 2.0, "severity": 3.0, "alert_level": "orange"}, {"day": 3, "date": "2026-06-28", "heat_index": 9.3, "wind_chill": 4.2, "severity": 0.8, "alert_level": "yellow"}, {"day": 4, "date": "2026-06-29", "heat_index": 11.3, "wind_chill": 6.1, "severity": 0, "alert_level": "none"}, {"day": 5, "date": "2026-06-30", "heat_index": 13.2, "wind_chill": 7.7, "severity": 0, "alert_level": "none"}, {"day": 6, "date": "2026-07-01", "heat_index": 14.9, "wind_chill": 9.1, "severity": 0, "alert_level": "none"}]}}, {"type": "Feature", "geometry": {"type": "Polygon", "coordinates": [[[-8.873076923076923, 32.12837837837838], [-8.626923076923077, 32.12837837837838], [-8.626923076923077, 32.37162162162162], [-8.873076923076923, 32.37162162162162], [-8.873076923076923, 32.12837837837838]]]}, "properties": {"row": 15, "col": 33, "lat": 32.25, "lon": -8.75, "alert_level": "none", "severity": 0, "forecasts": [{"day": 0, "date": "2026-06-25", "heat_index": 24.0, "wind_chill": 13.8, "severity": 0, "alert_level": "none"}, {"day": 1, "date": "2026-06-26", "heat_index": 24.9, "wind_chill": 14.9, "severity": 0, "alert_level": "none"}, {"day": 2, "date": "2026-06-27", "heat_index": 25.8, "wind_chill": 16.5, "severity": 0, "alert_level": "none"}, {"day": 3, "date": "2026-06-28", "heat_index": 26.2, "wind_chill": 16.9, "severity": 0, "alert_level": "none"}, {"day": 4, "date": "2026-06-29", "heat_index": 26.5, "wind_chill": 17.1, "severity": 0, "alert_level": "none"}, {"day": 5, "date": "2026-06-30", "heat_index": 26.8, "wind_chill": 17.2, "severity": 0, "alert_level": "none"}, {"day": 6, "date": "2026-07-01", "heat_index": 27.0, "wind_chill": 17.3, "severity": 0, "alert_level": "none"}]}}, {"type": "Feature", "geometry": {"type": "Polygon", "coordinates": [[[-8.623076923076923, 32.12837837837838], [-8.376923076923077, 32.12837837837838], [-8.376923076923077, 32.37162162162162], [-8.623076923076923, 32.37162162162162], [-8.623076923076923, 32.12837837837838]]]}, "properties": {"row": 15, "col": 34, "lat": 32.25, "lon": -8.5, "alert_level": "none", "severity": 0, "forecasts": [{"day": 0, "date": "2026-06-25", "heat_index": 25.7, "wind_chill": 15.3, "severity": 0, "alert_level": "none"}, {"day": 1, "date": "2026-06-26", "heat_index": 26.6, "wind_chill": 15.6, "severity": 0, "alert_level": "none"}, {"day": 2, "date": "2026-06-27", "heat_index": 27.6, "wind_chill": 16.8, "severity": 0, "alert_level": "none"}, {"day": 3, "date": "2026-06-28", "heat_index": 28.2, "wind_chill": 17.4, "severity": 0, "alert_level": "none"}, {"day": 4, "date": "2026-06-29", "heat_index": 28.7, "wind_chill": 17.7, "severity": 0, "alert_level": "none"}, {"day": 5, "date": "2026-06-30", "heat_index": 29.2, "wind_chill": 17.9, "severity": 0, "alert_level": "none"}, {"day": 6, "date": "2026-07-01", "heat_index": 29.5, "wind_chill": 18.1, "severity": 0, "alert_level": "none"}]}}, {"type": "Feature", "geometry": {"type": "Polygon", "coordinates": [[[-8.373076923076923, 32.12837837837838], [-8.126923076923077, 32.12837837837838], [-8.126923076923077, 32.37162162162162], [-8.373076923076923, 32.37162162162162], [-8.373076923076923, 32.12837837837838]]]}, "properties": {"row": 15, "col": 35, "lat": 32.25, "lon": -8.25, "alert_level": "none", "severity": 0, "forecasts": [{"day": 0, "date": "2026-06-25", "heat_index": 27.8, "wind_chill": 16.1, "severity": 0, "alert_level": "none"}, {"day": 1, "date": "2026-06-26", "heat_index": 28.3, "wind_chill": 16.5, "severity": 0, "alert_level": "none"}, {"day": 2, "date": "2026-06-27", "heat_index": 29.1, "wind_chill": 17.4, "severity": 0, "alert_level": "none"}, {"day": 3, "date": "2026-06-28", "heat_index": 29.7, "wind_chill": 18.1, "severity": 0, "alert_level": "none"}, {"day": 4, "date": "2026-06-29", "heat_index": 30.0, "wind_chill": 18.2, "severity": 0, "alert_level": "none"}, {"day": 5, "date": "2026-06-30", "heat_index": 30.5, "wind_chill": 18.5, "severity": 0, "alert_level": "none"}, {"day": 6, "date": "2026-07-01", "heat_index": 30.8, "wind_chill": 18.7, "severity": 0, "alert_level": "none"}]}}, {"type": "Feature", "geometry": {"type": "Polygon", "coordinates": [[[-8.123076923076923, 32.12837837837838], [-7.876923076923077, 32.12837837837838], [-7.876923076923077, 32.37162162162162], [-8.123076923076923, 32.37162162162162], [-8.123076923076923, 32.12837837837838]]]}, "properties": {"row": 15, "col": 36, "lat": 32.25, "lon": -8.0, "alert_level": "none", "severity": 0, "forecasts": [{"day": 0, "date": "2026-06-25", "heat_index": 29.3, "wind_chill": 16.8, "severity": 0, "alert_level": "none"}, {"day": 1, "date": "2026-06-26", "heat_index": 29.6, "wind_chill": 16.5, "severity": 0, "alert_level": "none"}, {"day": 2, "date": "2026-06-27", "heat_index": 30.2, "wind_chill": 17.2, "severity": 0, "alert_level": "none"}, {"day": 3, "date": "2026-06-28", "heat_index": 30.7, "wind_chill": 17.8, "severity": 0, "alert_level": "none"}, {"day": 4, "date": "2026-06-29", "heat_index": 30.9, "wind_chill": 18.0, "severity": 0, "alert_level": "none"}, {"day": 5, "date": "2026-06-30", "heat_index": 31.3, "wind_chill": 18.2, "severity": 0, "alert_level": "none"}, {"day": 6, "date": "2026-07-01", "heat_index": 31.7, "wind_chill": 18.4, "severity": 0, "alert_level": "none"}]}}, {"type": "Feature", "geometry": {"type": "Polygon", "coordinates": [[[-7.873076923076923, 32.12837837837838], [-7.626923076923077, 32.12837837837838], [-7.626923076923077, 32.37162162162162], [-7.873076923076923, 32.37162162162162], [-7.873076923076923, 32.12837837837838]]]}, "properties": {"row": 15, "col": 37, "lat": 32.25, "lon": -7.75, "alert_level": "yellow", "severity": 0.8, "forecasts": [{"day": 0, "date": "2026-06-25", "heat_index": 30.2, "wind_chill": 16.7, "severity": 0, "alert_level": "none"}, {"day": 1, "date": "2026-06-26", "heat_index": 30.6, "wind_chill": 16.6, "severity": 0, "alert_level": "none"}, {"day": 2, "date": "2026-06-27", "heat_index": 31.4, "wind_chill": 17.4, "severity": 0, "alert_level": "none"}, {"day": 3, "date": "2026-06-28", "heat_index": 31.8, "wind_chill": 17.9, "severity": 0, "alert_level": "none"}, {"day": 4, "date": "2026-06-29", "heat_index": 31.9, "wind_chill": 18.0, "severity": 0, "alert_level": "none"}, {"day": 5, "date": "2026-06-30", "heat_index": 32.3, "wind_chill": 18.2, "severity": 0.3, "alert_level": "yellow"}, {"day": 6, "date": "2026-07-01", "heat_index": 32.8, "wind_chill": 18.4, "severity": 0.8, "alert_level": "yellow"}]}}, {"type": "Feature", "geometry": {"type": "Polygon", "coordinates": [[[-7.623076923076923, 32.12837837837838], [-7.376923076923077, 32.12837837837838], [-7.376923076923077, 32.37162162162162], [-7.623076923076923, 32.37162162162162], [-7.623076923076923, 32.12837837837838]]]}, "properties": {"row": 15, "col": 38, "lat": 32.25, "lon": -7.5, "alert_level": "yellow", "severity": 1.4, "forecasts": [{"day": 0, "date": "2026-06-25", "heat_index": 30.7, "wind_chill": 16.7, "severity": 0, "alert_level": "none"}, {"day": 1, "date": "2026-06-26", "heat_index": 31.2, "wind_chill": 16.6, "severity": 0, "alert_level": "none"}, {"day": 2, "date": "2026-06-27", "heat_index": 32.0, "wind_chill": 17.4, "severity": 0, "alert_level": "none"}, {"day": 3, "date": "2026-06-28", "heat_index": 32.4, "wind_chill": 17.9, "severity": 0.4, "alert_level": "yellow"}, {"day": 4, "date": "2026-06-29", "heat_index": 32.5, "wind_chill": 17.9, "severity": 0.5, "alert_level": "yellow"}, {"day": 5, "date": "2026-06-30", "heat_index": 33.0, "wind_chill": 18.2, "severity": 1.0, "alert_level": "yellow"}, {"day": 6, "date": "2026-07-01", "heat_index": 33.4, "wind_chill": 18.4, "severity": 1.4, "alert_level": "yellow"}]}}, {"type": "Feature", "geometry": {"type": "Polygon", "coordinates": [[[-7.373076923076923, 32.12837837837838], [-7.126923076923077, 32.12837837837838], [-7.126923076923077, 32.37162162162162], [-7.373076923076923, 32.37162162162162], [-7.373076923076923, 32.12837837837838]]]}, "properties": {"row": 15, "col": 39, "lat": 32.25, "lon": -7.25, "alert_level": "yellow", "severity": 1.9, "forecasts": [{"day": 0, "date": "2026-06-25", "heat_index": 31.2, "wind_chill": 16.6, "severity": 0, "alert_level": "none"}, {"day": 1, "date": "2026-06-26", "heat_index": 31.7, "wind_chill": 16.5, "severity": 0, "alert_level": "none"}, {"day": 2, "date": "2026-06-27", "heat_index": 32.5, "wind_chill": 17.3, "severity": 0.5, "alert_level": "yellow"}, {"day": 3, "date": "2026-06-28", "heat_index": 32.9, "wind_chill": 17.8, "severity": 0.9, "alert_level": "yellow"}, {"day": 4, "date": "2026-06-29", "heat_index": 33.0, "wind_chill": 17.9, "severity": 1.0, "alert_level": "yellow"}, {"day": 5, "date": "2026-06-30", "heat_index": 33.4, "wind_chill": 18.1, "severity": 1.4, "alert_level": "yellow"}, {"day": 6, "date": "2026-07-01", "heat_index": 33.9, "wind_chill": 18.4, "severity": 1.9, "alert_level": "yellow"}]}}, {"type": "Feature", "geometry": {"type": "Polygon", "coordinates": [[[-7.123076923076923, 32.12837837837838], [-6.876923076923077, 32.12837837837838], [-6.876923076923077, 32.37162162162162], [-7.123076923076923, 32.37162162162162], [-7.123076923076923, 32.12837837837838]]]}, "properties": {"row": 15, "col": 40, "lat": 32.25, "lon": -7.0, "alert_level": "orange", "severity": 2.1, "forecasts": [{"day": 0, "date": "2026-06-25", "heat_index": 31.7, "wind_chill": 16.6, "severity": 0, "alert_level": "none"}, {"day": 1, "date": "2026-06-26", "heat_index": 32.0, "wind_chill": 16.4, "severity": 0.0, "alert_level": "yellow"}, {"day": 2, "date": "2026-06-27", "heat_index": 32.8, "wind_chill": 17.2, "severity": 0.8, "alert_level": "yellow"}, {"day": 3, "date": "2026-06-28", "heat_index": 33.1, "wind_chill": 17.7, "severity": 1.1, "alert_level": "yellow"}, {"day": 4, "date": "2026-06-29", "heat_index": 33.2, "wind_chill": 17.7, "severity": 1.2, "alert_level": "yellow"}, {"day": 5, "date": "2026-06-30", "heat_index": 33.6, "wind_chill": 18.0, "severity": 1.6, "alert_level": "yellow"}, {"day": 6, "date": "2026-07-01", "heat_index": 34.1, "wind_chill": 18.3, "severity": 2.1, "alert_level": "orange"}]}}, {"type": "Feature", "geometry": {"type": "Polygon", "coordinates": [[[-6.873076923076923, 32.12837837837838], [-6.626923076923077, 32.12837837837838], [-6.626923076923077, 32.37162162162162], [-6.873076923076923, 32.37162162162162], [-6.873076923076923, 32.12837837837838]]]}, "properties": {"row": 15, "col": 41, "lat": 32.25, "lon": -6.75, "alert_level": "yellow", "severity": 1.7, "forecasts": [{"day": 0, "date": "2026-06-25", "heat_index": 31.4, "wind_chill": 15.9, "severity": 0, "alert_level": "none"}, {"day": 1, "date": "2026-06-26", "heat_index": 31.9, "wind_chill": 15.9, "severity": 0, "alert_level": "none"}, {"day": 2, "date": "2026-06-27", "heat_index": 32.6, "wind_chill": 16.8, "severity": 0.6, "alert_level": "yellow"}, {"day": 3, "date": "2026-06-28", "heat_index": 32.8, "wind_chill": 17.1, "severity": 0.8, "alert_level": "yellow"}, {"day": 4, "date": "2026-06-29", "heat_index": 32.9, "wind_chill": 17.2, "severity": 0.9, "alert_level": "yellow"}, {"day": 5, "date": "2026-06-30", "heat_index": 33.3, "wind_chill": 17.4, "severity": 1.3, "alert_level": "yellow"}, {"day": 6, "date": "2026-07-01", "heat_index": 33.7, "wind_chill": 17.7, "severity": 1.7, "alert_level": "yellow"}]}}, {"type": "Feature", "geometry": {"type": "Polygon", "coordinates": [[[-6.623076923076923, 32.12837837837838], [-6.376923076923077, 32.12837837837838], [-6.376923076923077, 32.37162162162162], [-6.623076923076923, 32.37162162162162], [-6.623076923076923, 32.12837837837838]]]}, "properties": {"row": 15, "col": 42, "lat": 32.25, "lon": -6.5, "alert_level": "yellow", "severity": 0.6, "forecasts": [{"day": 0, "date": "2026-06-25", "heat_index": 30.6, "wind_chill": 14.9, "severity": 0, "alert_level": "none"}, {"day": 1, "date": "2026-06-26", "heat_index": 31.1, "wind_chill": 15.1, "severity": 0, "alert_level": "none"}, {"day": 2, "date": "2026-06-27", "heat_index": 31.7, "wind_chill": 15.8, "severity": 0, "alert_level": "none"}, {"day": 3, "date": "2026-06-28", "heat_index": 31.8, "wind_chill": 16.1, "severity": 0, "alert_level": "none"}, {"day": 4, "date": "2026-06-29", "heat_index": 31.9, "wind_chill": 16.1, "severity": 0, "alert_level": "none"}, {"day": 5, "date": "2026-06-30", "heat_index": 32.2, "wind_chill": 16.4, "severity": 0.2, "alert_level": "yellow"}, {"day": 6, "date": "2026-07-01", "heat_index": 32.6, "wind_chill": 16.7, "severity": 0.6, "alert_level": "yellow"}]}}, {"type": "Feature", "geometry": {"type": "Polygon", "coordinates": [[[-6.373076923076923, 32.12837837837838], [-6.126923076923077, 32.12837837837838], [-6.126923076923077, 32.37162162162162], [-6.373076923076923, 32.37162162162162], [-6.373076923076923, 32.12837837837838]]]}, "properties": {"row": 15, "col": 43, "lat": 32.25, "lon": -6.25, "alert_level": "none", "severity": 0, "forecasts": [{"day": 0, "date": "2026-06-25", "heat_index": 28.8, "wind_chill": 13.4, "severity": 0, "alert_level": "none"}, {"day": 1, "date": "2026-06-26", "heat_index": 29.3, "wind_chill": 13.5, "severity": 0, "alert_level": "none"}, {"day": 2, "date": "2026-06-27", "heat_index": 29.7, "wind_chill": 14.0, "severity": 0, "alert_level": "none"}, {"day": 3, "date": "2026-06-28", "heat_index": 29.7, "wind_chill": 14.2, "severity": 0, "alert_level": "none"}, {"day": 4, "date": "2026-06-29", "heat_index": 29.8, "wind_chill": 14.2, "severity": 0, "alert_level": "none"}, {"day": 5, "date": "2026-06-30", "heat_index": 30.2, "wind_chill": 14.5, "severity": 0, "alert_level": "none"}, {"day": 6, "date": "2026-07-01", "heat_index": 30.6, "wind_chill": 14.7, "severity": 0, "alert_level": "none"}]}}, {"type": "Feature", "geometry": {"type": "Polygon", "coordinates": [[[-6.123076923076923, 32.12837837837838], [-5.876923076923077, 32.12837837837838], [-5.876923076923077, 32.37162162162162], [-6.123076923076923, 32.37162162162162], [-6.123076923076923, 32.12837837837838]]]}, "properties": {"row": 15, "col": 44, "lat": 32.25, "lon": -6.0, "alert_level": "none", "severity": 0, "forecasts": [{"day": 0, "date": "2026-06-25", "heat_index": 26.1, "wind_chill": 11.1, "severity": 0, "alert_level": "none"}, {"day": 1, "date": "2026-06-26", "heat_index": 26.4, "wind_chill": 11.4, "severity": 0, "alert_level": "none"}, {"day": 2, "date": "2026-06-27", "heat_index": 26.7, "wind_chill": 11.6, "severity": 0, "alert_level": "none"}, {"day": 3, "date": "2026-06-28", "heat_index": 26.7, "wind_chill": 11.7, "severity": 0, "alert_level": "none"}, {"day": 4, "date": "2026-06-29", "heat_index": 26.8, "wind_chill": 11.8, "severity": 0, "alert_level": "none"}, {"day": 5, "date": "2026-06-30", "heat_index": 27.2, "wind_chill": 12.0, "severity": 0, "alert_level": "none"}, {"day": 6, "date": "2026-07-01", "heat_index": 27.5, "wind_chill": 12.3, "severity": 0, "alert_level": "none"}]}}, {"type": "Feature", "geometry": {"type": "Polygon", "coordinates": [[[-5.873076923076923, 32.12837837837838], [-5.626923076923077, 32.12837837837838], [-5.626923076923077, 32.37162162162162], [-5.873076923076923, 32.37162162162162], [-5.873076923076923, 32.12837837837838]]]}, "properties": {"row": 15, "col": 45, "lat": 32.25, "lon": -5.75, "alert_level": "none", "severity": 0, "forecasts": [{"day": 0, "date": "2026-06-25", "heat_index": 23.7, "wind_chill": 9.5, "severity": 0, "alert_level": "none"}, {"day": 1, "date": "2026-06-26", "heat_index": 24.1, "wind_chill": 9.8, "severity": 0, "alert_level": "none"}, {"day": 2, "date": "2026-06-27", "heat_index": 24.3, "wind_chill": 9.9, "severity": 0, "alert_level": "none"}, {"day": 3, "date": "2026-06-28", "heat_index": 24.3, "wind_chill": 10.1, "severity": 0, "alert_level": "none"}, {"day": 4, "date": "2026-06-29", "heat_index": 24.4, "wind_chill": 10.2, "severity": 0, "alert_level": "none"}, {"day": 5, "date": "2026-06-30", "heat_index": 24.7, "wind_chill": 10.4, "severity": 0, "alert_level": "none"}, {"day": 6, "date": "2026-07-01", "heat_index": 25.0, "wind_chill": 10.6, "severity": 0, "alert_level": "none"}]}}, {"type": "Feature", "geometry": {"type": "Polygon", "coordinates": [[[-5.623076923076923, 32.12837837837838], [-5.376923076923077, 32.12837837837838], [-5.376923076923077, 32.37162162162162], [-5.623076923076923, 32.37162162162162], [-5.623076923076923, 32.12837837837838]]]}, "properties": {"row": 15, "col": 46, "lat": 32.25, "lon": -5.5, "alert_level": "none", "severity": 0, "forecasts": [{"day": 0, "date": "2026-06-25", "heat_index": 23.3, "wind_chill": 9.8, "severity": 0, "alert_level": "none"}, {"day": 1, "date": "2026-06-26", "heat_index": 23.8, "wind_chill": 10.2, "severity": 0, "alert_level": "none"}, {"day": 2, "date": "2026-06-27", "heat_index": 24.0, "wind_chill": 10.2, "severity": 0, "alert_level": "none"}, {"day": 3, "date": "2026-06-28", "heat_index": 24.0, "wind_chill": 10.4, "severity": 0, "alert_level": "none"}, {"day": 4, "date": "2026-06-29", "heat_index": 24.0, "wind_chill": 10.5, "severity": 0, "alert_level": "none"}, {"day": 5, "date": "2026-06-30", "heat_index": 24.3, "wind_chill": 10.7, "severity": 0, "alert_level": "none"}, {"day": 6, "date": "2026-07-01", "heat_index": 24.6, "wind_chill": 10.9, "severity": 0, "alert_level": "none"}]}}, {"type": "Feature", "geometry": {"type": "Polygon", "coordinates": [[[-5.373076923076923, 32.12837837837838], [-5.126923076923077, 32.12837837837838], [-5.126923076923077, 32.37162162162162], [-5.373076923076923, 32.37162162162162], [-5.373076923076923, 32.12837837837838]]]}, "properties": {"row": 15, "col": 47, "lat": 32.25, "lon": -5.25, "alert_level": "none", "severity": 0, "forecasts": [{"day": 0, "date": "2026-06-25", "heat_index": 24.7, "wind_chill": 11.4, "severity": 0, "alert_level": "none"}, {"day": 1, "date": "2026-06-26", "heat_index": 25.1, "wind_chill": 11.8, "severity": 0, "alert_level": "none"}, {"day": 2, "date": "2026-06-27", "heat_index": 25.4, "wind_chill": 12.0, "severity": 0, "alert_level": "none"}, {"day": 3, "date": "2026-06-28", "heat_index": 25.4, "wind_chill": 12.2, "severity": 0, "alert_level": "none"}, {"day": 4, "date": "2026-06-29", "heat_index": 25.4, "wind_chill": 12.2, "severity": 0, "alert_level": "none"}, {"day": 5, "date": "2026-06-30", "heat_index": 25.6, "wind_chill": 12.3, "severity": 0, "alert_level": "none"}, {"day": 6, "date": "2026-07-01", "heat_index": 25.8, "wind_chill": 12.5, "severity": 0, "alert_level": "none"}]}}, {"type": "Feature", "geometry": {"type": "Polygon", "coordinates": [[[-5.123076923076923, 32.12837837837838], [-4.876923076923077, 32.12837837837838], [-4.876923076923077, 32.37162162162162], [-5.123076923076923, 32.37162162162162], [-5.123076923076923, 32.12837837837838]]]}, "properties": {"row": 15, "col": 48, "lat": 32.25, "lon": -5.0, "alert_level": "none", "severity": 0, "forecasts": [{"day": 0, "date": "2026-06-25", "heat_index": 27.2, "wind_chill": 13.7, "severity": 0, "alert_level": "none"}, {"day": 1, "date": "2026-06-26", "heat_index": 27.5, "wind_chill": 14.1, "severity": 0, "alert_level": "none"}, {"day": 2, "date": "2026-06-27", "heat_index": 27.7, "wind_chill": 14.4, "severity": 0, "alert_level": "none"}, {"day": 3, "date": "2026-06-28", "heat_index": 27.8, "wind_chill": 14.6, "severity": 0, "alert_level": "none"}, {"day": 4, "date": "2026-06-29", "heat_index": 27.8, "wind_chill": 14.6, "severity": 0, "alert_level": "none"}, {"day": 5, "date": "2026-06-30", "heat_index": 27.9, "wind_chill": 14.7, "severity": 0, "alert_level": "none"}, {"day": 6, "date": "2026-07-01", "heat_index": 28.1, "wind_chill": 14.9, "severity": 0, "alert_level": "none"}]}}, {"type": "Feature", "geometry": {"type": "Polygon", "coordinates": [[[-4.873076923076923, 32.12837837837838], [-4.626923076923077, 32.12837837837838], [-4.626923076923077, 32.37162162162162], [-4.873076923076923, 32.37162162162162], [-4.873076923076923, 32.12837837837838]]]}, "properties": {"row": 15, "col": 49, "lat": 32.25, "lon": -4.75, "alert_level": "none", "severity": 0, "forecasts": [{"day": 0, "date": "2026-06-25", "heat_index": 29.2, "wind_chill": 15.8, "severity": 0, "alert_level": "none"}, {"day": 1, "date": "2026-06-26", "heat_index": 29.4, "wind_chill": 16.0, "severity": 0, "alert_level": "none"}, {"day": 2, "date": "2026-06-27", "heat_index": 29.7, "wind_chill": 16.3, "severity": 0, "alert_level": "none"}, {"day": 3, "date": "2026-06-28", "heat_index": 29.8, "wind_chill": 16.5, "severity": 0, "alert_level": "none"}, {"day": 4, "date": "2026-06-29", "heat_index": 29.8, "wind_chill": 16.5, "severity": 0, "alert_level": "none"}, {"day": 5, "date": "2026-06-30", "heat_index": 30.0, "wind_chill": 16.6, "severity": 0, "alert_level": "none"}, {"day": 6, "date": "2026-07-01", "heat_index": 30.1, "wind_chill": 16.7, "severity": 0, "alert_level": "none"}]}}, {"type": "Feature", "geometry": {"type": "Polygon", "coordinates": [[[-4.623076923076923, 32.12837837837838], [-4.376923076923077, 32.12837837837838], [-4.376923076923077, 32.37162162162162], [-4.623076923076923, 32.37162162162162], [-4.623076923076923, 32.12837837837838]]]}, "properties": {"row": 15, "col": 50, "lat": 32.25, "lon": -4.5, "alert_level": "none", "severity": 0, "forecasts": [{"day": 0, "date": "2026-06-25", "heat_index": 30.1, "wind_chill": 16.7, "severity": 0, "alert_level": "none"}, {"day": 1, "date": "2026-06-26", "heat_index": 30.4, "wind_chill": 16.7, "severity": 0, "alert_level": "none"}, {"day": 2, "date": "2026-06-27", "heat_index": 30.6, "wind_chill": 17.0, "severity": 0, "alert_level": "none"}, {"day": 3, "date": "2026-06-28", "heat_index": 30.8, "wind_chill": 17.2, "severity": 0, "alert_level": "none"}, {"day": 4, "date": "2026-06-29", "heat_index": 30.9, "wind_chill": 17.3, "severity": 0, "alert_level": "none"}, {"day": 5, "date": "2026-06-30", "heat_index": 31.1, "wind_chill": 17.4, "severity": 0, "alert_level": "none"}, {"day": 6, "date": "2026-07-01", "heat_index": 31.2, "wind_chill": 17.5, "severity": 0, "alert_level": "none"}]}}, {"type": "Feature", "geometry": {"type": "Polygon", "coordinates": [[[-4.373076923076923, 32.12837837837838], [-4.126923076923077, 32.12837837837838], [-4.126923076923077, 32.37162162162162], [-4.373076923076923, 32.37162162162162], [-4.373076923076923, 32.12837837837838]]]}, "properties": {"row": 15, "col": 51, "lat": 32.25, "lon": -4.25, "alert_level": "none", "severity": 0, "forecasts": [{"day": 0, "date": "2026-06-25", "heat_index": 31.0, "wind_chill": 17.3, "severity": 0, "alert_level": "none"}, {"day": 1, "date": "2026-06-26", "heat_index": 31.1, "wind_chill": 17.2, "severity": 0, "alert_level": "none"}, {"day": 2, "date": "2026-06-27", "heat_index": 31.3, "wind_chill": 17.3, "severity": 0, "alert_level": "none"}, {"day": 3, "date": "2026-06-28", "heat_index": 31.5, "wind_chill": 17.5, "severity": 0, "alert_level": "none"}, {"day": 4, "date": "2026-06-29", "heat_index": 31.5, "wind_chill": 17.6, "severity": 0, "alert_level": "none"}, {"day": 5, "date": "2026-06-30", "heat_index": 31.7, "wind_chill": 17.7, "severity": 0, "alert_level": "none"}, {"day": 6, "date": "2026-07-01", "heat_index": 31.9, "wind_chill": 17.8, "severity": 0, "alert_level": "none"}]}}, {"type": "Feature", "geometry": {"type": "Polygon", "coordinates": [[[-4.123076923076923, 32.12837837837838], [-3.876923076923077, 32.12837837837838], [-3.876923076923077, 32.37162162162162], [-4.123076923076923, 32.37162162162162], [-4.123076923076923, 32.12837837837838]]]}, "properties": {"row": 15, "col": 52, "lat": 32.25, "lon": -4.0, "alert_level": "yellow", "severity": 0.7, "forecasts": [{"day": 0, "date": "2026-06-25", "heat_index": 32.2, "wind_chill": 18.0, "severity": 0.2, "alert_level": "yellow"}, {"day": 1, "date": "2026-06-26", "heat_index": 32.2, "wind_chill": 17.8, "severity": 0.2, "alert_level": "yellow"}, {"day": 2, "date": "2026-06-27", "heat_index": 32.2, "wind_chill": 17.9, "severity": 0.2, "alert_level": "yellow"}, {"day": 3, "date": "2026-06-28", "heat_index": 32.3, "wind_chill": 18.1, "severity": 0.3, "alert_level": "yellow"}, {"day": 4, "date": "2026-06-29", "heat_index": 32.3, "wind_chill": 18.2, "severity": 0.3, "alert_level": "yellow"}, {"day": 5, "date": "2026-06-30", "heat_index": 32.5, "wind_chill": 18.3, "severity": 0.5, "alert_level": "yellow"}, {"day": 6, "date": "2026-07-01", "heat_index": 32.7, "wind_chill": 18.5, "severity": 0.7, "alert_level": "yellow"}]}}, {"type": "Feature", "geometry": {"type": "Polygon", "coordinates": [[[-3.873076923076923, 32.12837837837838], [-3.626923076923077, 32.12837837837838], [-3.626923076923077, 32.37162162162162], [-3.873076923076923, 32.37162162162162], [-3.873076923076923, 32.12837837837838]]]}, "properties": {"row": 15, "col": 53, "lat": 32.25, "lon": -3.75, "alert_level": "yellow", "severity": 1.7, "forecasts": [{"day": 0, "date": "2026-06-25", "heat_index": 33.3, "wind_chill": 18.8, "severity": 1.3, "alert_level": "yellow"}, {"day": 1, "date": "2026-06-26", "heat_index": 33.2, "wind_chill": 18.6, "severity": 1.2, "alert_level": "yellow"}, {"day": 2, "date": "2026-06-27", "heat_index": 33.2, "wind_chill": 18.7, "severity": 1.2, "alert_level": "yellow"}, {"day": 3, "date": "2026-06-28", "heat_index": 33.4, "wind_chill": 19.0, "severity": 1.4, "alert_level": "yellow"}, {"day": 4, "date": "2026-06-29", "heat_index": 33.3, "wind_chill": 19.0, "severity": 1.3, "alert_level": "yellow"}, {"day": 5, "date": "2026-06-30", "heat_index": 33.5, "wind_chill": 19.1, "severity": 1.5, "alert_level": "yellow"}, {"day": 6, "date": "2026-07-01", "heat_index": 33.7, "wind_chill": 19.3, "severity": 1.7, "alert_level": "yellow"}]}}, {"type": "Feature", "geometry": {"type": "Polygon", "coordinates": [[[-3.623076923076923, 32.12837837837838], [-3.376923076923077, 32.12837837837838], [-3.376923076923077, 32.37162162162162], [-3.623076923076923, 32.37162162162162], [-3.623076923076923, 32.12837837837838]]]}, "properties": {"row": 15, "col": 54, "lat": 32.25, "lon": -3.5, "alert_level": "orange", "severity": 2.5, "forecasts": [{"day": 0, "date": "2026-06-25", "heat_index": 33.9, "wind_chill": 19.2, "severity": 1.9, "alert_level": "yellow"}, {"day": 1, "date": "2026-06-26", "heat_index": 33.7, "wind_chill": 19.0, "severity": 1.7, "alert_level": "yellow"}, {"day": 2, "date": "2026-06-27", "heat_index": 33.9, "wind_chill": 19.3, "severity": 1.9, "alert_level": "yellow"}, {"day": 3, "date": "2026-06-28", "heat_index": 34.1, "wind_chill": 19.5, "severity": 2.1, "alert_level": "orange"}, {"day": 4, "date": "2026-06-29", "heat_index": 34.1, "wind_chill": 19.5, "severity": 2.1, "alert_level": "orange"}, {"day": 5, "date": "2026-06-30", "heat_index": 34.3, "wind_chill": 19.7, "severity": 2.3, "alert_level": "orange"}, {"day": 6, "date": "2026-07-01", "heat_index": 34.5, "wind_chill": 19.8, "severity": 2.5, "alert_level": "orange"}]}}, {"type": "Feature", "geometry": {"type": "Polygon", "coordinates": [[[-3.373076923076923, 32.12837837837838], [-3.126923076923077, 32.12837837837838], [-3.126923076923077, 32.37162162162162], [-3.373076923076923, 32.37162162162162], [-3.373076923076923, 32.12837837837838]]]}, "properties": {"row": 15, "col": 55, "lat": 32.25, "lon": -3.25, "alert_level": "orange", "severity": 3.1, "forecasts": [{"day": 0, "date": "2026-06-25", "heat_index": 34.6, "wind_chill": 19.5, "severity": 2.6, "alert_level": "orange"}, {"day": 1, "date": "2026-06-26", "heat_index": 34.3, "wind_chill": 19.3, "severity": 2.3, "alert_level": "orange"}, {"day": 2, "date": "2026-06-27", "heat_index": 34.6, "wind_chill": 19.7, "severity": 2.6, "alert_level": "orange"}, {"day": 3, "date": "2026-06-28", "heat_index": 34.7, "wind_chill": 19.9, "severity": 2.7, "alert_level": "orange"}, {"day": 4, "date": "2026-06-29", "heat_index": 34.7, "wind_chill": 19.9, "severity": 2.7, "alert_level": "orange"}, {"day": 5, "date": "2026-06-30", "heat_index": 34.9, "wind_chill": 20.0, "severity": 2.9, "alert_level": "orange"}, {"day": 6, "date": "2026-07-01", "heat_index": 35.1, "wind_chill": 20.2, "severity": 3.1, "alert_level": "orange"}]}}, {"type": "Feature", "geometry": {"type": "Polygon", "coordinates": [[[-3.123076923076923, 32.12837837837838], [-2.876923076923077, 32.12837837837838], [-2.876923076923077, 32.37162162162162], [-3.123076923076923, 32.37162162162162], [-3.123076923076923, 32.12837837837838]]]}, "properties": {"row": 15, "col": 56, "lat": 32.25, "lon": -3.0, "alert_level": "orange", "severity": 3.6, "forecasts": [{"day": 0, "date": "2026-06-25", "heat_index": 35.5, "wind_chill": 19.5, "severity": 3.5, "alert_level": "orange"}, {"day": 1, "date": "2026-06-26", "heat_index": 35.1, "wind_chill": 19.5, "severity": 3.1, "alert_level": "orange"}, {"day": 2, "date": "2026-06-27", "heat_index": 35.2, "wind_chill": 19.8, "severity": 3.2, "alert_level": "orange"}, {"day": 3, "date": "2026-06-28", "heat_index": 35.3, "wind_chill": 20.0, "severity": 3.3, "alert_level": "orange"}, {"day": 4, "date": "2026-06-29", "heat_index": 35.2, "wind_chill": 20.0, "severity": 3.2, "alert_level": "orange"}, {"day": 5, "date": "2026-06-30", "heat_index": 35.4, "wind_chill": 20.1, "severity": 3.4, "alert_level": "orange"}, {"day": 6, "date": "2026-07-01", "heat_index": 35.6, "wind_chill": 20.3, "severity": 3.6, "alert_level": "orange"}]}}, {"type": "Feature", "geometry": {"type": "Polygon", "coordinates": [[[-2.873076923076923, 32.12837837837838], [-2.626923076923077, 32.12837837837838], [-2.626923076923077, 32.37162162162162], [-2.873076923076923, 32.37162162162162], [-2.873076923076923, 32.12837837837838]]]}, "properties": {"row": 15, "col": 57, "lat": 32.25, "lon": -2.75, "alert_level": "red", "severity": 5.0, "forecasts": [{"day": 0, "date": "2026-06-25", "heat_index": 37.0, "wind_chill": 20.0, "severity": 5.0, "alert_level": "red"}, {"day": 1, "date": "2026-06-26", "heat_index": 36.4, "wind_chill": 20.2, "severity": 4.4, "alert_level": "orange"}, {"day": 2, "date": "2026-06-27", "heat_index": 36.2, "wind_chill": 20.4, "severity": 4.2, "alert_level": "orange"}, {"day": 3, "date": "2026-06-28", "heat_index": 36.0, "wind_chill": 20.4, "severity": 4.0, "alert_level": "orange"}, {"day": 4, "date": "2026-06-29", "heat_index": 35.8, "wind_chill": 20.3, "severity": 3.8, "alert_level": "orange"}, {"day": 5, "date": "2026-06-30", "heat_index": 35.9, "wind_chill": 20.4, "severity": 3.9, "alert_level": "orange"}, {"day": 6, "date": "2026-07-01", "heat_index": 36.1, "wind_chill": 20.5, "severity": 4.1, "alert_level": "orange"}]}}, {"type": "Feature", "geometry": {"type": "Polygon", "coordinates": [[[-2.623076923076923, 32.12837837837838], [-2.376923076923077, 32.12837837837838], [-2.376923076923077, 32.37162162162162], [-2.623076923076923, 32.37162162162162], [-2.623076923076923, 32.12837837837838]]]}, "properties": {"row": 15, "col": 58, "lat": 32.25, "lon": -2.5, "alert_level": "red", "severity": 6.2, "forecasts": [{"day": 0, "date": "2026-06-25", "heat_index": 38.2, "wind_chill": 20.9, "severity": 6.2, "alert_level": "red"}, {"day": 1, "date": "2026-06-26", "heat_index": 37.1, "wind_chill": 20.9, "severity": 5.1, "alert_level": "red"}, {"day": 2, "date": "2026-06-27", "heat_index": 36.5, "wind_chill": 20.9, "severity": 4.5, "alert_level": "orange"}, {"day": 3, "date": "2026-06-28", "heat_index": 36.1, "wind_chill": 20.7, "severity": 4.1, "alert_level": "orange"}, {"day": 4, "date": "2026-06-29", "heat_index": 35.8, "wind_chill": 20.6, "severity": 3.8, "alert_level": "orange"}, {"day": 5, "date": "2026-06-30", "heat_index": 35.9, "wind_chill": 20.6, "severity": 3.9, "alert_level": "orange"}, {"day": 6, "date": "2026-07-01", "heat_index": 36.1, "wind_chill": 20.7, "severity": 4.1, "alert_level": "orange"}]}}, {"type": "Feature", "geometry": {"type": "Polygon", "coordinates": [[[-2.373076923076923, 32.12837837837838], [-2.126923076923077, 32.12837837837838], [-2.126923076923077, 32.37162162162162], [-2.373076923076923, 32.37162162162162], [-2.373076923076923, 32.12837837837838]]]}, "properties": {"row": 15, "col": 59, "lat": 32.25, "lon": -2.25, "alert_level": "orange", "severity": 4.8, "forecasts": [{"day": 0, "date": "2026-06-25", "heat_index": 36.8, "wind_chill": 20.6, "severity": 4.8, "alert_level": "orange"}, {"day": 1, "date": "2026-06-26", "heat_index": 36.1, "wind_chill": 20.7, "severity": 4.1, "alert_level": "orange"}, {"day": 2, "date": "2026-06-27", "heat_index": 35.4, "wind_chill": 20.5, "severity": 3.4, "alert_level": "orange"}, {"day": 3, "date": "2026-06-28", "heat_index": 34.8, "wind_chill": 20.1, "severity": 2.8, "alert_level": "orange"}, {"day": 4, "date": "2026-06-29", "heat_index": 34.4, "wind_chill": 19.8, "severity": 2.4, "alert_level": "orange"}, {"day": 5, "date": "2026-06-30", "heat_index": 34.6, "wind_chill": 19.9, "severity": 2.6, "alert_level": "orange"}, {"day": 6, "date": "2026-07-01", "heat_index": 34.8, "wind_chill": 20.0, "severity": 2.8, "alert_level": "orange"}]}}, {"type": "Feature", "geometry": {"type": "Polygon", "coordinates": [[[-2.123076923076923, 32.12837837837838], [-1.876923076923077, 32.12837837837838], [-1.876923076923077, 32.37162162162162], [-2.123076923076923, 32.37162162162162], [-2.123076923076923, 32.12837837837838]]]}, "properties": {"row": 15, "col": 60, "lat": 32.25, "lon": -2.0, "alert_level": "orange", "severity": 2.4, "forecasts": [{"day": 0, "date": "2026-06-25", "heat_index": 34.4, "wind_chill": 18.7, "severity": 2.4, "alert_level": "orange"}, {"day": 1, "date": "2026-06-26", "heat_index": 32.7, "wind_chill": 18.2, "severity": 0.7, "alert_level": "yellow"}, {"day": 2, "date": "2026-06-27", "heat_index": 32.2, "wind_chill": 17.9, "severity": 0.2, "alert_level": "yellow"}, {"day": 3, "date": "2026-06-28", "heat_index": 31.8, "wind_chill": 17.7, "severity": 0, "alert_level": "none"}, {"day": 4, "date": "2026-06-29", "heat_index": 31.7, "wind_chill": 17.6, "severity": 0, "alert_level": "none"}, {"day": 5, "date": "2026-06-30", "heat_index": 32.0, "wind_chill": 17.6, "severity": 0, "alert_level": "none"}, {"day": 6, "date": "2026-07-01", "heat_index": 32.3, "wind_chill": 17.8, "severity": 0.3, "alert_level": "yellow"}]}}, {"type": "Feature", "geometry": {"type": "Polygon", "coordinates": [[[-1.873076923076923, 32.12837837837838], [-1.626923076923077, 32.12837837837838], [-1.626923076923077, 32.37162162162162], [-1.873076923076923, 32.37162162162162], [-1.873076923076923, 32.12837837837838]]]}, "properties": {"row": 15, "col": 61, "lat": 32.25, "lon": -1.75, "alert_level": "none", "severity": 0, "forecasts": [{"day": 0, "date": "2026-06-25", "heat_index": 30.3, "wind_chill": 16.8, "severity": 0, "alert_level": "none"}, {"day": 1, "date": "2026-06-26", "heat_index": 30.4, "wind_chill": 16.9, "severity": 0, "alert_level": "none"}, {"day": 2, "date": "2026-06-27", "heat_index": 30.4, "wind_chill": 17.1, "severity": 0, "alert_level": "none"}, {"day": 3, "date": "2026-06-28", "heat_index": 30.1, "wind_chill": 17.0, "severity": 0, "alert_level": "none"}, {"day": 4, "date": "2026-06-29", "heat_index": 30.0, "wind_chill": 16.9, "severity": 0, "alert_level": "none"}, {"day": 5, "date": "2026-06-30", "heat_index": 30.5, "wind_chill": 17.0, "severity": 0, "alert_level": "none"}, {"day": 6, "date": "2026-07-01", "heat_index": 30.9, "wind_chill": 17.3, "severity": 0, "alert_level": "none"}]}}, {"type": "Feature", "geometry": {"type": "Polygon", "coordinates": [[[-1.623076923076923, 32.12837837837838], [-1.376923076923077, 32.12837837837838], [-1.376923076923077, 32.37162162162162], [-1.623076923076923, 32.37162162162162], [-1.623076923076923, 32.12837837837838]]]}, "properties": {"row": 15, "col": 62, "lat": 32.25, "lon": -1.5, "alert_level": "none", "severity": 0, "forecasts": [{"day": 0, "date": "2026-06-25", "heat_index": 30.2, "wind_chill": 15.6, "severity": 0, "alert_level": "none"}, {"day": 1, "date": "2026-06-26", "heat_index": 28.8, "wind_chill": 15.9, "severity": 0, "alert_level": "none"}, {"day": 2, "date": "2026-06-27", "heat_index": 26.5, "wind_chill": 15.2, "severity": 0, "alert_level": "none"}, {"day": 3, "date": "2026-06-28", "heat_index": 24.8, "wind_chill": 14.4, "severity": 0, "alert_level": "none"}, {"day": 4, "date": "2026-06-29", "heat_index": 24.4, "wind_chill": 14.0, "severity": 0, "alert_level": "none"}, {"day": 5, "date": "2026-06-30", "heat_index": 24.8, "wind_chill": 14.2, "severity": 0, "alert_level": "none"}, {"day": 6, "date": "2026-07-01", "heat_index": 25.3, "wind_chill": 14.5, "severity": 0, "alert_level": "none"}]}}, {"type": "Feature", "geometry": {"type": "Polygon", "coordinates": [[[-9.373076923076923, 31.87837837837838], [-9.126923076923077, 31.87837837837838], [-9.126923076923077, 32.12162162162162], [-9.373076923076923, 32.12162162162162], [-9.373076923076923, 31.87837837837838]]]}, "properties": {"row": 16, "col": 31, "lat": 32.0, "lon": -9.25, "alert_level": "none", "severity": 0, "forecasts": [{"day": 0, "date": "2026-06-25", "heat_index": 23.4, "wind_chill": 14.2, "severity": 0, "alert_level": "none"}, {"day": 1, "date": "2026-06-26", "heat_index": 23.3, "wind_chill": 13.1, "severity": 0, "alert_level": "none"}, {"day": 2, "date": "2026-06-27", "heat_index": 25.1, "wind_chill": 14.8, "severity": 0, "alert_level": "none"}, {"day": 3, "date": "2026-06-28", "heat_index": 26.0, "wind_chill": 15.2, "severity": 0, "alert_level": "none"}, {"day": 4, "date": "2026-06-29", "heat_index": 26.5, "wind_chill": 15.4, "severity": 0, "alert_level": "none"}, {"day": 5, "date": "2026-06-30", "heat_index": 26.7, "wind_chill": 15.5, "severity": 0, "alert_level": "none"}, {"day": 6, "date": "2026-07-01", "heat_index": 26.8, "wind_chill": 15.7, "severity": 0, "alert_level": "none"}]}}, {"type": "Feature", "geometry": {"type": "Polygon", "coordinates": [[[-9.123076923076923, 31.87837837837838], [-8.876923076923077, 31.87837837837838], [-8.876923076923077, 32.12162162162162], [-9.123076923076923, 32.12162162162162], [-9.123076923076923, 31.87837837837838]]]}, "properties": {"row": 16, "col": 32, "lat": 32.0, "lon": -9.0, "alert_level": "none", "severity": 0, "forecasts": [{"day": 0, "date": "2026-06-25", "heat_index": 24.6, "wind_chill": 14.0, "severity": 0, "alert_level": "none"}, {"day": 1, "date": "2026-06-26", "heat_index": 25.8, "wind_chill": 15.0, "severity": 0, "alert_level": "none"}, {"day": 2, "date": "2026-06-27", "heat_index": 27.0, "wind_chill": 16.3, "severity": 0, "alert_level": "none"}, {"day": 3, "date": "2026-06-28", "heat_index": 27.7, "wind_chill": 17.0, "severity": 0, "alert_level": "none"}, {"day": 4, "date": "2026-06-29", "heat_index": 28.4, "wind_chill": 17.5, "severity": 0, "alert_level": "none"}, {"day": 5, "date": "2026-06-30", "heat_index": 28.8, "wind_chill": 17.8, "severity": 0, "alert_level": "none"}, {"day": 6, "date": "2026-07-01", "heat_index": 29.1, "wind_chill": 18.1, "severity": 0, "alert_level": "none"}]}}, {"type": "Feature", "geometry": {"type": "Polygon", "coordinates": [[[-8.873076923076923, 31.87837837837838], [-8.626923076923077, 31.87837837837838], [-8.626923076923077, 32.12162162162162], [-8.873076923076923, 32.12162162162162], [-8.873076923076923, 31.87837837837838]]]}, "properties": {"row": 16, "col": 33, "lat": 32.0, "lon": -8.75, "alert_level": "none", "severity": 0, "forecasts": [{"day": 0, "date": "2026-06-25", "heat_index": 26.7, "wind_chill": 15.4, "severity": 0, "alert_level": "none"}, {"day": 1, "date": "2026-06-26", "heat_index": 27.1, "wind_chill": 15.7, "severity": 0, "alert_level": "none"}, {"day": 2, "date": "2026-06-27", "heat_index": 27.5, "wind_chill": 16.7, "severity": 0, "alert_level": "none"}, {"day": 3, "date": "2026-06-28", "heat_index": 27.8, "wind_chill": 17.3, "severity": 0, "alert_level": "none"}, {"day": 4, "date": "2026-06-29", "heat_index": 28.1, "wind_chill": 17.5, "severity": 0, "alert_level": "none"}, {"day": 5, "date": "2026-06-30", "heat_index": 28.5, "wind_chill": 17.8, "severity": 0, "alert_level": "none"}, {"day": 6, "date": "2026-07-01", "heat_index": 28.8, "wind_chill": 18.0, "severity": 0, "alert_level": "none"}]}}, {"type": "Feature", "geometry": {"type": "Polygon", "coordinates": [[[-8.623076923076923, 31.87837837837838], [-8.376923076923077, 31.87837837837838], [-8.376923076923077, 32.12162162162162], [-8.623076923076923, 32.12162162162162], [-8.623076923076923, 31.87837837837838]]]}, "properties": {"row": 16, "col": 34, "lat": 32.0, "lon": -8.5, "alert_level": "none", "severity": 0, "forecasts": [{"day": 0, "date": "2026-06-25", "heat_index": 27.6, "wind_chill": 15.9, "severity": 0, "alert_level": "none"}, {"day": 1, "date": "2026-06-26", "heat_index": 27.8, "wind_chill": 15.9, "severity": 0, "alert_level": "none"}, {"day": 2, "date": "2026-06-27", "heat_index": 28.5, "wind_chill": 16.8, "severity": 0, "alert_level": "none"}, {"day": 3, "date": "2026-06-28", "heat_index": 28.9, "wind_chill": 17.4, "severity": 0, "alert_level": "none"}, {"day": 4, "date": "2026-06-29", "heat_index": 29.3, "wind_chill": 17.6, "severity": 0, "alert_level": "none"}, {"day": 5, "date": "2026-06-30", "heat_index": 29.9, "wind_chill": 17.9, "severity": 0, "alert_level": "none"}, {"day": 6, "date": "2026-07-01", "heat_index": 30.3, "wind_chill": 18.2, "severity": 0, "alert_level": "none"}]}}, {"type": "Feature", "geometry": {"type": "Polygon", "coordinates": [[[-8.373076923076923, 31.87837837837838], [-8.126923076923077, 31.87837837837838], [-8.126923076923077, 32.12162162162162], [-8.373076923076923, 32.12162162162162], [-8.373076923076923, 31.87837837837838]]]}, "properties": {"row": 16, "col": 35, "lat": 32.0, "lon": -8.25, "alert_level": "none", "severity": 0, "forecasts": [{"day": 0, "date": "2026-06-25", "heat_index": 29.3, "wind_chill": 16.6, "severity": 0, "alert_level": "none"}, {"day": 1, "date": "2026-06-26", "heat_index": 29.1, "wind_chill": 16.2, "severity": 0, "alert_level": "none"}, {"day": 2, "date": "2026-06-27", "heat_index": 29.6, "wind_chill": 16.7, "severity": 0, "alert_level": "none"}, {"day": 3, "date": "2026-06-28", "heat_index": 29.9, "wind_chill": 17.3, "severity": 0, "alert_level": "none"}, {"day": 4, "date": "2026-06-29", "heat_index": 30.2, "wind_chill": 17.4, "severity": 0, "alert_level": "none"}, {"day": 5, "date": "2026-06-30", "heat_index": 30.7, "wind_chill": 17.7, "severity": 0, "alert_level": "none"}, {"day": 6, "date": "2026-07-01", "heat_index": 31.1, "wind_chill": 17.9, "severity": 0, "alert_level": "none"}]}}, {"type": "Feature", "geometry": {"type": "Polygon", "coordinates": [[[-8.123076923076923, 31.87837837837838], [-7.876923076923077, 31.87837837837838], [-7.876923076923077, 32.12162162162162], [-8.123076923076923, 32.12162162162162], [-8.123076923076923, 31.87837837837838]]]}, "properties": {"row": 16, "col": 36, "lat": 32.0, "lon": -8.0, "alert_level": "none", "severity": 0, "forecasts": [{"day": 0, "date": "2026-06-25", "heat_index": 30.2, "wind_chill": 16.7, "severity": 0, "alert_level": "none"}, {"day": 1, "date": "2026-06-26", "heat_index": 30.0, "wind_chill": 16.1, "severity": 0, "alert_level": "none"}, {"day": 2, "date": "2026-06-27", "heat_index": 30.5, "wind_chill": 16.6, "severity": 0, "alert_level": "none"}, {"day": 3, "date": "2026-06-28", "heat_index": 30.8, "wind_chill": 17.1, "severity": 0, "alert_level": "none"}, {"day": 4, "date": "2026-06-29", "heat_index": 31.0, "wind_chill": 17.2, "severity": 0, "alert_level": "none"}, {"day": 5, "date": "2026-06-30", "heat_index": 31.5, "wind_chill": 17.5, "severity": 0, "alert_level": "none"}, {"day": 6, "date": "2026-07-01", "heat_index": 31.9, "wind_chill": 17.7, "severity": 0, "alert_level": "none"}]}}, {"type": "Feature", "geometry": {"type": "Polygon", "coordinates": [[[-7.873076923076923, 31.87837837837838], [-7.626923076923077, 31.87837837837838], [-7.626923076923077, 32.12162162162162], [-7.873076923076923, 32.12162162162162], [-7.873076923076923, 31.87837837837838]]]}, "properties": {"row": 16, "col": 37, "lat": 32.0, "lon": -7.75, "alert_level": "yellow", "severity": 0.7, "forecasts": [{"day": 0, "date": "2026-06-25", "heat_index": 29.8, "wind_chill": 16.0, "severity": 0, "alert_level": "none"}, {"day": 1, "date": "2026-06-26", "heat_index": 30.5, "wind_chill": 16.0, "severity": 0, "alert_level": "none"}, {"day": 2, "date": "2026-06-27", "heat_index": 31.2, "wind_chill": 16.7, "severity": 0, "alert_level": "none"}, {"day": 3, "date": "2026-06-28", "heat_index": 31.6, "wind_chill": 17.2, "severity": 0, "alert_level": "none"}, {"day": 4, "date": "2026-06-29", "heat_index": 31.7, "wind_chill": 17.3, "severity": 0, "alert_level": "none"}, {"day": 5, "date": "2026-06-30", "heat_index": 32.2, "wind_chill": 17.6, "severity": 0.2, "alert_level": "yellow"}, {"day": 6, "date": "2026-07-01", "heat_index": 32.7, "wind_chill": 17.9, "severity": 0.7, "alert_level": "yellow"}]}}, {"type": "Feature", "geometry": {"type": "Polygon", "coordinates": [[[-7.623076923076923, 31.87837837837838], [-7.376923076923077, 31.87837837837838], [-7.376923076923077, 32.12162162162162], [-7.623076923076923, 32.12162162162162], [-7.623076923076923, 31.87837837837838]]]}, "properties": {"row": 16, "col": 38, "lat": 32.0, "lon": -7.5, "alert_level": "yellow", "severity": 1.2, "forecasts": [{"day": 0, "date": "2026-06-25", "heat_index": 30.1, "wind_chill": 15.9, "severity": 0, "alert_level": "none"}, {"day": 1, "date": "2026-06-26", "heat_index": 30.9, "wind_chill": 15.9, "severity": 0, "alert_level": "none"}, {"day": 2, "date": "2026-06-27", "heat_index": 31.6, "wind_chill": 16.7, "severity": 0, "alert_level": "none"}, {"day": 3, "date": "2026-06-28", "heat_index": 32.1, "wind_chill": 17.2, "severity": 0.1, "alert_level": "yellow"}, {"day": 4, "date": "2026-06-29", "heat_index": 32.2, "wind_chill": 17.3, "severity": 0.2, "alert_level": "yellow"}, {"day": 5, "date": "2026-06-30", "heat_index": 32.7, "wind_chill": 17.6, "severity": 0.7, "alert_level": "yellow"}, {"day": 6, "date": "2026-07-01", "heat_index": 33.2, "wind_chill": 17.9, "severity": 1.2, "alert_level": "yellow"}]}}, {"type": "Feature", "geometry": {"type": "Polygon", "coordinates": [[[-7.373076923076923, 31.87837837837838], [-7.126923076923077, 31.87837837837838], [-7.126923076923077, 32.12162162162162], [-7.373076923076923, 32.12162162162162], [-7.373076923076923, 31.87837837837838]]]}, "properties": {"row": 16, "col": 39, "lat": 32.0, "lon": -7.25, "alert_level": "yellow", "severity": 1.4, "forecasts": [{"day": 0, "date": "2026-06-25", "heat_index": 30.3, "wind_chill": 15.7, "severity": 0, "alert_level": "none"}, {"day": 1, "date": "2026-06-26", "heat_index": 31.2, "wind_chill": 15.8, "severity": 0, "alert_level": "none"}, {"day": 2, "date": "2026-06-27", "heat_index": 32.0, "wind_chill": 16.6, "severity": 0, "alert_level": "none"}, {"day": 3, "date": "2026-06-28", "heat_index": 32.3, "wind_chill": 17.1, "severity": 0.3, "alert_level": "yellow"}, {"day": 4, "date": "2026-06-29", "heat_index": 32.5, "wind_chill": 17.3, "severity": 0.5, "alert_level": "yellow"}, {"day": 5, "date": "2026-06-30", "heat_index": 33.0, "wind_chill": 17.6, "severity": 1.0, "alert_level": "yellow"}, {"day": 6, "date": "2026-07-01", "heat_index": 33.4, "wind_chill": 17.9, "severity": 1.4, "alert_level": "yellow"}]}}, {"type": "Feature", "geometry": {"type": "Polygon", "coordinates": [[[-7.123076923076923, 31.87837837837838], [-6.876923076923077, 31.87837837837838], [-6.876923076923077, 32.12162162162162], [-7.123076923076923, 32.12162162162162], [-7.123076923076923, 31.87837837837838]]]}, "properties": {"row": 16, "col": 40, "lat": 32.0, "lon": -7.0, "alert_level": "yellow", "severity": 1.3, "forecasts": [{"day": 0, "date": "2026-06-25", "heat_index": 30.2, "wind_chill": 15.4, "severity": 0, "alert_level": "none"}, {"day": 1, "date": "2026-06-26", "heat_index": 31.2, "wind_chill": 15.4, "severity": 0, "alert_level": "none"}, {"day": 2, "date": "2026-06-27", "heat_index": 32.0, "wind_chill": 16.3, "severity": 0, "alert_level": "none"}, {"day": 3, "date": "2026-06-28", "heat_index": 32.2, "wind_chill": 16.7, "severity": 0.2, "alert_level": "yellow"}, {"day": 4, "date": "2026-06-29", "heat_index": 32.4, "wind_chill": 16.9, "severity": 0.4, "alert_level": "yellow"}, {"day": 5, "date": "2026-06-30", "heat_index": 32.8, "wind_chill": 17.2, "severity": 0.8, "alert_level": "yellow"}, {"day": 6, "date": "2026-07-01", "heat_index": 33.3, "wind_chill": 17.5, "severity": 1.3, "alert_level": "yellow"}]}}, {"type": "Feature", "geometry": {"type": "Polygon", "coordinates": [[[-6.873076923076923, 31.87837837837838], [-6.626923076923077, 31.87837837837838], [-6.626923076923077, 32.12162162162162], [-6.873076923076923, 32.12162162162162], [-6.873076923076923, 31.87837837837838]]]}, "properties": {"row": 16, "col": 41, "lat": 32.0, "lon": -6.75, "alert_level": "none", "severity": 0, "forecasts": [{"day": 0, "date": "2026-06-25", "heat_index": 29.1, "wind_chill": 14.2, "severity": 0, "alert_level": "none"}, {"day": 1, "date": "2026-06-26", "heat_index": 30.1, "wind_chill": 14.2, "severity": 0, "alert_level": "none"}, {"day": 2, "date": "2026-06-27", "heat_index": 30.8, "wind_chill": 15.0, "severity": 0, "alert_level": "none"}, {"day": 3, "date": "2026-06-28", "heat_index": 30.9, "wind_chill": 15.3, "severity": 0, "alert_level": "none"}, {"day": 4, "date": "2026-06-29", "heat_index": 31.1, "wind_chill": 15.5, "severity": 0, "alert_level": "none"}, {"day": 5, "date": "2026-06-30", "heat_index": 31.5, "wind_chill": 15.7, "severity": 0, "alert_level": "none"}, {"day": 6, "date": "2026-07-01", "heat_index": 32.0, "wind_chill": 16.1, "severity": 0, "alert_level": "none"}]}}, {"type": "Feature", "geometry": {"type": "Polygon", "coordinates": [[[-6.623076923076923, 31.87837837837838], [-6.376923076923077, 31.87837837837838], [-6.376923076923077, 32.12162162162162], [-6.623076923076923, 32.12162162162162], [-6.623076923076923, 31.87837837837838]]]}, "properties": {"row": 16, "col": 42, "lat": 32.0, "lon": -6.5, "alert_level": "none", "severity": 0, "forecasts": [{"day": 0, "date": "2026-06-25", "heat_index": 27.2, "wind_chill": 12.4, "severity": 0, "alert_level": "none"}, {"day": 1, "date": "2026-06-26", "heat_index": 28.0, "wind_chill": 12.5, "severity": 0, "alert_level": "none"}, {"day": 2, "date": "2026-06-27", "heat_index": 28.6, "wind_chill": 13.0, "severity": 0, "alert_level": "none"}, {"day": 3, "date": "2026-06-28", "heat_index": 28.8, "wind_chill": 13.3, "severity": 0, "alert_level": "none"}, {"day": 4, "date": "2026-06-29", "heat_index": 28.9, "wind_chill": 13.4, "severity": 0, "alert_level": "none"}, {"day": 5, "date": "2026-06-30", "heat_index": 29.3, "wind_chill": 13.7, "severity": 0, "alert_level": "none"}, {"day": 6, "date": "2026-07-01", "heat_index": 29.8, "wind_chill": 14.0, "severity": 0, "alert_level": "none"}]}}, {"type": "Feature", "geometry": {"type": "Polygon", "coordinates": [[[-6.373076923076923, 31.87837837837838], [-6.126923076923077, 31.87837837837838], [-6.126923076923077, 32.12162162162162], [-6.373076923076923, 32.12162162162162], [-6.373076923076923, 31.87837837837838]]]}, "properties": {"row": 16, "col": 43, "lat": 32.0, "lon": -6.25, "alert_level": "none", "severity": 0, "forecasts": [{"day": 0, "date": "2026-06-25", "heat_index": 25.1, "wind_chill": 10.7, "severity": 0, "alert_level": "none"}, {"day": 1, "date": "2026-06-26", "heat_index": 25.7, "wind_chill": 10.8, "severity": 0, "alert_level": "none"}, {"day": 2, "date": "2026-06-27", "heat_index": 26.2, "wind_chill": 11.1, "severity": 0, "alert_level": "none"}, {"day": 3, "date": "2026-06-28", "heat_index": 26.3, "wind_chill": 11.3, "severity": 0, "alert_level": "none"}, {"day": 4, "date": "2026-06-29", "heat_index": 26.4, "wind_chill": 11.5, "severity": 0, "alert_level": "none"}, {"day": 5, "date": "2026-06-30", "heat_index": 26.8, "wind_chill": 11.7, "severity": 0, "alert_level": "none"}, {"day": 6, "date": "2026-07-01", "heat_index": 27.2, "wind_chill": 12.0, "severity": 0, "alert_level": "none"}]}}, {"type": "Feature", "geometry": {"type": "Polygon", "coordinates": [[[-6.123076923076923, 31.87837837837838], [-5.876923076923077, 31.87837837837838], [-5.876923076923077, 32.12162162162162], [-6.123076923076923, 32.12162162162162], [-6.123076923076923, 31.87837837837838]]]}, "properties": {"row": 16, "col": 44, "lat": 32.0, "lon": -6.0, "alert_level": "none", "severity": 0, "forecasts": [{"day": 0, "date": "2026-06-25", "heat_index": 23.1, "wind_chill": 9.3, "severity": 0, "alert_level": "none"}, {"day": 1, "date": "2026-06-26", "heat_index": 23.7, "wind_chill": 9.6, "severity": 0, "alert_level": "none"}, {"day": 2, "date": "2026-06-27", "heat_index": 24.0, "wind_chill": 9.8, "severity": 0, "alert_level": "none"}, {"day": 3, "date": "2026-06-28", "heat_index": 24.1, "wind_chill": 10.0, "severity": 0, "alert_level": "none"}, {"day": 4, "date": "2026-06-29", "heat_index": 24.2, "wind_chill": 10.2, "severity": 0, "alert_level": "none"}, {"day": 5, "date": "2026-06-30", "heat_index": 24.5, "wind_chill": 10.4, "severity": 0, "alert_level": "none"}, {"day": 6, "date": "2026-07-01", "heat_index": 24.9, "wind_chill": 10.7, "severity": 0, "alert_level": "none"}]}}, {"type": "Feature", "geometry": {"type": "Polygon", "coordinates": [[[-5.873076923076923, 31.87837837837838], [-5.626923076923077, 31.87837837837838], [-5.626923076923077, 32.12162162162162], [-5.873076923076923, 32.12162162162162], [-5.873076923076923, 31.87837837837838]]]}, "properties": {"row": 16, "col": 45, "lat": 32.0, "lon": -5.75, "alert_level": "none", "severity": 0, "forecasts": [{"day": 0, "date": "2026-06-25", "heat_index": 22.1, "wind_chill": 8.9, "severity": 0, "alert_level": "none"}, {"day": 1, "date": "2026-06-26", "heat_index": 22.7, "wind_chill": 9.4, "severity": 0, "alert_level": "none"}, {"day": 2, "date": "2026-06-27", "heat_index": 23.0, "wind_chill": 9.6, "severity": 0, "alert_level": "none"}, {"day": 3, "date": "2026-06-28", "heat_index": 23.0, "wind_chill": 9.8, "severity": 0, "alert_level": "none"}, {"day": 4, "date": "2026-06-29", "heat_index": 23.1, "wind_chill": 9.9, "severity": 0, "alert_level": "none"}, {"day": 5, "date": "2026-06-30", "heat_index": 23.3, "wind_chill": 10.1, "severity": 0, "alert_level": "none"}, {"day": 6, "date": "2026-07-01", "heat_index": 23.6, "wind_chill": 10.4, "severity": 0, "alert_level": "none"}]}}, {"type": "Feature", "geometry": {"type": "Polygon", "coordinates": [[[-5.623076923076923, 31.87837837837838], [-5.376923076923077, 31.87837837837838], [-5.376923076923077, 32.12162162162162], [-5.623076923076923, 32.12162162162162], [-5.623076923076923, 31.87837837837838]]]}, "properties": {"row": 16, "col": 46, "lat": 32.0, "lon": -5.5, "alert_level": "none", "severity": 0, "forecasts": [{"day": 0, "date": "2026-06-25", "heat_index": 23.4, "wind_chill": 10.7, "severity": 0, "alert_level": "none"}, {"day": 1, "date": "2026-06-26", "heat_index": 23.9, "wind_chill": 11.1, "severity": 0, "alert_level": "none"}, {"day": 2, "date": "2026-06-27", "heat_index": 24.2, "wind_chill": 11.3, "severity": 0, "alert_level": "none"}, {"day": 3, "date": "2026-06-28", "heat_index": 24.3, "wind_chill": 11.5, "severity": 0, "alert_level": "none"}, {"day": 4, "date": "2026-06-29", "heat_index": 24.3, "wind_chill": 11.6, "severity": 0, "alert_level": "none"}, {"day": 5, "date": "2026-06-30", "heat_index": 24.4, "wind_chill": 11.8, "severity": 0, "alert_level": "none"}, {"day": 6, "date": "2026-07-01", "heat_index": 24.7, "wind_chill": 12.0, "severity": 0, "alert_level": "none"}]}}, {"type": "Feature", "geometry": {"type": "Polygon", "coordinates": [[[-5.373076923076923, 31.87837837837838], [-5.126923076923077, 31.87837837837838], [-5.126923076923077, 32.12162162162162], [-5.373076923076923, 32.12162162162162], [-5.373076923076923, 31.87837837837838]]]}, "properties": {"row": 16, "col": 47, "lat": 32.0, "lon": -5.25, "alert_level": "none", "severity": 0, "forecasts": [{"day": 0, "date": "2026-06-25", "heat_index": 27.0, "wind_chill": 14.0, "severity": 0, "alert_level": "none"}, {"day": 1, "date": "2026-06-26", "heat_index": 27.3, "wind_chill": 14.3, "severity": 0, "alert_level": "none"}, {"day": 2, "date": "2026-06-27", "heat_index": 27.4, "wind_chill": 14.5, "severity": 0, "alert_level": "none"}, {"day": 3, "date": "2026-06-28", "heat_index": 27.6, "wind_chill": 14.7, "severity": 0, "alert_level": "none"}, {"day": 4, "date": "2026-06-29", "heat_index": 27.5, "wind_chill": 14.7, "severity": 0, "alert_level": "none"}, {"day": 5, "date": "2026-06-30", "heat_index": 27.6, "wind_chill": 14.8, "severity": 0, "alert_level": "none"}, {"day": 6, "date": "2026-07-01", "heat_index": 27.8, "wind_chill": 15.0, "severity": 0, "alert_level": "none"}]}}, {"type": "Feature", "geometry": {"type": "Polygon", "coordinates": [[[-5.123076923076923, 31.87837837837838], [-4.876923076923077, 31.87837837837838], [-4.876923076923077, 32.12162162162162], [-5.123076923076923, 32.12162162162162], [-5.123076923076923, 31.87837837837838]]]}, "properties": {"row": 16, "col": 48, "lat": 32.0, "lon": -5.0, "alert_level": "none", "severity": 0, "forecasts": [{"day": 0, "date": "2026-06-25", "heat_index": 30.8, "wind_chill": 17.2, "severity": 0, "alert_level": "none"}, {"day": 1, "date": "2026-06-26", "heat_index": 30.9, "wind_chill": 17.4, "severity": 0, "alert_level": "none"}, {"day": 2, "date": "2026-06-27", "heat_index": 31.0, "wind_chill": 17.6, "severity": 0, "alert_level": "none"}, {"day": 3, "date": "2026-06-28", "heat_index": 31.1, "wind_chill": 17.7, "severity": 0, "alert_level": "none"}, {"day": 4, "date": "2026-06-29", "heat_index": 31.0, "wind_chill": 17.7, "severity": 0, "alert_level": "none"}, {"day": 5, "date": "2026-06-30", "heat_index": 31.1, "wind_chill": 17.8, "severity": 0, "alert_level": "none"}, {"day": 6, "date": "2026-07-01", "heat_index": 31.3, "wind_chill": 17.9, "severity": 0, "alert_level": "none"}]}}, {"type": "Feature", "geometry": {"type": "Polygon", "coordinates": [[[-4.873076923076923, 31.87837837837838], [-4.626923076923077, 31.87837837837838], [-4.626923076923077, 32.12162162162162], [-4.873076923076923, 32.12162162162162], [-4.873076923076923, 31.87837837837838]]]}, "properties": {"row": 16, "col": 49, "lat": 32.0, "lon": -4.75, "alert_level": "yellow", "severity": 1.2, "forecasts": [{"day": 0, "date": "2026-06-25", "heat_index": 32.6, "wind_chill": 18.6, "severity": 0.6, "alert_level": "yellow"}, {"day": 1, "date": "2026-06-26", "heat_index": 32.6, "wind_chill": 18.7, "severity": 0.6, "alert_level": "yellow"}, {"day": 2, "date": "2026-06-27", "heat_index": 32.8, "wind_chill": 18.9, "severity": 0.8, "alert_level": "yellow"}, {"day": 3, "date": "2026-06-28", "heat_index": 33.0, "wind_chill": 19.0, "severity": 1.0, "alert_level": "yellow"}, {"day": 4, "date": "2026-06-29", "heat_index": 33.0, "wind_chill": 19.0, "severity": 1.0, "alert_level": "yellow"}, {"day": 5, "date": "2026-06-30", "heat_index": 33.1, "wind_chill": 19.1, "severity": 1.1, "alert_level": "yellow"}, {"day": 6, "date": "2026-07-01", "heat_index": 33.2, "wind_chill": 19.2, "severity": 1.2, "alert_level": "yellow"}]}}, {"type": "Feature", "geometry": {"type": "Polygon", "coordinates": [[[-4.623076923076923, 31.87837837837838], [-4.376923076923077, 31.87837837837838], [-4.376923076923077, 32.12162162162162], [-4.623076923076923, 32.12162162162162], [-4.623076923076923, 31.87837837837838]]]}, "properties": {"row": 16, "col": 50, "lat": 32.0, "lon": -4.5, "alert_level": "yellow", "severity": 1.6, "forecasts": [{"day": 0, "date": "2026-06-25", "heat_index": 32.8, "wind_chill": 18.7, "severity": 0.8, "alert_level": "yellow"}, {"day": 1, "date": "2026-06-26", "heat_index": 32.9, "wind_chill": 18.6, "severity": 0.9, "alert_level": "yellow"}, {"day": 2, "date": "2026-06-27", "heat_index": 33.1, "wind_chill": 18.7, "severity": 1.1, "alert_level": "yellow"}, {"day": 3, "date": "2026-06-28", "heat_index": 33.3, "wind_chill": 18.9, "severity": 1.3, "alert_level": "yellow"}, {"day": 4, "date": "2026-06-29", "heat_index": 33.3, "wind_chill": 18.9, "severity": 1.3, "alert_level": "yellow"}, {"day": 5, "date": "2026-06-30", "heat_index": 33.5, "wind_chill": 19.0, "severity": 1.5, "alert_level": "yellow"}, {"day": 6, "date": "2026-07-01", "heat_index": 33.6, "wind_chill": 19.1, "severity": 1.6, "alert_level": "yellow"}]}}, {"type": "Feature", "geometry": {"type": "Polygon", "coordinates": [[[-4.373076923076923, 31.87837837837838], [-4.126923076923077, 31.87837837837838], [-4.126923076923077, 32.12162162162162], [-4.373076923076923, 32.12162162162162], [-4.373076923076923, 31.87837837837838]]]}, "properties": {"row": 16, "col": 51, "lat": 32.0, "lon": -4.25, "alert_level": "orange", "severity": 2.1, "forecasts": [{"day": 0, "date": "2026-06-25", "heat_index": 33.7, "wind_chill": 19.1, "severity": 1.7, "alert_level": "yellow"}, {"day": 1, "date": "2026-06-26", "heat_index": 33.5, "wind_chill": 18.9, "severity": 1.5, "alert_level": "yellow"}, {"day": 2, "date": "2026-06-27", "heat_index": 33.6, "wind_chill": 19.0, "severity": 1.6, "alert_level": "yellow"}, {"day": 3, "date": "2026-06-28", "heat_index": 33.8, "wind_chill": 19.1, "severity": 1.8, "alert_level": "yellow"}, {"day": 4, "date": "2026-06-29", "heat_index": 33.8, "wind_chill": 19.1, "severity": 1.8, "alert_level": "yellow"}, {"day": 5, "date": "2026-06-30", "heat_index": 33.9, "wind_chill": 19.2, "severity": 1.9, "alert_level": "yellow"}, {"day": 6, "date": "2026-07-01", "heat_index": 34.1, "wind_chill": 19.3, "severity": 2.1, "alert_level": "orange"}]}}, {"type": "Feature", "geometry": {"type": "Polygon", "coordinates": [[[-4.123076923076923, 31.87837837837838], [-3.876923076923077, 31.87837837837838], [-3.876923076923077, 32.12162162162162], [-4.123076923076923, 32.12162162162162], [-4.123076923076923, 31.87837837837838]]]}, "properties": {"row": 16, "col": 52, "lat": 32.0, "lon": -4.0, "alert_level": "orange", "severity": 2.8, "forecasts": [{"day": 0, "date": "2026-06-25", "heat_index": 34.5, "wind_chill": 19.7, "severity": 2.5, "alert_level": "orange"}, {"day": 1, "date": "2026-06-26", "heat_index": 34.3, "wind_chill": 19.4, "severity": 2.3, "alert_level": "orange"}, {"day": 2, "date": "2026-06-27", "heat_index": 34.3, "wind_chill": 19.6, "severity": 2.3, "alert_level": "orange"}, {"day": 3, "date": "2026-06-28", "heat_index": 34.5, "wind_chill": 19.7, "severity": 2.5, "alert_level": "orange"}, {"day": 4, "date": "2026-06-29", "heat_index": 34.4, "wind_chill": 19.7, "severity": 2.4, "alert_level": "orange"}, {"day": 5, "date": "2026-06-30", "heat_index": 34.6, "wind_chill": 19.8, "severity": 2.6, "alert_level": "orange"}, {"day": 6, "date": "2026-07-01", "heat_index": 34.8, "wind_chill": 19.9, "severity": 2.8, "alert_level": "orange"}]}}, {"type": "Feature", "geometry": {"type": "Polygon", "coordinates": [[[-3.873076923076923, 31.87837837837838], [-3.626923076923077, 31.87837837837838], [-3.626923076923077, 32.12162162162162], [-3.873076923076923, 32.12162162162162], [-3.873076923076923, 31.87837837837838]]]}, "properties": {"row": 16, "col": 53, "lat": 32.0, "lon": -3.75, "alert_level": "orange", "severity": 3.2, "forecasts": [{"day": 0, "date": "2026-06-25", "heat_index": 34.9, "wind_chill": 20.0, "severity": 2.9, "alert_level": "orange"}, {"day": 1, "date": "2026-06-26", "heat_index": 34.6, "wind_chill": 19.7, "severity": 2.6, "alert_level": "orange"}, {"day": 2, "date": "2026-06-27", "heat_index": 34.7, "wind_chill": 19.9, "severity": 2.7, "alert_level": "orange"}, {"day": 3, "date": "2026-06-28", "heat_index": 34.9, "wind_chill": 20.0, "severity": 2.9, "alert_level": "orange"}, {"day": 4, "date": "2026-06-29", "heat_index": 34.8, "wind_chill": 20.0, "severity": 2.8, "alert_level": "orange"}, {"day": 5, "date": "2026-06-30", "heat_index": 35.0, "wind_chill": 20.1, "severity": 3.0, "alert_level": "orange"}, {"day": 6, "date": "2026-07-01", "heat_index": 35.2, "wind_chill": 20.2, "severity": 3.2, "alert_level": "orange"}]}}, {"type": "Feature", "geometry": {"type": "Polygon", "coordinates": [[[-3.623076923076923, 31.87837837837838], [-3.376923076923077, 31.87837837837838], [-3.376923076923077, 32.12162162162162], [-3.623076923076923, 32.12162162162162], [-3.623076923076923, 31.87837837837838]]]}, "properties": {"row": 16, "col": 54, "lat": 32.0, "lon": -3.5, "alert_level": "orange", "severity": 3.6, "forecasts": [{"day": 0, "date": "2026-06-25", "heat_index": 35.4, "wind_chill": 20.1, "severity": 3.4, "alert_level": "orange"}, {"day": 1, "date": "2026-06-26", "heat_index": 35.0, "wind_chill": 19.8, "severity": 3.0, "alert_level": "orange"}, {"day": 2, "date": "2026-06-27", "heat_index": 35.1, "wind_chill": 20.1, "severity": 3.1, "alert_level": "orange"}, {"day": 3, "date": "2026-06-28", "heat_index": 35.3, "wind_chill": 20.2, "severity": 3.3, "alert_level": "orange"}, {"day": 4, "date": "2026-06-29", "heat_index": 35.3, "wind_chill": 20.2, "severity": 3.3, "alert_level": "orange"}, {"day": 5, "date": "2026-06-30", "heat_index": 35.4, "wind_chill": 20.3, "severity": 3.4, "alert_level": "orange"}, {"day": 6, "date": "2026-07-01", "heat_index": 35.6, "wind_chill": 20.5, "severity": 3.6, "alert_level": "orange"}]}}, {"type": "Feature", "geometry": {"type": "Polygon", "coordinates": [[[-3.373076923076923, 31.87837837837838], [-3.126923076923077, 31.87837837837838], [-3.126923076923077, 32.12162162162162], [-3.373076923076923, 32.12162162162162], [-3.373076923076923, 31.87837837837838]]]}, "properties": {"row": 16, "col": 55, "lat": 32.0, "lon": -3.25, "alert_level": "orange", "severity": 4.8, "forecasts": [{"day": 0, "date": "2026-06-25", "heat_index": 36.8, "wind_chill": 20.6, "severity": 4.8, "alert_level": "orange"}, {"day": 1, "date": "2026-06-26", "heat_index": 36.3, "wind_chill": 20.5, "severity": 4.3, "alert_level": "orange"}, {"day": 2, "date": "2026-06-27", "heat_index": 36.2, "wind_chill": 20.7, "severity": 4.2, "alert_level": "orange"}, {"day": 3, "date": "2026-06-28", "heat_index": 36.3, "wind_chill": 20.8, "severity": 4.3, "alert_level": "orange"}, {"day": 4, "date": "2026-06-29", "heat_index": 36.3, "wind_chill": 20.8, "severity": 4.3, "alert_level": "orange"}, {"day": 5, "date": "2026-06-30", "heat_index": 36.4, "wind_chill": 20.9, "severity": 4.4, "alert_level": "orange"}, {"day": 6, "date": "2026-07-01", "heat_index": 36.6, "wind_chill": 21.1, "severity": 4.6, "alert_level": "orange"}]}}, {"type": "Feature", "geometry": {"type": "Polygon", "coordinates": [[[-3.123076923076923, 31.87837837837838], [-2.876923076923077, 31.87837837837838], [-2.876923076923077, 32.12162162162162], [-3.123076923076923, 32.12162162162162], [-3.123076923076923, 31.87837837837838]]]}, "properties": {"row": 16, "col": 56, "lat": 32.0, "lon": -3.0, "alert_level": "red", "severity": 6.3, "forecasts": [{"day": 0, "date": "2026-06-25", "heat_index": 38.3, "wind_chill": 21.1, "severity": 6.3, "alert_level": "red"}, {"day": 1, "date": "2026-06-26", "heat_index": 37.5, "wind_chill": 21.1, "severity": 5.5, "alert_level": "red"}, {"day": 2, "date": "2026-06-27", "heat_index": 37.3, "wind_chill": 21.2, "severity": 5.3, "alert_level": "red"}, {"day": 3, "date": "2026-06-28", "heat_index": 37.2, "wind_chill": 21.3, "severity": 5.2, "alert_level": "red"}, {"day": 4, "date": "2026-06-29", "heat_index": 37.1, "wind_chill": 21.2, "severity": 5.1, "alert_level": "red"}, {"day": 5, "date": "2026-06-30", "heat_index": 37.3, "wind_chill": 21.3, "severity": 5.3, "alert_level": "red"}, {"day": 6, "date": "2026-07-01", "heat_index": 37.4, "wind_chill": 21.5, "severity": 5.4, "alert_level": "red"}]}}, {"type": "Feature", "geometry": {"type": "Polygon", "coordinates": [[[-9.623076923076923, 31.62837837837838], [-9.376923076923077, 31.62837837837838], [-9.376923076923077, 31.87162162162162], [-9.623076923076923, 31.87162162162162], [-9.623076923076923, 31.62837837837838]]]}, "properties": {"row": 17, "col": 30, "lat": 31.75, "lon": -9.5, "alert_level": "yellow", "severity": 1.1, "forecasts": [{"day": 0, "date": "2026-06-25", "heat_index": 22.2, "wind_chill": 3.9, "severity": 1.1, "alert_level": "yellow"}, {"day": 1, "date": "2026-06-26", "heat_index": 22.8, "wind_chill": 5.3, "severity": 0, "alert_level": "none"}, {"day": 2, "date": "2026-06-27", "heat_index": 24.0, "wind_chill": 7.6, "severity": 0, "alert_level": "none"}, {"day": 3, "date": "2026-06-28", "heat_index": 24.7, "wind_chill": 9.5, "severity": 0, "alert_level": "none"}, {"day": 4, "date": "2026-06-29", "heat_index": 25.1, "wind_chill": 11.3, "severity": 0, "alert_level": "none"}, {"day": 5, "date": "2026-06-30", "heat_index": 25.4, "wind_chill": 12.9, "severity": 0, "alert_level": "none"}, {"day": 6, "date": "2026-07-01", "heat_index": 25.5, "wind_chill": 14.2, "severity": 0, "alert_level": "none"}]}}, {"type": "Feature", "geometry": {"type": "Polygon", "coordinates": [[[-9.373076923076923, 31.62837837837838], [-9.126923076923077, 31.62837837837838], [-9.126923076923077, 31.87162162162162], [-9.373076923076923, 31.87162162162162], [-9.373076923076923, 31.62837837837838]]]}, "properties": {"row": 17, "col": 31, "lat": 31.75, "lon": -9.25, "alert_level": "none", "severity": 0, "forecasts": [{"day": 0, "date": "2026-06-25", "heat_index": 24.3, "wind_chill": 15.8, "severity": 0, "alert_level": "none"}, {"day": 1, "date": "2026-06-26", "heat_index": 24.1, "wind_chill": 15.3, "severity": 0, "alert_level": "none"}, {"day": 2, "date": "2026-06-27", "heat_index": 25.4, "wind_chill": 16.3, "severity": 0, "alert_level": "none"}, {"day": 3, "date": "2026-06-28", "heat_index": 26.0, "wind_chill": 16.8, "severity": 0, "alert_level": "none"}, {"day": 4, "date": "2026-06-29", "heat_index": 26.4, "wind_chill": 16.9, "severity": 0, "alert_level": "none"}, {"day": 5, "date": "2026-06-30", "heat_index": 26.6, "wind_chill": 17.1, "severity": 0, "alert_level": "none"}, {"day": 6, "date": "2026-07-01", "heat_index": 26.8, "wind_chill": 17.2, "severity": 0, "alert_level": "none"}]}}, {"type": "Feature", "geometry": {"type": "Polygon", "coordinates": [[[-9.123076923076923, 31.62837837837838], [-8.876923076923077, 31.62837837837838], [-8.876923076923077, 31.87162162162162], [-9.123076923076923, 31.87162162162162], [-9.123076923076923, 31.62837837837838]]]}, "properties": {"row": 17, "col": 32, "lat": 31.75, "lon": -9.0, "alert_level": "none", "severity": 0, "forecasts": [{"day": 0, "date": "2026-06-25", "heat_index": 24.4, "wind_chill": 13.6, "severity": 0, "alert_level": "none"}, {"day": 1, "date": "2026-06-26", "heat_index": 25.4, "wind_chill": 14.9, "severity": 0, "alert_level": "none"}, {"day": 2, "date": "2026-06-27", "heat_index": 26.3, "wind_chill": 16.0, "severity": 0, "alert_level": "none"}, {"day": 3, "date": "2026-06-28", "heat_index": 26.8, "wind_chill": 16.6, "severity": 0, "alert_level": "none"}, {"day": 4, "date": "2026-06-29", "heat_index": 27.3, "wind_chill": 16.8, "severity": 0, "alert_level": "none"}, {"day": 5, "date": "2026-06-30", "heat_index": 27.8, "wind_chill": 17.0, "severity": 0, "alert_level": "none"}, {"day": 6, "date": "2026-07-01", "heat_index": 28.1, "wind_chill": 17.3, "severity": 0, "alert_level": "none"}]}}, {"type": "Feature", "geometry": {"type": "Polygon", "coordinates": [[[-8.873076923076923, 31.62837837837838], [-8.626923076923077, 31.62837837837838], [-8.626923076923077, 31.87162162162162], [-8.873076923076923, 31.87162162162162], [-8.873076923076923, 31.62837837837838]]]}, "properties": {"row": 17, "col": 33, "lat": 31.75, "lon": -8.75, "alert_level": "none", "severity": 0, "forecasts": [{"day": 0, "date": "2026-06-25", "heat_index": 26.9, "wind_chill": 15.8, "severity": 0, "alert_level": "none"}, {"day": 1, "date": "2026-06-26", "heat_index": 27.3, "wind_chill": 16.0, "severity": 0, "alert_level": "none"}, {"day": 2, "date": "2026-06-27", "heat_index": 28.0, "wind_chill": 17.0, "severity": 0, "alert_level": "none"}, {"day": 3, "date": "2026-06-28", "heat_index": 28.5, "wind_chill": 17.6, "severity": 0, "alert_level": "none"}, {"day": 4, "date": "2026-06-29", "heat_index": 28.9, "wind_chill": 17.8, "severity": 0, "alert_level": "none"}, {"day": 5, "date": "2026-06-30", "heat_index": 29.4, "wind_chill": 18.1, "severity": 0, "alert_level": "none"}, {"day": 6, "date": "2026-07-01", "heat_index": 29.8, "wind_chill": 18.3, "severity": 0, "alert_level": "none"}]}}, {"type": "Feature", "geometry": {"type": "Polygon", "coordinates": [[[-8.623076923076923, 31.62837837837838], [-8.376923076923077, 31.62837837837838], [-8.376923076923077, 31.87162162162162], [-8.623076923076923, 31.87162162162162], [-8.623076923076923, 31.62837837837838]]]}, "properties": {"row": 17, "col": 34, "lat": 31.75, "lon": -8.5, "alert_level": "none", "severity": 0, "forecasts": [{"day": 0, "date": "2026-06-25", "heat_index": 27.5, "wind_chill": 15.5, "severity": 0, "alert_level": "none"}, {"day": 1, "date": "2026-06-26", "heat_index": 27.9, "wind_chill": 15.7, "severity": 0, "alert_level": "none"}, {"day": 2, "date": "2026-06-27", "heat_index": 28.5, "wind_chill": 16.5, "severity": 0, "alert_level": "none"}, {"day": 3, "date": "2026-06-28", "heat_index": 28.9, "wind_chill": 17.1, "severity": 0, "alert_level": "none"}, {"day": 4, "date": "2026-06-29", "heat_index": 29.3, "wind_chill": 17.4, "severity": 0, "alert_level": "none"}, {"day": 5, "date": "2026-06-30", "heat_index": 29.9, "wind_chill": 17.7, "severity": 0, "alert_level": "none"}, {"day": 6, "date": "2026-07-01", "heat_index": 30.3, "wind_chill": 18.0, "severity": 0, "alert_level": "none"}]}}, {"type": "Feature", "geometry": {"type": "Polygon", "coordinates": [[[-8.373076923076923, 31.62837837837838], [-8.126923076923077, 31.62837837837838], [-8.126923076923077, 31.87162162162162], [-8.373076923076923, 31.87162162162162], [-8.373076923076923, 31.62837837837838]]]}, "properties": {"row": 17, "col": 35, "lat": 31.75, "lon": -8.25, "alert_level": "none", "severity": 0, "forecasts": [{"day": 0, "date": "2026-06-25", "heat_index": 28.9, "wind_chill": 15.6, "severity": 0, "alert_level": "none"}, {"day": 1, "date": "2026-06-26", "heat_index": 29.1, "wind_chill": 15.5, "severity": 0, "alert_level": "none"}, {"day": 2, "date": "2026-06-27", "heat_index": 29.6, "wind_chill": 16.2, "severity": 0, "alert_level": "none"}, {"day": 3, "date": "2026-06-28", "heat_index": 29.9, "wind_chill": 16.7, "severity": 0, "alert_level": "none"}, {"day": 4, "date": "2026-06-29", "heat_index": 30.1, "wind_chill": 16.9, "severity": 0, "alert_level": "none"}, {"day": 5, "date": "2026-06-30", "heat_index": 30.6, "wind_chill": 17.1, "severity": 0, "alert_level": "none"}, {"day": 6, "date": "2026-07-01", "heat_index": 31.1, "wind_chill": 17.4, "severity": 0, "alert_level": "none"}]}}, {"type": "Feature", "geometry": {"type": "Polygon", "coordinates": [[[-8.123076923076923, 31.62837837837838], [-7.876923076923077, 31.62837837837838], [-7.876923076923077, 31.87162162162162], [-8.123076923076923, 31.87162162162162], [-8.123076923076923, 31.62837837837838]]]}, "properties": {"row": 17, "col": 36, "lat": 31.75, "lon": -8.0, "alert_level": "yellow", "severity": 0.1, "forecasts": [{"day": 0, "date": "2026-06-25", "heat_index": 29.3, "wind_chill": 15.4, "severity": 0, "alert_level": "none"}, {"day": 1, "date": "2026-06-26", "heat_index": 30.1, "wind_chill": 15.5, "severity": 0, "alert_level": "none"}, {"day": 2, "date": "2026-06-27", "heat_index": 30.7, "wind_chill": 16.3, "severity": 0, "alert_level": "none"}, {"day": 3, "date": "2026-06-28", "heat_index": 31.0, "wind_chill": 16.9, "severity": 0, "alert_level": "none"}, {"day": 4, "date": "2026-06-29", "heat_index": 31.1, "wind_chill": 17.0, "severity": 0, "alert_level": "none"}, {"day": 5, "date": "2026-06-30", "heat_index": 31.6, "wind_chill": 17.3, "severity": 0, "alert_level": "none"}, {"day": 6, "date": "2026-07-01", "heat_index": 32.1, "wind_chill": 17.6, "severity": 0.1, "alert_level": "yellow"}]}}, {"type": "Feature", "geometry": {"type": "Polygon", "coordinates": [[[-7.873076923076923, 31.62837837837838], [-7.626923076923077, 31.62837837837838], [-7.626923076923077, 31.87162162162162], [-7.873076923076923, 31.87162162162162], [-7.873076923076923, 31.62837837837838]]]}, "properties": {"row": 17, "col": 37, "lat": 31.75, "lon": -7.75, "alert_level": "yellow", "severity": 0.7, "forecasts": [{"day": 0, "date": "2026-06-25", "heat_index": 29.3, "wind_chill": 15.0, "severity": 0, "alert_level": "none"}, {"day": 1, "date": "2026-06-26", "heat_index": 30.6, "wind_chill": 15.5, "severity": 0, "alert_level": "none"}, {"day": 2, "date": "2026-06-27", "heat_index": 31.3, "wind_chill": 16.3, "severity": 0, "alert_level": "none"}, {"day": 3, "date": "2026-06-28", "heat_index": 31.7, "wind_chill": 16.8, "severity": 0, "alert_level": "none"}, {"day": 4, "date": "2026-06-29", "heat_index": 31.8, "wind_chill": 17.0, "severity": 0, "alert_level": "none"}, {"day": 5, "date": "2026-06-30", "heat_index": 32.3, "wind_chill": 17.3, "severity": 0.3, "alert_level": "yellow"}, {"day": 6, "date": "2026-07-01", "heat_index": 32.7, "wind_chill": 17.6, "severity": 0.7, "alert_level": "yellow"}]}}, {"type": "Feature", "geometry": {"type": "Polygon", "coordinates": [[[-7.623076923076923, 31.62837837837838], [-7.376923076923077, 31.62837837837838], [-7.376923076923077, 31.87162162162162], [-7.623076923076923, 31.87162162162162], [-7.623076923076923, 31.62837837837838]]]}, "properties": {"row": 17, "col": 38, "lat": 31.75, "lon": -7.5, "alert_level": "yellow", "severity": 0.9, "forecasts": [{"day": 0, "date": "2026-06-25", "heat_index": 29.5, "wind_chill": 14.9, "severity": 0, "alert_level": "none"}, {"day": 1, "date": "2026-06-26", "heat_index": 30.8, "wind_chill": 15.2, "severity": 0, "alert_level": "none"}, {"day": 2, "date": "2026-06-27", "heat_index": 31.5, "wind_chill": 16.0, "severity": 0, "alert_level": "none"}, {"day": 3, "date": "2026-06-28", "heat_index": 31.9, "wind_chill": 16.5, "severity": 0, "alert_level": "none"}, {"day": 4, "date": "2026-06-29", "heat_index": 32.0, "wind_chill": 16.6, "severity": 0, "alert_level": "none"}, {"day": 5, "date": "2026-06-30", "heat_index": 32.4, "wind_chill": 17.0, "severity": 0.4, "alert_level": "yellow"}, {"day": 6, "date": "2026-07-01", "heat_index": 32.9, "wind_chill": 17.3, "severity": 0.9, "alert_level": "yellow"}]}}, {"type": "Feature", "geometry": {"type": "Polygon", "coordinates": [[[-7.373076923076923, 31.62837837837838], [-7.126923076923077, 31.62837837837838], [-7.126923076923077, 31.87162162162162], [-7.373076923076923, 31.87162162162162], [-7.373076923076923, 31.62837837837838]]]}, "properties": {"row": 17, "col": 39, "lat": 31.75, "lon": -7.25, "alert_level": "yellow", "severity": 0.6, "forecasts": [{"day": 0, "date": "2026-06-25", "heat_index": 29.3, "wind_chill": 14.6, "severity": 0, "alert_level": "none"}, {"day": 1, "date": "2026-06-26", "heat_index": 30.5, "wind_chill": 14.7, "severity": 0, "alert_level": "none"}, {"day": 2, "date": "2026-06-27", "heat_index": 31.3, "wind_chill": 15.5, "severity": 0, "alert_level": "none"}, {"day": 3, "date": "2026-06-28", "heat_index": 31.6, "wind_chill": 16.0, "severity": 0, "alert_level": "none"}, {"day": 4, "date": "2026-06-29", "heat_index": 31.8, "wind_chill": 16.1, "severity": 0, "alert_level": "none"}, {"day": 5, "date": "2026-06-30", "heat_index": 32.2, "wind_chill": 16.4, "severity": 0.2, "alert_level": "yellow"}, {"day": 6, "date": "2026-07-01", "heat_index": 32.6, "wind_chill": 16.7, "severity": 0.6, "alert_level": "yellow"}]}}, {"type": "Feature", "geometry": {"type": "Polygon", "coordinates": [[[-7.123076923076923, 31.62837837837838], [-6.876923076923077, 31.62837837837838], [-6.876923076923077, 31.87162162162162], [-7.123076923076923, 31.87162162162162], [-7.123076923076923, 31.62837837837838]]]}, "properties": {"row": 17, "col": 40, "lat": 31.75, "lon": -7.0, "alert_level": "none", "severity": 0, "forecasts": [{"day": 0, "date": "2026-06-25", "heat_index": 28.1, "wind_chill": 13.6, "severity": 0, "alert_level": "none"}, {"day": 1, "date": "2026-06-26", "heat_index": 29.3, "wind_chill": 13.7, "severity": 0, "alert_level": "none"}, {"day": 2, "date": "2026-06-27", "heat_index": 30.2, "wind_chill": 14.4, "severity": 0, "alert_level": "none"}, {"day": 3, "date": "2026-06-28", "heat_index": 30.6, "wind_chill": 14.9, "severity": 0, "alert_level": "none"}, {"day": 4, "date": "2026-06-29", "heat_index": 30.7, "wind_chill": 15.0, "severity": 0, "alert_level": "none"}, {"day": 5, "date": "2026-06-30", "heat_index": 31.1, "wind_chill": 15.3, "severity": 0, "alert_level": "none"}, {"day": 6, "date": "2026-07-01", "heat_index": 31.6, "wind_chill": 15.6, "severity": 0, "alert_level": "none"}]}}, {"type": "Feature", "geometry": {"type": "Polygon", "coordinates": [[[-6.873076923076923, 31.62837837837838], [-6.626923076923077, 31.62837837837838], [-6.626923076923077, 31.87162162162162], [-6.873076923076923, 31.87162162162162], [-6.873076923076923, 31.62837837837838]]]}, "properties": {"row": 17, "col": 41, "lat": 31.75, "lon": -6.75, "alert_level": "none", "severity": 0, "forecasts": [{"day": 0, "date": "2026-06-25", "heat_index": 25.9, "wind_chill": 12.0, "severity": 0, "alert_level": "none"}, {"day": 1, "date": "2026-06-26", "heat_index": 27.0, "wind_chill": 11.9, "severity": 0, "alert_level": "none"}, {"day": 2, "date": "2026-06-27", "heat_index": 27.9, "wind_chill": 12.5, "severity": 0, "alert_level": "none"}, {"day": 3, "date": "2026-06-28", "heat_index": 28.2, "wind_chill": 12.9, "severity": 0, "alert_level": "none"}, {"day": 4, "date": "2026-06-29", "heat_index": 28.4, "wind_chill": 13.0, "severity": 0, "alert_level": "none"}, {"day": 5, "date": "2026-06-30", "heat_index": 28.8, "wind_chill": 13.3, "severity": 0, "alert_level": "none"}, {"day": 6, "date": "2026-07-01", "heat_index": 29.3, "wind_chill": 13.6, "severity": 0, "alert_level": "none"}]}}, {"type": "Feature", "geometry": {"type": "Polygon", "coordinates": [[[-6.623076923076923, 31.62837837837838], [-6.376923076923077, 31.62837837837838], [-6.376923076923077, 31.87162162162162], [-6.623076923076923, 31.87162162162162], [-6.623076923076923, 31.62837837837838]]]}, "properties": {"row": 17, "col": 42, "lat": 31.75, "lon": -6.5, "alert_level": "none", "severity": 0, "forecasts": [{"day": 0, "date": "2026-06-25", "heat_index": 23.4, "wind_chill": 10.0, "severity": 0, "alert_level": "none"}, {"day": 1, "date": "2026-06-26", "heat_index": 24.3, "wind_chill": 10.1, "severity": 0, "alert_level": "none"}, {"day": 2, "date": "2026-06-27", "heat_index": 25.1, "wind_chill": 10.4, "severity": 0, "alert_level": "none"}, {"day": 3, "date": "2026-06-28", "heat_index": 25.4, "wind_chill": 10.8, "severity": 0, "alert_level": "none"}, {"day": 4, "date": "2026-06-29", "heat_index": 25.6, "wind_chill": 11.0, "severity": 0, "alert_level": "none"}, {"day": 5, "date": "2026-06-30", "heat_index": 26.0, "wind_chill": 11.2, "severity": 0, "alert_level": "none"}, {"day": 6, "date": "2026-07-01", "heat_index": 26.4, "wind_chill": 11.6, "severity": 0, "alert_level": "none"}]}}, {"type": "Feature", "geometry": {"type": "Polygon", "coordinates": [[[-6.373076923076923, 31.62837837837838], [-6.126923076923077, 31.62837837837838], [-6.126923076923077, 31.87162162162162], [-6.373076923076923, 31.87162162162162], [-6.373076923076923, 31.62837837837838]]]}, "properties": {"row": 17, "col": 43, "lat": 31.75, "lon": -6.25, "alert_level": "none", "severity": 0, "forecasts": [{"day": 0, "date": "2026-06-25", "heat_index": 22.0, "wind_chill": 9.1, "severity": 0, "alert_level": "none"}, {"day": 1, "date": "2026-06-26", "heat_index": 22.8, "wind_chill": 9.2, "severity": 0, "alert_level": "none"}, {"day": 2, "date": "2026-06-27", "heat_index": 23.4, "wind_chill": 9.5, "severity": 0, "alert_level": "none"}, {"day": 3, "date": "2026-06-28", "heat_index": 23.7, "wind_chill": 9.9, "severity": 0, "alert_level": "none"}, {"day": 4, "date": "2026-06-29", "heat_index": 23.8, "wind_chill": 10.1, "severity": 0, "alert_level": "none"}, {"day": 5, "date": "2026-06-30", "heat_index": 24.2, "wind_chill": 10.3, "severity": 0, "alert_level": "none"}, {"day": 6, "date": "2026-07-01", "heat_index": 24.6, "wind_chill": 10.6, "severity": 0, "alert_level": "none"}]}}, {"type": "Feature", "geometry": {"type": "Polygon", "coordinates": [[[-6.123076923076923, 31.62837837837838], [-5.876923076923077, 31.62837837837838], [-5.876923076923077, 31.87162162162162], [-6.123076923076923, 31.87162162162162], [-6.123076923076923, 31.62837837837838]]]}, "properties": {"row": 17, "col": 44, "lat": 31.75, "lon": -6.0, "alert_level": "none", "severity": 0, "forecasts": [{"day": 0, "date": "2026-06-25", "heat_index": 22.7, "wind_chill": 10.0, "severity": 0, "alert_level": "none"}, {"day": 1, "date": "2026-06-26", "heat_index": 23.4, "wind_chill": 10.3, "severity": 0, "alert_level": "none"}, {"day": 2, "date": "2026-06-27", "heat_index": 23.8, "wind_chill": 10.6, "severity": 0, "alert_level": "none"}, {"day": 3, "date": "2026-06-28", "heat_index": 24.0, "wind_chill": 11.0, "severity": 0, "alert_level": "none"}, {"day": 4, "date": "2026-06-29", "heat_index": 24.0, "wind_chill": 11.1, "severity": 0, "alert_level": "none"}, {"day": 5, "date": "2026-06-30", "heat_index": 24.3, "wind_chill": 11.3, "severity": 0, "alert_level": "none"}, {"day": 6, "date": "2026-07-01", "heat_index": 24.6, "wind_chill": 11.6, "severity": 0, "alert_level": "none"}]}}, {"type": "Feature", "geometry": {"type": "Polygon", "coordinates": [[[-5.873076923076923, 31.62837837837838], [-5.626923076923077, 31.62837837837838], [-5.626923076923077, 31.87162162162162], [-5.873076923076923, 31.87162162162162], [-5.873076923076923, 31.62837837837838]]]}, "properties": {"row": 17, "col": 45, "lat": 31.75, "lon": -5.75, "alert_level": "none", "severity": 0, "forecasts": [{"day": 0, "date": "2026-06-25", "heat_index": 24.4, "wind_chill": 11.8, "severity": 0, "alert_level": "none"}, {"day": 1, "date": "2026-06-26", "heat_index": 24.8, "wind_chill": 12.0, "severity": 0, "alert_level": "none"}, {"day": 2, "date": "2026-06-27", "heat_index": 25.1, "wind_chill": 12.4, "severity": 0, "alert_level": "none"}, {"day": 3, "date": "2026-06-28", "heat_index": 25.3, "wind_chill": 12.7, "severity": 0, "alert_level": "none"}, {"day": 4, "date": "2026-06-29", "heat_index": 25.3, "wind_chill": 12.8, "severity": 0, "alert_level": "none"}, {"day": 5, "date": "2026-06-30", "heat_index": 25.5, "wind_chill": 13.0, "severity": 0, "alert_level": "none"}, {"day": 6, "date": "2026-07-01", "heat_index": 25.8, "wind_chill": 13.2, "severity": 0, "alert_level": "none"}]}}, {"type": "Feature", "geometry": {"type": "Polygon", "coordinates": [[[-5.623076923076923, 31.62837837837838], [-5.376923076923077, 31.62837837837838], [-5.376923076923077, 31.87162162162162], [-5.623076923076923, 31.87162162162162], [-5.623076923076923, 31.62837837837838]]]}, "properties": {"row": 17, "col": 46, "lat": 31.75, "lon": -5.5, "alert_level": "none", "severity": 0, "forecasts": [{"day": 0, "date": "2026-06-25", "heat_index": 27.4, "wind_chill": 14.6, "severity": 0, "alert_level": "none"}, {"day": 1, "date": "2026-06-26", "heat_index": 27.6, "wind_chill": 14.6, "severity": 0, "alert_level": "none"}, {"day": 2, "date": "2026-06-27", "heat_index": 27.8, "wind_chill": 14.9, "severity": 0, "alert_level": "none"}, {"day": 3, "date": "2026-06-28", "heat_index": 28.0, "wind_chill": 15.2, "severity": 0, "alert_level": "none"}, {"day": 4, "date": "2026-06-29", "heat_index": 28.0, "wind_chill": 15.2, "severity": 0, "alert_level": "none"}, {"day": 5, "date": "2026-06-30", "heat_index": 28.1, "wind_chill": 15.4, "severity": 0, "alert_level": "none"}, {"day": 6, "date": "2026-07-01", "heat_index": 28.3, "wind_chill": 15.5, "severity": 0, "alert_level": "none"}]}}, {"type": "Feature", "geometry": {"type": "Polygon", "coordinates": [[[-5.373076923076923, 31.62837837837838], [-5.126923076923077, 31.62837837837838], [-5.126923076923077, 31.87162162162162], [-5.373076923076923, 31.87162162162162], [-5.373076923076923, 31.62837837837838]]]}, "properties": {"row": 17, "col": 47, "lat": 31.75, "lon": -5.25, "alert_level": "none", "severity": 0, "forecasts": [{"day": 0, "date": "2026-06-25", "heat_index": 31.1, "wind_chill": 17.6, "severity": 0, "alert_level": "none"}, {"day": 1, "date": "2026-06-26", "heat_index": 31.1, "wind_chill": 17.5, "severity": 0, "alert_level": "none"}, {"day": 2, "date": "2026-06-27", "heat_index": 31.3, "wind_chill": 17.8, "severity": 0, "alert_level": "none"}, {"day": 3, "date": "2026-06-28", "heat_index": 31.5, "wind_chill": 18.0, "severity": 0, "alert_level": "none"}, {"day": 4, "date": "2026-06-29", "heat_index": 31.5, "wind_chill": 18.0, "severity": 0, "alert_level": "none"}, {"day": 5, "date": "2026-06-30", "heat_index": 31.6, "wind_chill": 18.1, "severity": 0, "alert_level": "none"}, {"day": 6, "date": "2026-07-01", "heat_index": 31.8, "wind_chill": 18.2, "severity": 0, "alert_level": "none"}]}}, {"type": "Feature", "geometry": {"type": "Polygon", "coordinates": [[[-5.123076923076923, 31.62837837837838], [-4.876923076923077, 31.62837837837838], [-4.876923076923077, 31.87162162162162], [-5.123076923076923, 31.87162162162162], [-5.123076923076923, 31.62837837837838]]]}, "properties": {"row": 17, "col": 48, "lat": 31.75, "lon": -5.0, "alert_level": "orange", "severity": 2.4, "forecasts": [{"day": 0, "date": "2026-06-25", "heat_index": 33.7, "wind_chill": 19.4, "severity": 1.7, "alert_level": "yellow"}, {"day": 1, "date": "2026-06-26", "heat_index": 33.5, "wind_chill": 19.3, "severity": 1.5, "alert_level": "yellow"}, {"day": 2, "date": "2026-06-27", "heat_index": 33.8, "wind_chill": 19.7, "severity": 1.8, "alert_level": "yellow"}, {"day": 3, "date": "2026-06-28", "heat_index": 34.1, "wind_chill": 19.8, "severity": 2.1, "alert_level": "orange"}, {"day": 4, "date": "2026-06-29", "heat_index": 34.1, "wind_chill": 19.8, "severity": 2.1, "alert_level": "orange"}, {"day": 5, "date": "2026-06-30", "heat_index": 34.2, "wind_chill": 19.8, "severity": 2.2, "alert_level": "orange"}, {"day": 6, "date": "2026-07-01", "heat_index": 34.4, "wind_chill": 19.9, "severity": 2.4, "alert_level": "orange"}]}}, {"type": "Feature", "geometry": {"type": "Polygon", "coordinates": [[[-4.873076923076923, 31.62837837837838], [-4.626923076923077, 31.62837837837838], [-4.626923076923077, 31.87162162162162], [-4.873076923076923, 31.87162162162162], [-4.873076923076923, 31.62837837837838]]]}, "properties": {"row": 17, "col": 49, "lat": 31.75, "lon": -4.75, "alert_level": "orange", "severity": 3.3, "forecasts": [{"day": 0, "date": "2026-06-25", "heat_index": 34.4, "wind_chill": 19.6, "severity": 2.4, "alert_level": "orange"}, {"day": 1, "date": "2026-06-26", "heat_index": 34.2, "wind_chill": 19.5, "severity": 2.2, "alert_level": "orange"}, {"day": 2, "date": "2026-06-27", "heat_index": 34.6, "wind_chill": 19.9, "severity": 2.6, "alert_level": "orange"}, {"day": 3, "date": "2026-06-28", "heat_index": 34.9, "wind_chill": 20.0, "severity": 2.9, "alert_level": "orange"}, {"day": 4, "date": "2026-06-29", "heat_index": 35.0, "wind_chill": 20.1, "severity": 3.0, "alert_level": "orange"}, {"day": 5, "date": "2026-06-30", "heat_index": 35.2, "wind_chill": 20.1, "severity": 3.2, "alert_level": "orange"}, {"day": 6, "date": "2026-07-01", "heat_index": 35.3, "wind_chill": 20.2, "severity": 3.3, "alert_level": "orange"}]}}, {"type": "Feature", "geometry": {"type": "Polygon", "coordinates": [[[-4.623076923076923, 31.62837837837838], [-4.376923076923077, 31.62837837837838], [-4.376923076923077, 31.87162162162162], [-4.623076923076923, 31.87162162162162], [-4.623076923076923, 31.62837837837838]]]}, "properties": {"row": 17, "col": 50, "lat": 31.75, "lon": -4.5, "alert_level": "orange", "severity": 3.5, "forecasts": [{"day": 0, "date": "2026-06-25", "heat_index": 34.7, "wind_chill": 19.4, "severity": 2.7, "alert_level": "orange"}, {"day": 1, "date": "2026-06-26", "heat_index": 34.4, "wind_chill": 19.3, "severity": 2.4, "alert_level": "orange"}, {"day": 2, "date": "2026-06-27", "heat_index": 34.8, "wind_chill": 19.6, "severity": 2.8, "alert_level": "orange"}, {"day": 3, "date": "2026-06-28", "heat_index": 35.1, "wind_chill": 19.8, "severity": 3.1, "alert_level": "orange"}, {"day": 4, "date": "2026-06-29", "heat_index": 35.2, "wind_chill": 19.9, "severity": 3.2, "alert_level": "orange"}, {"day": 5, "date": "2026-06-30", "heat_index": 35.4, "wind_chill": 20.0, "severity": 3.4, "alert_level": "orange"}, {"day": 6, "date": "2026-07-01", "heat_index": 35.5, "wind_chill": 20.1, "severity": 3.5, "alert_level": "orange"}]}}, {"type": "Feature", "geometry": {"type": "Polygon", "coordinates": [[[-4.373076923076923, 31.62837837837838], [-4.126923076923077, 31.62837837837838], [-4.126923076923077, 31.87162162162162], [-4.373076923076923, 31.87162162162162], [-4.373076923076923, 31.62837837837838]]]}, "properties": {"row": 17, "col": 51, "lat": 31.75, "lon": -4.25, "alert_level": "orange", "severity": 3.9, "forecasts": [{"day": 0, "date": "2026-06-25", "heat_index": 35.3, "wind_chill": 19.7, "severity": 3.3, "alert_level": "orange"}, {"day": 1, "date": "2026-06-26", "heat_index": 34.9, "wind_chill": 19.6, "severity": 2.9, "alert_level": "orange"}, {"day": 2, "date": "2026-06-27", "heat_index": 35.2, "wind_chill": 19.8, "severity": 3.2, "alert_level": "orange"}, {"day": 3, "date": "2026-06-28", "heat_index": 35.4, "wind_chill": 20.0, "severity": 3.4, "alert_level": "orange"}, {"day": 4, "date": "2026-06-29", "heat_index": 35.5, "wind_chill": 20.0, "severity": 3.5, "alert_level": "orange"}, {"day": 5, "date": "2026-06-30", "heat_index": 35.7, "wind_chill": 20.1, "severity": 3.7, "alert_level": "orange"}, {"day": 6, "date": "2026-07-01", "heat_index": 35.9, "wind_chill": 20.2, "severity": 3.9, "alert_level": "orange"}]}}, {"type": "Feature", "geometry": {"type": "Polygon", "coordinates": [[[-4.123076923076923, 31.62837837837838], [-3.876923076923077, 31.62837837837838], [-3.876923076923077, 31.87162162162162], [-4.123076923076923, 31.87162162162162], [-4.123076923076923, 31.62837837837838]]]}, "properties": {"row": 17, "col": 52, "lat": 31.75, "lon": -4.0, "alert_level": "orange", "severity": 4.0, "forecasts": [{"day": 0, "date": "2026-06-25", "heat_index": 35.7, "wind_chill": 20.0, "severity": 3.7, "alert_level": "orange"}, {"day": 1, "date": "2026-06-26", "heat_index": 35.3, "wind_chill": 19.8, "severity": 3.3, "alert_level": "orange"}, {"day": 2, "date": "2026-06-27", "heat_index": 35.5, "wind_chill": 20.1, "severity": 3.5, "alert_level": "orange"}, {"day": 3, "date": "2026-06-28", "heat_index": 35.6, "wind_chill": 20.2, "severity": 3.6, "alert_level": "orange"}, {"day": 4, "date": "2026-06-29", "heat_index": 35.6, "wind_chill": 20.2, "severity": 3.6, "alert_level": "orange"}, {"day": 5, "date": "2026-06-30", "heat_index": 35.8, "wind_chill": 20.3, "severity": 3.8, "alert_level": "orange"}, {"day": 6, "date": "2026-07-01", "heat_index": 36.0, "wind_chill": 20.4, "severity": 4.0, "alert_level": "orange"}]}}, {"type": "Feature", "geometry": {"type": "Polygon", "coordinates": [[[-3.873076923076923, 31.62837837837838], [-3.626923076923077, 31.62837837837838], [-3.626923076923077, 31.87162162162162], [-3.873076923076923, 31.87162162162162], [-3.873076923076923, 31.62837837837838]]]}, "properties": {"row": 17, "col": 53, "lat": 31.75, "lon": -3.75, "alert_level": "orange", "severity": 3.7, "forecasts": [{"day": 0, "date": "2026-06-25", "heat_index": 35.5, "wind_chill": 19.7, "severity": 3.5, "alert_level": "orange"}, {"day": 1, "date": "2026-06-26", "heat_index": 35.1, "wind_chill": 19.6, "severity": 3.1, "alert_level": "orange"}, {"day": 2, "date": "2026-06-27", "heat_index": 35.2, "wind_chill": 19.8, "severity": 3.2, "alert_level": "orange"}, {"day": 3, "date": "2026-06-28", "heat_index": 35.4, "wind_chill": 20.0, "severity": 3.4, "alert_level": "orange"}, {"day": 4, "date": "2026-06-29", "heat_index": 35.3, "wind_chill": 19.9, "severity": 3.3, "alert_level": "orange"}, {"day": 5, "date": "2026-06-30", "heat_index": 35.5, "wind_chill": 20.1, "severity": 3.5, "alert_level": "orange"}, {"day": 6, "date": "2026-07-01", "heat_index": 35.7, "wind_chill": 20.2, "severity": 3.7, "alert_level": "orange"}]}}, {"type": "Feature", "geometry": {"type": "Polygon", "coordinates": [[[-3.623076923076923, 31.62837837837838], [-3.376923076923077, 31.62837837837838], [-3.376923076923077, 31.87162162162162], [-3.623076923076923, 31.87162162162162], [-3.623076923076923, 31.62837837837838]]]}, "properties": {"row": 17, "col": 54, "lat": 31.75, "lon": -3.5, "alert_level": "orange", "severity": 4.3, "forecasts": [{"day": 0, "date": "2026-06-25", "heat_index": 36.3, "wind_chill": 19.9, "severity": 4.3, "alert_level": "orange"}, {"day": 1, "date": "2026-06-26", "heat_index": 35.7, "wind_chill": 19.8, "severity": 3.7, "alert_level": "orange"}, {"day": 2, "date": "2026-06-27", "heat_index": 35.7, "wind_chill": 20.0, "severity": 3.7, "alert_level": "orange"}, {"day": 3, "date": "2026-06-28", "heat_index": 35.7, "wind_chill": 20.1, "severity": 3.7, "alert_level": "orange"}, {"day": 4, "date": "2026-06-29", "heat_index": 35.7, "wind_chill": 20.0, "severity": 3.7, "alert_level": "orange"}, {"day": 5, "date": "2026-06-30", "heat_index": 35.9, "wind_chill": 20.2, "severity": 3.9, "alert_level": "orange"}, {"day": 6, "date": "2026-07-01", "heat_index": 36.0, "wind_chill": 20.3, "severity": 4.0, "alert_level": "orange"}]}}, {"type": "Feature", "geometry": {"type": "Polygon", "coordinates": [[[-3.373076923076923, 31.62837837837838], [-3.126923076923077, 31.62837837837838], [-3.126923076923077, 31.87162162162162], [-3.373076923076923, 31.87162162162162], [-3.373076923076923, 31.62837837837838]]]}, "properties": {"row": 17, "col": 55, "lat": 31.75, "lon": -3.25, "alert_level": "red", "severity": 6.3, "forecasts": [{"day": 0, "date": "2026-06-25", "heat_index": 38.3, "wind_chill": 21.0, "severity": 6.3, "alert_level": "red"}, {"day": 1, "date": "2026-06-26", "heat_index": 37.4, "wind_chill": 21.0, "severity": 5.4, "alert_level": "red"}, {"day": 2, "date": "2026-06-27", "heat_index": 37.2, "wind_chill": 21.0, "severity": 5.2, "alert_level": "red"}, {"day": 3, "date": "2026-06-28", "heat_index": 37.1, "wind_chill": 21.0, "severity": 5.1, "alert_level": "red"}, {"day": 4, "date": "2026-06-29", "heat_index": 37.0, "wind_chill": 21.0, "severity": 5.0, "alert_level": "red"}, {"day": 5, "date": "2026-06-30", "heat_index": 37.2, "wind_chill": 21.1, "severity": 5.2, "alert_level": "red"}, {"day": 6, "date": "2026-07-01", "heat_index": 37.3, "wind_chill": 21.2, "severity": 5.3, "alert_level": "red"}]}}, {"type": "Feature", "geometry": {"type": "Polygon", "coordinates": [[[-9.623076923076923, 31.37837837837838], [-9.376923076923077, 31.37837837837838], [-9.376923076923077, 31.62162162162162], [-9.623076923076923, 31.62162162162162], [-9.623076923076923, 31.37837837837838]]]}, "properties": {"row": 18, "col": 30, "lat": 31.5, "lon": -9.5, "alert_level": "red", "severity": 8.4, "forecasts": [{"day": 0, "date": "2026-06-25", "heat_index": 9.8, "wind_chill": 1.1, "severity": 3.9, "alert_level": "orange"}, {"day": 1, "date": "2026-06-26", "heat_index": 7.4, "wind_chill": -3.2, "severity": 8.2, "alert_level": "red"}, {"day": 2, "date": "2026-06-27", "heat_index": 8.2, "wind_chill": -3.1, "severity": 8.1, "alert_level": "red"}, {"day": 3, "date": "2026-06-28", "heat_index": 9.4, "wind_chill": -3.4, "severity": 8.4, "alert_level": "red"}, {"day": 4, "date": "2026-06-29", "heat_index": 10.4, "wind_chill": -3.1, "severity": 8.1, "alert_level": "red"}, {"day": 5, "date": "2026-06-30", "heat_index": 11.4, "wind_chill": -2.3, "severity": 7.3, "alert_level": "red"}, {"day": 6, "date": "2026-07-01", "heat_index": 12.3, "wind_chill": -1.3, "severity": 6.3, "alert_level": "red"}]}}, {"type": "Feature", "geometry": {"type": "Polygon", "coordinates": [[[-9.373076923076923, 31.37837837837838], [-9.126923076923077, 31.37837837837838], [-9.126923076923077, 31.62162162162162], [-9.373076923076923, 31.62162162162162], [-9.373076923076923, 31.37837837837838]]]}, "properties": {"row": 18, "col": 31, "lat": 31.5, "lon": -9.25, "alert_level": "none", "severity": 0, "forecasts": [{"day": 0, "date": "2026-06-25", "heat_index": 26.2, "wind_chill": 16.1, "severity": 0, "alert_level": "none"}, {"day": 1, "date": "2026-06-26", "heat_index": 25.5, "wind_chill": 16.6, "severity": 0, "alert_level": "none"}, {"day": 2, "date": "2026-06-27", "heat_index": 26.6, "wind_chill": 18.0, "severity": 0, "alert_level": "none"}, {"day": 3, "date": "2026-06-28", "heat_index": 27.1, "wind_chill": 18.4, "severity": 0, "alert_level": "none"}, {"day": 4, "date": "2026-06-29", "heat_index": 27.3, "wind_chill": 18.4, "severity": 0, "alert_level": "none"}, {"day": 5, "date": "2026-06-30", "heat_index": 27.5, "wind_chill": 18.4, "severity": 0, "alert_level": "none"}, {"day": 6, "date": "2026-07-01", "heat_index": 27.6, "wind_chill": 18.4, "severity": 0, "alert_level": "none"}]}}, {"type": "Feature", "geometry": {"type": "Polygon", "coordinates": [[[-9.123076923076923, 31.37837837837838], [-8.876923076923077, 31.37837837837838], [-8.876923076923077, 31.62162162162162], [-9.123076923076923, 31.62162162162162], [-9.123076923076923, 31.37837837837838]]]}, "properties": {"row": 18, "col": 32, "lat": 31.5, "lon": -9.0, "alert_level": "none", "severity": 0, "forecasts": [{"day": 0, "date": "2026-06-25", "heat_index": 25.5, "wind_chill": 14.7, "severity": 0, "alert_level": "none"}, {"day": 1, "date": "2026-06-26", "heat_index": 26.2, "wind_chill": 15.2, "severity": 0, "alert_level": "none"}, {"day": 2, "date": "2026-06-27", "heat_index": 26.8, "wind_chill": 15.9, "severity": 0, "alert_level": "none"}, {"day": 3, "date": "2026-06-28", "heat_index": 27.4, "wind_chill": 16.5, "severity": 0, "alert_level": "none"}, {"day": 4, "date": "2026-06-29", "heat_index": 27.8, "wind_chill": 16.8, "severity": 0, "alert_level": "none"}, {"day": 5, "date": "2026-06-30", "heat_index": 28.4, "wind_chill": 17.0, "severity": 0, "alert_level": "none"}, {"day": 6, "date": "2026-07-01", "heat_index": 28.8, "wind_chill": 17.3, "severity": 0, "alert_level": "none"}]}}, {"type": "Feature", "geometry": {"type": "Polygon", "coordinates": [[[-8.873076923076923, 31.37837837837838], [-8.626923076923077, 31.37837837837838], [-8.626923076923077, 31.62162162162162], [-8.873076923076923, 31.62162162162162], [-8.873076923076923, 31.37837837837838]]]}, "properties": {"row": 18, "col": 33, "lat": 31.5, "lon": -8.75, "alert_level": "none", "severity": 0, "forecasts": [{"day": 0, "date": "2026-06-25", "heat_index": 27.1, "wind_chill": 15.7, "severity": 0, "alert_level": "none"}, {"day": 1, "date": "2026-06-26", "heat_index": 28.2, "wind_chill": 16.2, "severity": 0, "alert_level": "none"}, {"day": 2, "date": "2026-06-27", "heat_index": 28.9, "wind_chill": 16.8, "severity": 0, "alert_level": "none"}, {"day": 3, "date": "2026-06-28", "heat_index": 29.4, "wind_chill": 17.5, "severity": 0, "alert_level": "none"}, {"day": 4, "date": "2026-06-29", "heat_index": 29.7, "wind_chill": 17.7, "severity": 0, "alert_level": "none"}, {"day": 5, "date": "2026-06-30", "heat_index": 30.2, "wind_chill": 17.9, "severity": 0, "alert_level": "none"}, {"day": 6, "date": "2026-07-01", "heat_index": 30.6, "wind_chill": 18.1, "severity": 0, "alert_level": "none"}]}}, {"type": "Feature", "geometry": {"type": "Polygon", "coordinates": [[[-8.623076923076923, 31.37837837837838], [-8.376923076923077, 31.37837837837838], [-8.376923076923077, 31.62162162162162], [-8.623076923076923, 31.62162162162162], [-8.623076923076923, 31.37837837837838]]]}, "properties": {"row": 18, "col": 34, "lat": 31.5, "lon": -8.5, "alert_level": "none", "severity": 0, "forecasts": [{"day": 0, "date": "2026-06-25", "heat_index": 28.2, "wind_chill": 15.4, "severity": 0, "alert_level": "none"}, {"day": 1, "date": "2026-06-26", "heat_index": 29.0, "wind_chill": 15.8, "severity": 0, "alert_level": "none"}, {"day": 2, "date": "2026-06-27", "heat_index": 29.6, "wind_chill": 16.4, "severity": 0, "alert_level": "none"}, {"day": 3, "date": "2026-06-28", "heat_index": 30.0, "wind_chill": 16.9, "severity": 0, "alert_level": "none"}, {"day": 4, "date": "2026-06-29", "heat_index": 30.3, "wind_chill": 17.1, "severity": 0, "alert_level": "none"}, {"day": 5, "date": "2026-06-30", "heat_index": 30.8, "wind_chill": 17.4, "severity": 0, "alert_level": "none"}, {"day": 6, "date": "2026-07-01", "heat_index": 31.2, "wind_chill": 17.7, "severity": 0, "alert_level": "none"}]}}, {"type": "Feature", "geometry": {"type": "Polygon", "coordinates": [[[-8.373076923076923, 31.37837837837838], [-8.126923076923077, 31.37837837837838], [-8.126923076923077, 31.62162162162162], [-8.373076923076923, 31.62162162162162], [-8.373076923076923, 31.37837837837838]]]}, "properties": {"row": 18, "col": 35, "lat": 31.5, "lon": -8.25, "alert_level": "none", "severity": 0, "forecasts": [{"day": 0, "date": "2026-06-25", "heat_index": 28.8, "wind_chill": 14.8, "severity": 0, "alert_level": "none"}, {"day": 1, "date": "2026-06-26", "heat_index": 29.7, "wind_chill": 15.3, "severity": 0, "alert_level": "none"}, {"day": 2, "date": "2026-06-27", "heat_index": 30.4, "wind_chill": 16.0, "severity": 0, "alert_level": "none"}, {"day": 3, "date": "2026-06-28", "heat_index": 30.8, "wind_chill": 16.5, "severity": 0, "alert_level": "none"}, {"day": 4, "date": "2026-06-29", "heat_index": 31.0, "wind_chill": 16.6, "severity": 0, "alert_level": "none"}, {"day": 5, "date": "2026-06-30", "heat_index": 31.4, "wind_chill": 16.9, "severity": 0, "alert_level": "none"}, {"day": 6, "date": "2026-07-01", "heat_index": 31.9, "wind_chill": 17.2, "severity": 0, "alert_level": "none"}]}}, {"type": "Feature", "geometry": {"type": "Polygon", "coordinates": [[[-8.123076923076923, 31.37837837837838], [-7.876923076923077, 31.37837837837838], [-7.876923076923077, 31.62162162162162], [-8.123076923076923, 31.62162162162162], [-8.123076923076923, 31.37837837837838]]]}, "properties": {"row": 18, "col": 36, "lat": 31.5, "lon": -8.0, "alert_level": "none", "severity": 0, "forecasts": [{"day": 0, "date": "2026-06-25", "heat_index": 28.5, "wind_chill": 14.2, "severity": 0, "alert_level": "none"}, {"day": 1, "date": "2026-06-26", "heat_index": 29.7, "wind_chill": 14.7, "severity": 0, "alert_level": "none"}, {"day": 2, "date": "2026-06-27", "heat_index": 30.5, "wind_chill": 15.3, "severity": 0, "alert_level": "none"}, {"day": 3, "date": "2026-06-28", "heat_index": 30.9, "wind_chill": 15.8, "severity": 0, "alert_level": "none"}, {"day": 4, "date": "2026-06-29", "heat_index": 31.0, "wind_chill": 15.9, "severity": 0, "alert_level": "none"}, {"day": 5, "date": "2026-06-30", "heat_index": 31.5, "wind_chill": 16.2, "severity": 0, "alert_level": "none"}, {"day": 6, "date": "2026-07-01", "heat_index": 31.9, "wind_chill": 16.5, "severity": 0, "alert_level": "none"}]}}, {"type": "Feature", "geometry": {"type": "Polygon", "coordinates": [[[-7.873076923076923, 31.37837837837838], [-7.626923076923077, 31.37837837837838], [-7.626923076923077, 31.62162162162162], [-7.873076923076923, 31.62162162162162], [-7.873076923076923, 31.37837837837838]]]}, "properties": {"row": 18, "col": 37, "lat": 31.5, "lon": -7.75, "alert_level": "none", "severity": 0, "forecasts": [{"day": 0, "date": "2026-06-25", "heat_index": 27.5, "wind_chill": 13.4, "severity": 0, "alert_level": "none"}, {"day": 1, "date": "2026-06-26", "heat_index": 28.8, "wind_chill": 13.7, "severity": 0, "alert_level": "none"}, {"day": 2, "date": "2026-06-27", "heat_index": 29.7, "wind_chill": 14.2, "severity": 0, "alert_level": "none"}, {"day": 3, "date": "2026-06-28", "heat_index": 30.2, "wind_chill": 14.6, "severity": 0, "alert_level": "none"}, {"day": 4, "date": "2026-06-29", "heat_index": 30.3, "wind_chill": 14.8, "severity": 0, "alert_level": "none"}, {"day": 5, "date": "2026-06-30", "heat_index": 30.8, "wind_chill": 15.1, "severity": 0, "alert_level": "none"}, {"day": 6, "date": "2026-07-01", "heat_index": 31.2, "wind_chill": 15.4, "severity": 0, "alert_level": "none"}]}}, {"type": "Feature", "geometry": {"type": "Polygon", "coordinates": [[[-7.623076923076923, 31.37837837837838], [-7.376923076923077, 31.37837837837838], [-7.376923076923077, 31.62162162162162], [-7.623076923076923, 31.62162162162162], [-7.623076923076923, 31.37837837837838]]]}, "properties": {"row": 18, "col": 38, "lat": 31.5, "lon": -7.5, "alert_level": "none", "severity": 0, "forecasts": [{"day": 0, "date": "2026-06-25", "heat_index": 26.8, "wind_chill": 12.7, "severity": 0, "alert_level": "none"}, {"day": 1, "date": "2026-06-26", "heat_index": 28.0, "wind_chill": 12.7, "severity": 0, "alert_level": "none"}, {"day": 2, "date": "2026-06-27", "heat_index": 29.0, "wind_chill": 13.2, "severity": 0, "alert_level": "none"}, {"day": 3, "date": "2026-06-28", "heat_index": 29.5, "wind_chill": 13.6, "severity": 0, "alert_level": "none"}, {"day": 4, "date": "2026-06-29", "heat_index": 29.6, "wind_chill": 13.7, "severity": 0, "alert_level": "none"}, {"day": 5, "date": "2026-06-30", "heat_index": 30.0, "wind_chill": 14.0, "severity": 0, "alert_level": "none"}, {"day": 6, "date": "2026-07-01", "heat_index": 30.5, "wind_chill": 14.3, "severity": 0, "alert_level": "none"}]}}, {"type": "Feature", "geometry": {"type": "Polygon", "coordinates": [[[-7.373076923076923, 31.37837837837838], [-7.126923076923077, 31.37837837837838], [-7.126923076923077, 31.62162162162162], [-7.373076923076923, 31.62162162162162], [-7.373076923076923, 31.37837837837838]]]}, "properties": {"row": 18, "col": 39, "lat": 31.5, "lon": -7.25, "alert_level": "none", "severity": 0, "forecasts": [{"day": 0, "date": "2026-06-25", "heat_index": 26.2, "wind_chill": 12.0, "severity": 0, "alert_level": "none"}, {"day": 1, "date": "2026-06-26", "heat_index": 27.3, "wind_chill": 12.1, "severity": 0, "alert_level": "none"}, {"day": 2, "date": "2026-06-27", "heat_index": 28.4, "wind_chill": 12.6, "severity": 0, "alert_level": "none"}, {"day": 3, "date": "2026-06-28", "heat_index": 28.9, "wind_chill": 13.0, "severity": 0, "alert_level": "none"}, {"day": 4, "date": "2026-06-29", "heat_index": 29.1, "wind_chill": 13.1, "severity": 0, "alert_level": "none"}, {"day": 5, "date": "2026-06-30", "heat_index": 29.5, "wind_chill": 13.4, "severity": 0, "alert_level": "none"}, {"day": 6, "date": "2026-07-01", "heat_index": 29.9, "wind_chill": 13.7, "severity": 0, "alert_level": "none"}]}}, {"type": "Feature", "geometry": {"type": "Polygon", "coordinates": [[[-7.123076923076923, 31.37837837837838], [-6.876923076923077, 31.37837837837838], [-6.876923076923077, 31.62162162162162], [-7.123076923076923, 31.62162162162162], [-7.123076923076923, 31.37837837837838]]]}, "properties": {"row": 18, "col": 40, "lat": 31.5, "lon": -7.0, "alert_level": "none", "severity": 0, "forecasts": [{"day": 0, "date": "2026-06-25", "heat_index": 25.1, "wind_chill": 11.1, "severity": 0, "alert_level": "none"}, {"day": 1, "date": "2026-06-26", "heat_index": 26.1, "wind_chill": 11.4, "severity": 0, "alert_level": "none"}, {"day": 2, "date": "2026-06-27", "heat_index": 27.3, "wind_chill": 11.9, "severity": 0, "alert_level": "none"}, {"day": 3, "date": "2026-06-28", "heat_index": 27.8, "wind_chill": 12.3, "severity": 0, "alert_level": "none"}, {"day": 4, "date": "2026-06-29", "heat_index": 28.0, "wind_chill": 12.4, "severity": 0, "alert_level": "none"}, {"day": 5, "date": "2026-06-30", "heat_index": 28.4, "wind_chill": 12.7, "severity": 0, "alert_level": "none"}, {"day": 6, "date": "2026-07-01", "heat_index": 28.8, "wind_chill": 13.0, "severity": 0, "alert_level": "none"}]}}, {"type": "Feature", "geometry": {"type": "Polygon", "coordinates": [[[-6.873076923076923, 31.37837837837838], [-6.626923076923077, 31.37837837837838], [-6.626923076923077, 31.62162162162162], [-6.873076923076923, 31.62162162162162], [-6.873076923076923, 31.37837837837838]]]}, "properties": {"row": 18, "col": 41, "lat": 31.5, "lon": -6.75, "alert_level": "none", "severity": 0, "forecasts": [{"day": 0, "date": "2026-06-25", "heat_index": 23.6, "wind_chill": 9.8, "severity": 0, "alert_level": "none"}, {"day": 1, "date": "2026-06-26", "heat_index": 24.4, "wind_chill": 10.3, "severity": 0, "alert_level": "none"}, {"day": 2, "date": "2026-06-27", "heat_index": 25.5, "wind_chill": 10.7, "severity": 0, "alert_level": "none"}, {"day": 3, "date": "2026-06-28", "heat_index": 26.0, "wind_chill": 11.2, "severity": 0, "alert_level": "none"}, {"day": 4, "date": "2026-06-29", "heat_index": 26.2, "wind_chill": 11.3, "severity": 0, "alert_level": "none"}, {"day": 5, "date": "2026-06-30", "heat_index": 26.6, "wind_chill": 11.6, "severity": 0, "alert_level": "none"}, {"day": 6, "date": "2026-07-01", "heat_index": 27.0, "wind_chill": 11.9, "severity": 0, "alert_level": "none"}]}}, {"type": "Feature", "geometry": {"type": "Polygon", "coordinates": [[[-6.623076923076923, 31.37837837837838], [-6.376923076923077, 31.37837837837838], [-6.376923076923077, 31.62162162162162], [-6.623076923076923, 31.62162162162162], [-6.623076923076923, 31.37837837837838]]]}, "properties": {"row": 18, "col": 42, "lat": 31.5, "lon": -6.5, "alert_level": "none", "severity": 0, "forecasts": [{"day": 0, "date": "2026-06-25", "heat_index": 23.3, "wind_chill": 9.6, "severity": 0, "alert_level": "none"}, {"day": 1, "date": "2026-06-26", "heat_index": 24.0, "wind_chill": 10.1, "severity": 0, "alert_level": "none"}, {"day": 2, "date": "2026-06-27", "heat_index": 24.7, "wind_chill": 10.5, "severity": 0, "alert_level": "none"}, {"day": 3, "date": "2026-06-28", "heat_index": 25.2, "wind_chill": 11.0, "severity": 0, "alert_level": "none"}, {"day": 4, "date": "2026-06-29", "heat_index": 25.3, "wind_chill": 11.2, "severity": 0, "alert_level": "none"}, {"day": 5, "date": "2026-06-30", "heat_index": 25.7, "wind_chill": 11.5, "severity": 0, "alert_level": "none"}, {"day": 6, "date": "2026-07-01", "heat_index": 26.1, "wind_chill": 11.8, "severity": 0, "alert_level": "none"}]}}, {"type": "Feature", "geometry": {"type": "Polygon", "coordinates": [[[-6.373076923076923, 31.37837837837838], [-6.126923076923077, 31.37837837837838], [-6.126923076923077, 31.62162162162162], [-6.373076923076923, 31.62162162162162], [-6.373076923076923, 31.37837837837838]]]}, "properties": {"row": 18, "col": 43, "lat": 31.5, "lon": -6.25, "alert_level": "none", "severity": 0, "forecasts": [{"day": 0, "date": "2026-06-25", "heat_index": 24.6, "wind_chill": 11.1, "severity": 0, "alert_level": "none"}, {"day": 1, "date": "2026-06-26", "heat_index": 25.2, "wind_chill": 11.4, "severity": 0, "alert_level": "none"}, {"day": 2, "date": "2026-06-27", "heat_index": 25.6, "wind_chill": 11.9, "severity": 0, "alert_level": "none"}, {"day": 3, "date": "2026-06-28", "heat_index": 25.9, "wind_chill": 12.4, "severity": 0, "alert_level": "none"}, {"day": 4, "date": "2026-06-29", "heat_index": 26.0, "wind_chill": 12.6, "severity": 0, "alert_level": "none"}, {"day": 5, "date": "2026-06-30", "heat_index": 26.3, "wind_chill": 12.8, "severity": 0, "alert_level": "none"}, {"day": 6, "date": "2026-07-01", "heat_index": 26.6, "wind_chill": 13.1, "severity": 0, "alert_level": "none"}]}}, {"type": "Feature", "geometry": {"type": "Polygon", "coordinates": [[[-6.123076923076923, 31.37837837837838], [-5.876923076923077, 31.37837837837838], [-5.876923076923077, 31.62162162162162], [-6.123076923076923, 31.62162162162162], [-6.123076923076923, 31.37837837837838]]]}, "properties": {"row": 18, "col": 44, "lat": 31.5, "lon": -6.0, "alert_level": "none", "severity": 0, "forecasts": [{"day": 0, "date": "2026-06-25", "heat_index": 27.1, "wind_chill": 13.7, "severity": 0, "alert_level": "none"}, {"day": 1, "date": "2026-06-26", "heat_index": 27.6, "wind_chill": 14.0, "severity": 0, "alert_level": "none"}, {"day": 2, "date": "2026-06-27", "heat_index": 27.8, "wind_chill": 14.4, "severity": 0, "alert_level": "none"}, {"day": 3, "date": "2026-06-28", "heat_index": 28.0, "wind_chill": 14.8, "severity": 0, "alert_level": "none"}, {"day": 4, "date": "2026-06-29", "heat_index": 28.0, "wind_chill": 14.9, "severity": 0, "alert_level": "none"}, {"day": 5, "date": "2026-06-30", "heat_index": 28.3, "wind_chill": 15.1, "severity": 0, "alert_level": "none"}, {"day": 6, "date": "2026-07-01", "heat_index": 28.6, "wind_chill": 15.3, "severity": 0, "alert_level": "none"}]}}, {"type": "Feature", "geometry": {"type": "Polygon", "coordinates": [[[-5.873076923076923, 31.37837837837838], [-5.626923076923077, 31.37837837837838], [-5.626923076923077, 31.62162162162162], [-5.873076923076923, 31.62162162162162], [-5.873076923076923, 31.37837837837838]]]}, "properties": {"row": 18, "col": 45, "lat": 31.5, "lon": -5.75, "alert_level": "none", "severity": 0, "forecasts": [{"day": 0, "date": "2026-06-25", "heat_index": 29.5, "wind_chill": 15.9, "severity": 0, "alert_level": "none"}, {"day": 1, "date": "2026-06-26", "heat_index": 29.9, "wind_chill": 16.0, "severity": 0, "alert_level": "none"}, {"day": 2, "date": "2026-06-27", "heat_index": 29.8, "wind_chill": 16.3, "severity": 0, "alert_level": "none"}, {"day": 3, "date": "2026-06-28", "heat_index": 30.1, "wind_chill": 16.6, "severity": 0, "alert_level": "none"}, {"day": 4, "date": "2026-06-29", "heat_index": 30.1, "wind_chill": 16.7, "severity": 0, "alert_level": "none"}, {"day": 5, "date": "2026-06-30", "heat_index": 30.3, "wind_chill": 16.8, "severity": 0, "alert_level": "none"}, {"day": 6, "date": "2026-07-01", "heat_index": 30.5, "wind_chill": 17.0, "severity": 0, "alert_level": "none"}]}}, {"type": "Feature", "geometry": {"type": "Polygon", "coordinates": [[[-5.623076923076923, 31.37837837837838], [-5.376923076923077, 31.37837837837838], [-5.376923076923077, 31.62162162162162], [-5.623076923076923, 31.62162162162162], [-5.623076923076923, 31.37837837837838]]]}, "properties": {"row": 18, "col": 46, "lat": 31.5, "lon": -5.5, "alert_level": "yellow", "severity": 0.9, "forecasts": [{"day": 0, "date": "2026-06-25", "heat_index": 32.4, "wind_chill": 18.2, "severity": 0.4, "alert_level": "yellow"}, {"day": 1, "date": "2026-06-26", "heat_index": 32.4, "wind_chill": 18.1, "severity": 0.4, "alert_level": "yellow"}, {"day": 2, "date": "2026-06-27", "heat_index": 32.4, "wind_chill": 18.3, "severity": 0.4, "alert_level": "yellow"}, {"day": 3, "date": "2026-06-28", "heat_index": 32.6, "wind_chill": 18.5, "severity": 0.6, "alert_level": "yellow"}, {"day": 4, "date": "2026-06-29", "heat_index": 32.6, "wind_chill": 18.5, "severity": 0.6, "alert_level": "yellow"}, {"day": 5, "date": "2026-06-30", "heat_index": 32.8, "wind_chill": 18.6, "severity": 0.8, "alert_level": "yellow"}, {"day": 6, "date": "2026-07-01", "heat_index": 32.9, "wind_chill": 18.7, "severity": 0.9, "alert_level": "yellow"}]}}, {"type": "Feature", "geometry": {"type": "Polygon", "coordinates": [[[-5.373076923076923, 31.37837837837838], [-5.126923076923077, 31.37837837837838], [-5.126923076923077, 31.62162162162162], [-5.373076923076923, 31.62162162162162], [-5.373076923076923, 31.37837837837838]]]}, "properties": {"row": 18, "col": 47, "lat": 31.5, "lon": -5.25, "alert_level": "orange", "severity": 3.2, "forecasts": [{"day": 0, "date": "2026-06-25", "heat_index": 34.7, "wind_chill": 19.8, "severity": 2.7, "alert_level": "orange"}, {"day": 1, "date": "2026-06-26", "heat_index": 34.5, "wind_chill": 19.7, "severity": 2.5, "alert_level": "orange"}, {"day": 2, "date": "2026-06-27", "heat_index": 34.6, "wind_chill": 19.9, "severity": 2.6, "alert_level": "orange"}, {"day": 3, "date": "2026-06-28", "heat_index": 34.9, "wind_chill": 20.1, "severity": 2.9, "alert_level": "orange"}, {"day": 4, "date": "2026-06-29", "heat_index": 34.9, "wind_chill": 20.0, "severity": 2.9, "alert_level": "orange"}, {"day": 5, "date": "2026-06-30", "heat_index": 35.0, "wind_chill": 20.1, "severity": 3.0, "alert_level": "orange"}, {"day": 6, "date": "2026-07-01", "heat_index": 35.2, "wind_chill": 20.2, "severity": 3.2, "alert_level": "orange"}]}}, {"type": "Feature", "geometry": {"type": "Polygon", "coordinates": [[[-5.123076923076923, 31.37837837837838], [-4.876923076923077, 31.37837837837838], [-4.876923076923077, 31.62162162162162], [-5.123076923076923, 31.62162162162162], [-5.123076923076923, 31.37837837837838]]]}, "properties": {"row": 18, "col": 48, "lat": 31.5, "lon": -5.0, "alert_level": "orange", "severity": 4.3, "forecasts": [{"day": 0, "date": "2026-06-25", "heat_index": 35.7, "wind_chill": 20.1, "severity": 3.7, "alert_level": "orange"}, {"day": 1, "date": "2026-06-26", "heat_index": 35.3, "wind_chill": 20.0, "severity": 3.3, "alert_level": "orange"}, {"day": 2, "date": "2026-06-27", "heat_index": 35.6, "wind_chill": 20.3, "severity": 3.6, "alert_level": "orange"}, {"day": 3, "date": "2026-06-28", "heat_index": 35.9, "wind_chill": 20.5, "severity": 3.9, "alert_level": "orange"}, {"day": 4, "date": "2026-06-29", "heat_index": 35.9, "wind_chill": 20.4, "severity": 3.9, "alert_level": "orange"}, {"day": 5, "date": "2026-06-30", "heat_index": 36.1, "wind_chill": 20.5, "severity": 4.1, "alert_level": "orange"}, {"day": 6, "date": "2026-07-01", "heat_index": 36.3, "wind_chill": 20.6, "severity": 4.3, "alert_level": "orange"}]}}, {"type": "Feature", "geometry": {"type": "Polygon", "coordinates": [[[-4.873076923076923, 31.37837837837838], [-4.626923076923077, 31.37837837837838], [-4.626923076923077, 31.62162162162162], [-4.873076923076923, 31.62162162162162], [-4.873076923076923, 31.37837837837838]]]}, "properties": {"row": 18, "col": 49, "lat": 31.5, "lon": -4.75, "alert_level": "orange", "severity": 4.8, "forecasts": [{"day": 0, "date": "2026-06-25", "heat_index": 36.1, "wind_chill": 19.9, "severity": 4.1, "alert_level": "orange"}, {"day": 1, "date": "2026-06-26", "heat_index": 35.7, "wind_chill": 20.0, "severity": 3.7, "alert_level": "orange"}, {"day": 2, "date": "2026-06-27", "heat_index": 36.0, "wind_chill": 20.2, "severity": 4.0, "alert_level": "orange"}, {"day": 3, "date": "2026-06-28", "heat_index": 36.3, "wind_chill": 20.4, "severity": 4.3, "alert_level": "orange"}, {"day": 4, "date": "2026-06-29", "heat_index": 36.4, "wind_chill": 20.4, "severity": 4.4, "alert_level": "orange"}, {"day": 5, "date": "2026-06-30", "heat_index": 36.6, "wind_chill": 20.5, "severity": 4.6, "alert_level": "orange"}, {"day": 6, "date": "2026-07-01", "heat_index": 36.8, "wind_chill": 20.6, "severity": 4.8, "alert_level": "orange"}]}}, {"type": "Feature", "geometry": {"type": "Polygon", "coordinates": [[[-4.623076923076923, 31.37837837837838], [-4.376923076923077, 31.37837837837838], [-4.376923076923077, 31.62162162162162], [-4.623076923076923, 31.62162162162162], [-4.623076923076923, 31.37837837837838]]]}, "properties": {"row": 18, "col": 50, "lat": 31.5, "lon": -4.5, "alert_level": "red", "severity": 5.5, "forecasts": [{"day": 0, "date": "2026-06-25", "heat_index": 37.2, "wind_chill": 20.4, "severity": 5.2, "alert_level": "red"}, {"day": 1, "date": "2026-06-26", "heat_index": 36.6, "wind_chill": 20.5, "severity": 4.6, "alert_level": "orange"}, {"day": 2, "date": "2026-06-27", "heat_index": 36.8, "wind_chill": 20.6, "severity": 4.8, "alert_level": "orange"}, {"day": 3, "date": "2026-06-28", "heat_index": 37.0, "wind_chill": 20.8, "severity": 5.0, "alert_level": "red"}, {"day": 4, "date": "2026-06-29", "heat_index": 37.1, "wind_chill": 20.9, "severity": 5.1, "alert_level": "red"}, {"day": 5, "date": "2026-06-30", "heat_index": 37.3, "wind_chill": 21.0, "severity": 5.3, "alert_level": "red"}, {"day": 6, "date": "2026-07-01", "heat_index": 37.5, "wind_chill": 21.1, "severity": 5.5, "alert_level": "red"}]}}, {"type": "Feature", "geometry": {"type": "Polygon", "coordinates": [[[-4.373076923076923, 31.37837837837838], [-4.126923076923077, 31.37837837837838], [-4.126923076923077, 31.62162162162162], [-4.373076923076923, 31.62162162162162], [-4.373076923076923, 31.37837837837838]]]}, "properties": {"row": 18, "col": 51, "lat": 31.5, "lon": -4.25, "alert_level": "red", "severity": 5.8, "forecasts": [{"day": 0, "date": "2026-06-25", "heat_index": 37.8, "wind_chill": 20.8, "severity": 5.8, "alert_level": "red"}, {"day": 1, "date": "2026-06-26", "heat_index": 37.3, "wind_chill": 21.0, "severity": 5.3, "alert_level": "red"}, {"day": 2, "date": "2026-06-27", "heat_index": 37.3, "wind_chill": 21.1, "severity": 5.3, "alert_level": "red"}, {"day": 3, "date": "2026-06-28", "heat_index": 37.4, "wind_chill": 21.2, "severity": 5.4, "alert_level": "red"}, {"day": 4, "date": "2026-06-29", "heat_index": 37.4, "wind_chill": 21.2, "severity": 5.4, "alert_level": "red"}, {"day": 5, "date": "2026-06-30", "heat_index": 37.6, "wind_chill": 21.4, "severity": 5.6, "alert_level": "red"}, {"day": 6, "date": "2026-07-01", "heat_index": 37.8, "wind_chill": 21.5, "severity": 5.8, "alert_level": "red"}]}}, {"type": "Feature", "geometry": {"type": "Polygon", "coordinates": [[[-4.123076923076923, 31.37837837837838], [-3.876923076923077, 31.37837837837838], [-3.876923076923077, 31.62162162162162], [-4.123076923076923, 31.62162162162162], [-4.123076923076923, 31.37837837837838]]]}, "properties": {"row": 18, "col": 52, "lat": 31.5, "lon": -4.0, "alert_level": "red", "severity": 5.6, "forecasts": [{"day": 0, "date": "2026-06-25", "heat_index": 37.6, "wind_chill": 20.6, "severity": 5.6, "alert_level": "red"}, {"day": 1, "date": "2026-06-26", "heat_index": 37.2, "wind_chill": 20.9, "severity": 5.2, "alert_level": "red"}, {"day": 2, "date": "2026-06-27", "heat_index": 37.2, "wind_chill": 21.0, "severity": 5.2, "alert_level": "red"}, {"day": 3, "date": "2026-06-28", "heat_index": 37.2, "wind_chill": 21.1, "severity": 5.2, "alert_level": "red"}, {"day": 4, "date": "2026-06-29", "heat_index": 37.2, "wind_chill": 21.1, "severity": 5.2, "alert_level": "red"}, {"day": 5, "date": "2026-06-30", "heat_index": 37.4, "wind_chill": 21.3, "severity": 5.4, "alert_level": "red"}, {"day": 6, "date": "2026-07-01", "heat_index": 37.6, "wind_chill": 21.4, "severity": 5.6, "alert_level": "red"}]}}, {"type": "Feature", "geometry": {"type": "Polygon", "coordinates": [[[-3.873076923076923, 31.37837837837838], [-3.626923076923077, 31.37837837837838], [-3.626923076923077, 31.62162162162162], [-3.873076923076923, 31.62162162162162], [-3.873076923076923, 31.37837837837838]]]}, "properties": {"row": 18, "col": 53, "lat": 31.5, "lon": -3.75, "alert_level": "red", "severity": 5.3, "forecasts": [{"day": 0, "date": "2026-06-25", "heat_index": 37.3, "wind_chill": 20.2, "severity": 5.3, "alert_level": "red"}, {"day": 1, "date": "2026-06-26", "heat_index": 36.9, "wind_chill": 20.5, "severity": 4.9, "alert_level": "orange"}, {"day": 2, "date": "2026-06-27", "heat_index": 36.7, "wind_chill": 20.6, "severity": 4.7, "alert_level": "orange"}, {"day": 3, "date": "2026-06-28", "heat_index": 36.7, "wind_chill": 20.7, "severity": 4.7, "alert_level": "orange"}, {"day": 4, "date": "2026-06-29", "heat_index": 36.7, "wind_chill": 20.7, "severity": 4.7, "alert_level": "orange"}, {"day": 5, "date": "2026-06-30", "heat_index": 36.9, "wind_chill": 20.8, "severity": 4.9, "alert_level": "orange"}, {"day": 6, "date": "2026-07-01", "heat_index": 37.0, "wind_chill": 20.9, "severity": 5.0, "alert_level": "red"}]}}, {"type": "Feature", "geometry": {"type": "Polygon", "coordinates": [[[-9.873076923076923, 31.12837837837838], [-9.626923076923077, 31.12837837837838], [-9.626923076923077, 31.37162162162162], [-9.873076923076923, 31.37162162162162], [-9.873076923076923, 31.12837837837838]]]}, "properties": {"row": 19, "col": 29, "lat": 31.25, "lon": -9.75, "alert_level": "none", "severity": 0, "forecasts": [{"day": 0, "date": "2026-06-25", "heat_index": 29.9, "wind_chill": 12.4, "severity": 0, "alert_level": "none"}, {"day": 1, "date": "2026-06-26", "heat_index": 21.7, "wind_chill": 8.1, "severity": 0, "alert_level": "none"}, {"day": 2, "date": "2026-06-27", "heat_index": 22.1, "wind_chill": 8.1, "severity": 0, "alert_level": "none"}, {"day": 3, "date": "2026-06-28", "heat_index": 21.9, "wind_chill": 8.2, "severity": 0, "alert_level": "none"}, {"day": 4, "date": "2026-06-29", "heat_index": 22.1, "wind_chill": 8.6, "severity": 0, "alert_level": "none"}, {"day": 5, "date": "2026-06-30", "heat_index": 22.6, "wind_chill": 9.1, "severity": 0, "alert_level": "none"}, {"day": 6, "date": "2026-07-01", "heat_index": 23.2, "wind_chill": 9.7, "severity": 0, "alert_level": "none"}]}}, {"type": "Feature", "geometry": {"type": "Polygon", "coordinates": [[[-9.623076923076923, 31.12837837837838], [-9.376923076923077, 31.12837837837838], [-9.376923076923077, 31.37162162162162], [-9.623076923076923, 31.37162162162162], [-9.623076923076923, 31.12837837837838]]]}, "properties": {"row": 19, "col": 30, "lat": 31.25, "lon": -9.5, "alert_level": "red", "severity": 6.9, "forecasts": [{"day": 0, "date": "2026-06-25", "heat_index": 6.6, "wind_chill": -1.1, "severity": 6.1, "alert_level": "red"}, {"day": 1, "date": "2026-06-26", "heat_index": 4.5, "wind_chill": -1.9, "severity": 6.9, "alert_level": "red"}, {"day": 2, "date": "2026-06-27", "heat_index": 4.9, "wind_chill": -0.9, "severity": 5.9, "alert_level": "red"}, {"day": 3, "date": "2026-06-28", "heat_index": 5.9, "wind_chill": 0.6, "severity": 4.4, "alert_level": "orange"}, {"day": 4, "date": "2026-06-29", "heat_index": 7.5, "wind_chill": 2.2, "severity": 2.8, "alert_level": "orange"}, {"day": 5, "date": "2026-06-30", "heat_index": 9.3, "wind_chill": 3.9, "severity": 1.1, "alert_level": "yellow"}, {"day": 6, "date": "2026-07-01", "heat_index": 11.2, "wind_chill": 5.5, "severity": 0, "alert_level": "none"}]}}, {"type": "Feature", "geometry": {"type": "Polygon", "coordinates": [[[-9.373076923076923, 31.12837837837838], [-9.126923076923077, 31.12837837837838], [-9.126923076923077, 31.37162162162162], [-9.373076923076923, 31.37162162162162], [-9.373076923076923, 31.12837837837838]]]}, "properties": {"row": 19, "col": 31, "lat": 31.25, "lon": -9.25, "alert_level": "none", "severity": 0, "forecasts": [{"day": 0, "date": "2026-06-25", "heat_index": 25.2, "wind_chill": 15.5, "severity": 0, "alert_level": "none"}, {"day": 1, "date": "2026-06-26", "heat_index": 24.9, "wind_chill": 15.5, "severity": 0, "alert_level": "none"}, {"day": 2, "date": "2026-06-27", "heat_index": 25.3, "wind_chill": 16.6, "severity": 0, "alert_level": "none"}, {"day": 3, "date": "2026-06-28", "heat_index": 25.5, "wind_chill": 17.0, "severity": 0, "alert_level": "none"}, {"day": 4, "date": "2026-06-29", "heat_index": 25.8, "wind_chill": 17.0, "severity": 0, "alert_level": "none"}, {"day": 5, "date": "2026-06-30", "heat_index": 26.1, "wind_chill": 17.1, "severity": 0, "alert_level": "none"}, {"day": 6, "date": "2026-07-01", "heat_index": 26.4, "wind_chill": 17.2, "severity": 0, "alert_level": "none"}]}}, {"type": "Feature", "geometry": {"type": "Polygon", "coordinates": [[[-9.123076923076923, 31.12837837837838], [-8.876923076923077, 31.12837837837838], [-8.876923076923077, 31.37162162162162], [-9.123076923076923, 31.37162162162162], [-9.123076923076923, 31.12837837837838]]]}, "properties": {"row": 19, "col": 32, "lat": 31.25, "lon": -9.0, "alert_level": "none", "severity": 0, "forecasts": [{"day": 0, "date": "2026-06-25", "heat_index": 25.7, "wind_chill": 14.8, "severity": 0, "alert_level": "none"}, {"day": 1, "date": "2026-06-26", "heat_index": 26.5, "wind_chill": 14.7, "severity": 0, "alert_level": "none"}, {"day": 2, "date": "2026-06-27", "heat_index": 26.7, "wind_chill": 14.8, "severity": 0, "alert_level": "none"}, {"day": 3, "date": "2026-06-28", "heat_index": 27.1, "wind_chill": 15.3, "severity": 0, "alert_level": "none"}, {"day": 4, "date": "2026-06-29", "heat_index": 27.5, "wind_chill": 15.5, "severity": 0, "alert_level": "none"}, {"day": 5, "date": "2026-06-30", "heat_index": 28.1, "wind_chill": 15.8, "severity": 0, "alert_level": "none"}, {"day": 6, "date": "2026-07-01", "heat_index": 28.5, "wind_chill": 16.1, "severity": 0, "alert_level": "none"}]}}, {"type": "Feature", "geometry": {"type": "Polygon", "coordinates": [[[-8.873076923076923, 31.12837837837838], [-8.626923076923077, 31.12837837837838], [-8.626923076923077, 31.37162162162162], [-8.873076923076923, 31.37162162162162], [-8.873076923076923, 31.12837837837838]]]}, "properties": {"row": 19, "col": 33, "lat": 31.25, "lon": -8.75, "alert_level": "none", "severity": 0, "forecasts": [{"day": 0, "date": "2026-06-25", "heat_index": 27.2, "wind_chill": 14.9, "severity": 0, "alert_level": "none"}, {"day": 1, "date": "2026-06-26", "heat_index": 28.1, "wind_chill": 14.8, "severity": 0, "alert_level": "none"}, {"day": 2, "date": "2026-06-27", "heat_index": 28.3, "wind_chill": 15.1, "severity": 0, "alert_level": "none"}, {"day": 3, "date": "2026-06-28", "heat_index": 28.6, "wind_chill": 15.5, "severity": 0, "alert_level": "none"}, {"day": 4, "date": "2026-06-29", "heat_index": 28.8, "wind_chill": 15.7, "severity": 0, "alert_level": "none"}, {"day": 5, "date": "2026-06-30", "heat_index": 29.3, "wind_chill": 15.9, "severity": 0, "alert_level": "none"}, {"day": 6, "date": "2026-07-01", "heat_index": 29.7, "wind_chill": 16.1, "severity": 0, "alert_level": "none"}]}}, {"type": "Feature", "geometry": {"type": "Polygon", "coordinates": [[[-8.623076923076923, 31.12837837837838], [-8.376923076923077, 31.12837837837838], [-8.376923076923077, 31.37162162162162], [-8.623076923076923, 31.37162162162162], [-8.623076923076923, 31.12837837837838]]]}, "properties": {"row": 19, "col": 34, "lat": 31.25, "lon": -8.5, "alert_level": "none", "severity": 0, "forecasts": [{"day": 0, "date": "2026-06-25", "heat_index": 27.4, "wind_chill": 13.9, "severity": 0, "alert_level": "none"}, {"day": 1, "date": "2026-06-26", "heat_index": 28.3, "wind_chill": 14.0, "severity": 0, "alert_level": "none"}, {"day": 2, "date": "2026-06-27", "heat_index": 28.8, "wind_chill": 14.4, "severity": 0, "alert_level": "none"}, {"day": 3, "date": "2026-06-28", "heat_index": 29.1, "wind_chill": 14.8, "severity": 0, "alert_level": "none"}, {"day": 4, "date": "2026-06-29", "heat_index": 29.3, "wind_chill": 15.0, "severity": 0, "alert_level": "none"}, {"day": 5, "date": "2026-06-30", "heat_index": 29.8, "wind_chill": 15.3, "severity": 0, "alert_level": "none"}, {"day": 6, "date": "2026-07-01", "heat_index": 30.2, "wind_chill": 15.6, "severity": 0, "alert_level": "none"}]}}, {"type": "Feature", "geometry": {"type": "Polygon", "coordinates": [[[-8.373076923076923, 31.12837837837838], [-8.126923076923077, 31.12837837837838], [-8.126923076923077, 31.37162162162162], [-8.373076923076923, 31.37162162162162], [-8.373076923076923, 31.12837837837838]]]}, "properties": {"row": 19, "col": 35, "lat": 31.25, "lon": -8.25, "alert_level": "none", "severity": 0, "forecasts": [{"day": 0, "date": "2026-06-25", "heat_index": 27.5, "wind_chill": 13.4, "severity": 0, "alert_level": "none"}, {"day": 1, "date": "2026-06-26", "heat_index": 28.6, "wind_chill": 13.7, "severity": 0, "alert_level": "none"}, {"day": 2, "date": "2026-06-27", "heat_index": 29.3, "wind_chill": 14.2, "severity": 0, "alert_level": "none"}, {"day": 3, "date": "2026-06-28", "heat_index": 29.7, "wind_chill": 14.6, "severity": 0, "alert_level": "none"}, {"day": 4, "date": "2026-06-29", "heat_index": 29.8, "wind_chill": 14.8, "severity": 0, "alert_level": "none"}, {"day": 5, "date": "2026-06-30", "heat_index": 30.3, "wind_chill": 15.0, "severity": 0, "alert_level": "none"}, {"day": 6, "date": "2026-07-01", "heat_index": 30.7, "wind_chill": 15.3, "severity": 0, "alert_level": "none"}]}}, {"type": "Feature", "geometry": {"type": "Polygon", "coordinates": [[[-8.123076923076923, 31.12837837837838], [-7.876923076923077, 31.12837837837838], [-7.876923076923077, 31.37162162162162], [-8.123076923076923, 31.37162162162162], [-8.123076923076923, 31.12837837837838]]]}, "properties": {"row": 19, "col": 36, "lat": 31.25, "lon": -8.0, "alert_level": "none", "severity": 0, "forecasts": [{"day": 0, "date": "2026-06-25", "heat_index": 26.5, "wind_chill": 12.4, "severity": 0, "alert_level": "none"}, {"day": 1, "date": "2026-06-26", "heat_index": 27.4, "wind_chill": 12.5, "severity": 0, "alert_level": "none"}, {"day": 2, "date": "2026-06-27", "heat_index": 28.2, "wind_chill": 12.9, "severity": 0, "alert_level": "none"}, {"day": 3, "date": "2026-06-28", "heat_index": 28.6, "wind_chill": 13.3, "severity": 0, "alert_level": "none"}, {"day": 4, "date": "2026-06-29", "heat_index": 28.8, "wind_chill": 13.4, "severity": 0, "alert_level": "none"}, {"day": 5, "date": "2026-06-30", "heat_index": 29.2, "wind_chill": 13.7, "severity": 0, "alert_level": "none"}, {"day": 6, "date": "2026-07-01", "heat_index": 29.7, "wind_chill": 14.0, "severity": 0, "alert_level": "none"}]}}, {"type": "Feature", "geometry": {"type": "Polygon", "coordinates": [[[-7.873076923076923, 31.12837837837838], [-7.626923076923077, 31.12837837837838], [-7.626923076923077, 31.37162162162162], [-7.873076923076923, 31.37162162162162], [-7.873076923076923, 31.12837837837838]]]}, "properties": {"row": 19, "col": 37, "lat": 31.25, "lon": -7.75, "alert_level": "none", "severity": 0, "forecasts": [{"day": 0, "date": "2026-06-25", "heat_index": 25.2, "wind_chill": 11.0, "severity": 0, "alert_level": "none"}, {"day": 1, "date": "2026-06-26", "heat_index": 26.0, "wind_chill": 11.2, "severity": 0, "alert_level": "none"}, {"day": 2, "date": "2026-06-27", "heat_index": 26.8, "wind_chill": 11.4, "severity": 0, "alert_level": "none"}, {"day": 3, "date": "2026-06-28", "heat_index": 27.3, "wind_chill": 11.8, "severity": 0, "alert_level": "none"}, {"day": 4, "date": "2026-06-29", "heat_index": 27.5, "wind_chill": 12.0, "severity": 0, "alert_level": "none"}, {"day": 5, "date": "2026-06-30", "heat_index": 28.0, "wind_chill": 12.3, "severity": 0, "alert_level": "none"}, {"day": 6, "date": "2026-07-01", "heat_index": 28.4, "wind_chill": 12.6, "severity": 0, "alert_level": "none"}]}}, {"type": "Feature", "geometry": {"type": "Polygon", "coordinates": [[[-7.623076923076923, 31.12837837837838], [-7.376923076923077, 31.12837837837838], [-7.376923076923077, 31.37162162162162], [-7.623076923076923, 31.37162162162162], [-7.623076923076923, 31.12837837837838]]]}, "properties": {"row": 19, "col": 38, "lat": 31.25, "lon": -7.5, "alert_level": "none", "severity": 0, "forecasts": [{"day": 0, "date": "2026-06-25", "heat_index": 25.2, "wind_chill": 10.5, "severity": 0, "alert_level": "none"}, {"day": 1, "date": "2026-06-26", "heat_index": 25.9, "wind_chill": 10.9, "severity": 0, "alert_level": "none"}, {"day": 2, "date": "2026-06-27", "heat_index": 26.8, "wind_chill": 11.2, "severity": 0, "alert_level": "none"}, {"day": 3, "date": "2026-06-28", "heat_index": 27.3, "wind_chill": 11.6, "severity": 0, "alert_level": "none"}, {"day": 4, "date": "2026-06-29", "heat_index": 27.5, "wind_chill": 11.8, "severity": 0, "alert_level": "none"}, {"day": 5, "date": "2026-06-30", "heat_index": 27.9, "wind_chill": 12.1, "severity": 0, "alert_level": "none"}, {"day": 6, "date": "2026-07-01", "heat_index": 28.3, "wind_chill": 12.4, "severity": 0, "alert_level": "none"}]}}, {"type": "Feature", "geometry": {"type": "Polygon", "coordinates": [[[-7.373076923076923, 31.12837837837838], [-7.126923076923077, 31.12837837837838], [-7.126923076923077, 31.37162162162162], [-7.373076923076923, 31.37162162162162], [-7.373076923076923, 31.12837837837838]]]}, "properties": {"row": 19, "col": 39, "lat": 31.25, "lon": -7.25, "alert_level": "none", "severity": 0, "forecasts": [{"day": 0, "date": "2026-06-25", "heat_index": 26.3, "wind_chill": 11.0, "severity": 0, "alert_level": "none"}, {"day": 1, "date": "2026-06-26", "heat_index": 26.9, "wind_chill": 11.6, "severity": 0, "alert_level": "none"}, {"day": 2, "date": "2026-06-27", "heat_index": 27.8, "wind_chill": 12.2, "severity": 0, "alert_level": "none"}, {"day": 3, "date": "2026-06-28", "heat_index": 28.3, "wind_chill": 12.7, "severity": 0, "alert_level": "none"}, {"day": 4, "date": "2026-06-29", "heat_index": 28.5, "wind_chill": 12.8, "severity": 0, "alert_level": "none"}, {"day": 5, "date": "2026-06-30", "heat_index": 29.0, "wind_chill": 13.1, "severity": 0, "alert_level": "none"}, {"day": 6, "date": "2026-07-01", "heat_index": 29.4, "wind_chill": 13.4, "severity": 0, "alert_level": "none"}]}}, {"type": "Feature", "geometry": {"type": "Polygon", "coordinates": [[[-7.123076923076923, 31.12837837837838], [-6.876923076923077, 31.12837837837838], [-6.876923076923077, 31.37162162162162], [-7.123076923076923, 31.37162162162162], [-7.123076923076923, 31.12837837837838]]]}, "properties": {"row": 19, "col": 40, "lat": 31.25, "lon": -7.0, "alert_level": "none", "severity": 0, "forecasts": [{"day": 0, "date": "2026-06-25", "heat_index": 27.5, "wind_chill": 11.8, "severity": 0, "alert_level": "none"}, {"day": 1, "date": "2026-06-26", "heat_index": 28.0, "wind_chill": 12.6, "severity": 0, "alert_level": "none"}, {"day": 2, "date": "2026-06-27", "heat_index": 28.9, "wind_chill": 13.3, "severity": 0, "alert_level": "none"}, {"day": 3, "date": "2026-06-28", "heat_index": 29.5, "wind_chill": 13.9, "severity": 0, "alert_level": "none"}, {"day": 4, "date": "2026-06-29", "heat_index": 29.7, "wind_chill": 14.1, "severity": 0, "alert_level": "none"}, {"day": 5, "date": "2026-06-30", "heat_index": 30.1, "wind_chill": 14.4, "severity": 0, "alert_level": "none"}, {"day": 6, "date": "2026-07-01", "heat_index": 30.4, "wind_chill": 14.7, "severity": 0, "alert_level": "none"}]}}, {"type": "Feature", "geometry": {"type": "Polygon", "coordinates": [[[-6.873076923076923, 31.12837837837838], [-6.626923076923077, 31.12837837837838], [-6.626923076923077, 31.37162162162162], [-6.873076923076923, 31.37162162162162], [-6.873076923076923, 31.12837837837838]]]}, "properties": {"row": 19, "col": 41, "lat": 31.25, "lon": -6.75, "alert_level": "none", "severity": 0, "forecasts": [{"day": 0, "date": "2026-06-25", "heat_index": 28.8, "wind_chill": 12.9, "severity": 0, "alert_level": "none"}, {"day": 1, "date": "2026-06-26", "heat_index": 29.4, "wind_chill": 13.8, "severity": 0, "alert_level": "none"}, {"day": 2, "date": "2026-06-27", "heat_index": 29.9, "wind_chill": 14.5, "severity": 0, "alert_level": "none"}, {"day": 3, "date": "2026-06-28", "heat_index": 30.4, "wind_chill": 15.1, "severity": 0, "alert_level": "none"}, {"day": 4, "date": "2026-06-29", "heat_index": 30.6, "wind_chill": 15.4, "severity": 0, "alert_level": "none"}, {"day": 5, "date": "2026-06-30", "heat_index": 31.0, "wind_chill": 15.7, "severity": 0, "alert_level": "none"}, {"day": 6, "date": "2026-07-01", "heat_index": 31.3, "wind_chill": 16.0, "severity": 0, "alert_level": "none"}]}}, {"type": "Feature", "geometry": {"type": "Polygon", "coordinates": [[[-6.623076923076923, 31.12837837837838], [-6.376923076923077, 31.12837837837838], [-6.376923076923077, 31.37162162162162], [-6.623076923076923, 31.37162162162162], [-6.623076923076923, 31.12837837837838]]]}, "properties": {"row": 19, "col": 42, "lat": 31.25, "lon": -6.5, "alert_level": "yellow", "severity": 0.0, "forecasts": [{"day": 0, "date": "2026-06-25", "heat_index": 30.3, "wind_chill": 14.3, "severity": 0, "alert_level": "none"}, {"day": 1, "date": "2026-06-26", "heat_index": 30.7, "wind_chill": 15.1, "severity": 0, "alert_level": "none"}, {"day": 2, "date": "2026-06-27", "heat_index": 31.0, "wind_chill": 15.8, "severity": 0, "alert_level": "none"}, {"day": 3, "date": "2026-06-28", "heat_index": 31.3, "wind_chill": 16.3, "severity": 0, "alert_level": "none"}, {"day": 4, "date": "2026-06-29", "heat_index": 31.4, "wind_chill": 16.6, "severity": 0, "alert_level": "none"}, {"day": 5, "date": "2026-06-30", "heat_index": 31.7, "wind_chill": 16.8, "severity": 0, "alert_level": "none"}, {"day": 6, "date": "2026-07-01", "heat_index": 32.0, "wind_chill": 17.1, "severity": 0.0, "alert_level": "yellow"}]}}, {"type": "Feature", "geometry": {"type": "Polygon", "coordinates": [[[-6.373076923076923, 31.12837837837838], [-6.126923076923077, 31.12837837837838], [-6.126923076923077, 31.37162162162162], [-6.373076923076923, 31.37162162162162], [-6.373076923076923, 31.12837837837838]]]}, "properties": {"row": 19, "col": 43, "lat": 31.25, "lon": -6.25, "alert_level": "yellow", "severity": 0.1, "forecasts": [{"day": 0, "date": "2026-06-25", "heat_index": 31.0, "wind_chill": 15.5, "severity": 0, "alert_level": "none"}, {"day": 1, "date": "2026-06-26", "heat_index": 31.2, "wind_chill": 15.9, "severity": 0, "alert_level": "none"}, {"day": 2, "date": "2026-06-27", "heat_index": 31.3, "wind_chill": 16.6, "severity": 0, "alert_level": "none"}, {"day": 3, "date": "2026-06-28", "heat_index": 31.6, "wind_chill": 17.0, "severity": 0, "alert_level": "none"}, {"day": 4, "date": "2026-06-29", "heat_index": 31.6, "wind_chill": 17.1, "severity": 0, "alert_level": "none"}, {"day": 5, "date": "2026-06-30", "heat_index": 31.9, "wind_chill": 17.3, "severity": 0, "alert_level": "none"}, {"day": 6, "date": "2026-07-01", "heat_index": 32.1, "wind_chill": 17.6, "severity": 0.1, "alert_level": "yellow"}]}}, {"type": "Feature", "geometry": {"type": "Polygon", "coordinates": [[[-6.123076923076923, 31.12837837837838], [-5.876923076923077, 31.12837837837838], [-5.876923076923077, 31.37162162162162], [-6.123076923076923, 31.37162162162162], [-6.123076923076923, 31.12837837837838]]]}, "properties": {"row": 19, "col": 44, "lat": 31.25, "lon": -6.0, "alert_level": "yellow", "severity": 0.1, "forecasts": [{"day": 0, "date": "2026-06-25", "heat_index": 31.3, "wind_chill": 16.3, "severity": 0, "alert_level": "none"}, {"day": 1, "date": "2026-06-26", "heat_index": 31.4, "wind_chill": 16.5, "severity": 0, "alert_level": "none"}, {"day": 2, "date": "2026-06-27", "heat_index": 31.5, "wind_chill": 17.0, "severity": 0, "alert_level": "none"}, {"day": 3, "date": "2026-06-28", "heat_index": 31.7, "wind_chill": 17.2, "severity": 0, "alert_level": "none"}, {"day": 4, "date": "2026-06-29", "heat_index": 31.7, "wind_chill": 17.3, "severity": 0, "alert_level": "none"}, {"day": 5, "date": "2026-06-30", "heat_index": 31.9, "wind_chill": 17.5, "severity": 0, "alert_level": "none"}, {"day": 6, "date": "2026-07-01", "heat_index": 32.1, "wind_chill": 17.6, "severity": 0.1, "alert_level": "yellow"}]}}, {"type": "Feature", "geometry": {"type": "Polygon", "coordinates": [[[-5.873076923076923, 31.12837837837838], [-5.626923076923077, 31.12837837837838], [-5.626923076923077, 31.37162162162162], [-5.873076923076923, 31.37162162162162], [-5.873076923076923, 31.12837837837838]]]}, "properties": {"row": 19, "col": 45, "lat": 31.25, "lon": -5.75, "alert_level": "yellow", "severity": 0.2, "forecasts": [{"day": 0, "date": "2026-06-25", "heat_index": 31.4, "wind_chill": 16.6, "severity": 0, "alert_level": "none"}, {"day": 1, "date": "2026-06-26", "heat_index": 31.4, "wind_chill": 16.6, "severity": 0, "alert_level": "none"}, {"day": 2, "date": "2026-06-27", "heat_index": 31.5, "wind_chill": 17.0, "severity": 0, "alert_level": "none"}, {"day": 3, "date": "2026-06-28", "heat_index": 31.7, "wind_chill": 17.2, "severity": 0, "alert_level": "none"}, {"day": 4, "date": "2026-06-29", "heat_index": 31.7, "wind_chill": 17.2, "severity": 0, "alert_level": "none"}, {"day": 5, "date": "2026-06-30", "heat_index": 31.9, "wind_chill": 17.3, "severity": 0, "alert_level": "none"}, {"day": 6, "date": "2026-07-01", "heat_index": 32.2, "wind_chill": 17.5, "severity": 0.2, "alert_level": "yellow"}]}}, {"type": "Feature", "geometry": {"type": "Polygon", "coordinates": [[[-5.623076923076923, 31.12837837837838], [-5.376923076923077, 31.12837837837838], [-5.376923076923077, 31.37162162162162], [-5.623076923076923, 31.37162162162162], [-5.623076923076923, 31.12837837837838]]]}, "properties": {"row": 19, "col": 46, "lat": 31.25, "lon": -5.5, "alert_level": "yellow", "severity": 1.3, "forecasts": [{"day": 0, "date": "2026-06-25", "heat_index": 32.6, "wind_chill": 17.5, "severity": 0.6, "alert_level": "yellow"}, {"day": 1, "date": "2026-06-26", "heat_index": 32.4, "wind_chill": 17.6, "severity": 0.4, "alert_level": "yellow"}, {"day": 2, "date": "2026-06-27", "heat_index": 32.7, "wind_chill": 17.8, "severity": 0.7, "alert_level": "yellow"}, {"day": 3, "date": "2026-06-28", "heat_index": 32.9, "wind_chill": 18.0, "severity": 0.9, "alert_level": "yellow"}, {"day": 4, "date": "2026-06-29", "heat_index": 32.9, "wind_chill": 17.9, "severity": 0.9, "alert_level": "yellow"}, {"day": 5, "date": "2026-06-30", "heat_index": 33.1, "wind_chill": 18.0, "severity": 1.1, "alert_level": "yellow"}, {"day": 6, "date": "2026-07-01", "heat_index": 33.3, "wind_chill": 18.2, "severity": 1.3, "alert_level": "yellow"}]}}, {"type": "Feature", "geometry": {"type": "Polygon", "coordinates": [[[-5.373076923076923, 31.12837837837838], [-5.126923076923077, 31.12837837837838], [-5.126923076923077, 31.37162162162162], [-5.373076923076923, 31.37162162162162], [-5.373076923076923, 31.12837837837838]]]}, "properties": {"row": 19, "col": 47, "lat": 31.25, "lon": -5.25, "alert_level": "orange", "severity": 3.4, "forecasts": [{"day": 0, "date": "2026-06-25", "heat_index": 34.8, "wind_chill": 19.2, "severity": 2.8, "alert_level": "orange"}, {"day": 1, "date": "2026-06-26", "heat_index": 34.5, "wind_chill": 19.2, "severity": 2.5, "alert_level": "orange"}, {"day": 2, "date": "2026-06-27", "heat_index": 34.8, "wind_chill": 19.5, "severity": 2.8, "alert_level": "orange"}, {"day": 3, "date": "2026-06-28", "heat_index": 35.0, "wind_chill": 19.6, "severity": 3.0, "alert_level": "orange"}, {"day": 4, "date": "2026-06-29", "heat_index": 35.1, "wind_chill": 19.5, "severity": 3.1, "alert_level": "orange"}, {"day": 5, "date": "2026-06-30", "heat_index": 35.3, "wind_chill": 19.6, "severity": 3.3, "alert_level": "orange"}, {"day": 6, "date": "2026-07-01", "heat_index": 35.4, "wind_chill": 19.7, "severity": 3.4, "alert_level": "orange"}]}}, {"type": "Feature", "geometry": {"type": "Polygon", "coordinates": [[[-5.123076923076923, 31.12837837837838], [-4.876923076923077, 31.12837837837838], [-4.876923076923077, 31.37162162162162], [-5.123076923076923, 31.37162162162162], [-5.123076923076923, 31.12837837837838]]]}, "properties": {"row": 19, "col": 48, "lat": 31.25, "lon": -5.0, "alert_level": "red", "severity": 5.1, "forecasts": [{"day": 0, "date": "2026-06-25", "heat_index": 36.4, "wind_chill": 19.9, "severity": 4.4, "alert_level": "orange"}, {"day": 1, "date": "2026-06-26", "heat_index": 36.0, "wind_chill": 20.2, "severity": 4.0, "alert_level": "orange"}, {"day": 2, "date": "2026-06-27", "heat_index": 36.3, "wind_chill": 20.4, "severity": 4.3, "alert_level": "orange"}, {"day": 3, "date": "2026-06-28", "heat_index": 36.6, "wind_chill": 20.5, "severity": 4.6, "alert_level": "orange"}, {"day": 4, "date": "2026-06-29", "heat_index": 36.7, "wind_chill": 20.5, "severity": 4.7, "alert_level": "orange"}, {"day": 5, "date": "2026-06-30", "heat_index": 36.9, "wind_chill": 20.7, "severity": 4.9, "alert_level": "orange"}, {"day": 6, "date": "2026-07-01", "heat_index": 37.1, "wind_chill": 20.8, "severity": 5.1, "alert_level": "red"}]}}, {"type": "Feature", "geometry": {"type": "Polygon", "coordinates": [[[-4.873076923076923, 31.12837837837838], [-4.626923076923077, 31.12837837837838], [-4.626923076923077, 31.37162162162162], [-4.873076923076923, 31.37162162162162], [-4.873076923076923, 31.12837837837838]]]}, "properties": {"row": 19, "col": 49, "lat": 31.25, "lon": -4.75, "alert_level": "red", "severity": 6.1, "forecasts": [{"day": 0, "date": "2026-06-25", "heat_index": 37.6, "wind_chill": 20.4, "severity": 5.6, "alert_level": "red"}, {"day": 1, "date": "2026-06-26", "heat_index": 37.2, "wind_chill": 20.8, "severity": 5.2, "alert_level": "red"}, {"day": 2, "date": "2026-06-27", "heat_index": 37.5, "wind_chill": 21.0, "severity": 5.5, "alert_level": "red"}, {"day": 3, "date": "2026-06-28", "heat_index": 37.7, "wind_chill": 21.2, "severity": 5.7, "alert_level": "red"}, {"day": 4, "date": "2026-06-29", "heat_index": 37.8, "wind_chill": 21.2, "severity": 5.8, "alert_level": "red"}, {"day": 5, "date": "2026-06-30", "heat_index": 38.0, "wind_chill": 21.4, "severity": 6.0, "alert_level": "red"}, {"day": 6, "date": "2026-07-01", "heat_index": 38.1, "wind_chill": 21.5, "severity": 6.1, "alert_level": "red"}]}}, {"type": "Feature", "geometry": {"type": "Polygon", "coordinates": [[[-4.623076923076923, 31.12837837837838], [-4.376923076923077, 31.12837837837838], [-4.376923076923077, 31.37162162162162], [-4.623076923076923, 31.37162162162162], [-4.623076923076923, 31.12837837837838]]]}, "properties": {"row": 19, "col": 50, "lat": 31.25, "lon": -4.5, "alert_level": "red", "severity": 6.8, "forecasts": [{"day": 0, "date": "2026-06-25", "heat_index": 38.5, "wind_chill": 20.8, "severity": 6.5, "alert_level": "red"}, {"day": 1, "date": "2026-06-26", "heat_index": 38.1, "wind_chill": 21.4, "severity": 6.1, "alert_level": "red"}, {"day": 2, "date": "2026-06-27", "heat_index": 38.2, "wind_chill": 21.6, "severity": 6.2, "alert_level": "red"}, {"day": 3, "date": "2026-06-28", "heat_index": 38.3, "wind_chill": 21.7, "severity": 6.3, "alert_level": "red"}, {"day": 4, "date": "2026-06-29", "heat_index": 38.4, "wind_chill": 21.8, "severity": 6.4, "alert_level": "red"}, {"day": 5, "date": "2026-06-30", "heat_index": 38.6, "wind_chill": 21.9, "severity": 6.6, "alert_level": "red"}, {"day": 6, "date": "2026-07-01", "heat_index": 38.8, "wind_chill": 22.0, "severity": 6.8, "alert_level": "red"}]}}, {"type": "Feature", "geometry": {"type": "Polygon", "coordinates": [[[-4.373076923076923, 31.12837837837838], [-4.126923076923077, 31.12837837837838], [-4.126923076923077, 31.37162162162162], [-4.373076923076923, 31.37162162162162], [-4.373076923076923, 31.12837837837838]]]}, "properties": {"row": 19, "col": 51, "lat": 31.25, "lon": -4.25, "alert_level": "red", "severity": 7.0, "forecasts": [{"day": 0, "date": "2026-06-25", "heat_index": 38.8, "wind_chill": 20.9, "severity": 6.8, "alert_level": "red"}, {"day": 1, "date": "2026-06-26", "heat_index": 38.6, "wind_chill": 21.7, "severity": 6.6, "alert_level": "red"}, {"day": 2, "date": "2026-06-27", "heat_index": 38.5, "wind_chill": 21.9, "severity": 6.5, "alert_level": "red"}, {"day": 3, "date": "2026-06-28", "heat_index": 38.6, "wind_chill": 22.0, "severity": 6.6, "alert_level": "red"}, {"day": 4, "date": "2026-06-29", "heat_index": 38.6, "wind_chill": 22.1, "severity": 6.6, "alert_level": "red"}, {"day": 5, "date": "2026-06-30", "heat_index": 38.9, "wind_chill": 22.2, "severity": 6.9, "alert_level": "red"}, {"day": 6, "date": "2026-07-01", "heat_index": 39.0, "wind_chill": 22.3, "severity": 7.0, "alert_level": "red"}]}}, {"type": "Feature", "geometry": {"type": "Polygon", "coordinates": [[[-4.123076923076923, 31.12837837837838], [-3.876923076923077, 31.12837837837838], [-3.876923076923077, 31.37162162162162], [-4.123076923076923, 31.37162162162162], [-4.123076923076923, 31.12837837837838]]]}, "properties": {"row": 19, "col": 52, "lat": 31.25, "lon": -4.0, "alert_level": "red", "severity": 6.8, "forecasts": [{"day": 0, "date": "2026-06-25", "heat_index": 38.8, "wind_chill": 20.8, "severity": 6.8, "alert_level": "red"}, {"day": 1, "date": "2026-06-26", "heat_index": 38.7, "wind_chill": 21.7, "severity": 6.7, "alert_level": "red"}, {"day": 2, "date": "2026-06-27", "heat_index": 38.4, "wind_chill": 21.9, "severity": 6.4, "alert_level": "red"}, {"day": 3, "date": "2026-06-28", "heat_index": 38.5, "wind_chill": 22.0, "severity": 6.5, "alert_level": "red"}, {"day": 4, "date": "2026-06-29", "heat_index": 38.5, "wind_chill": 22.0, "severity": 6.5, "alert_level": "red"}, {"day": 5, "date": "2026-06-30", "heat_index": 38.7, "wind_chill": 22.1, "severity": 6.7, "alert_level": "red"}, {"day": 6, "date": "2026-07-01", "heat_index": 38.8, "wind_chill": 22.2, "severity": 6.8, "alert_level": "red"}]}}, {"type": "Feature", "geometry": {"type": "Polygon", "coordinates": [[[-9.873076923076923, 30.87837837837838], [-9.626923076923077, 30.87837837837838], [-9.626923076923077, 31.12162162162162], [-9.873076923076923, 31.12162162162162], [-9.873076923076923, 30.87837837837838]]]}, "properties": {"row": 20, "col": 29, "lat": 31.0, "lon": -9.75, "alert_level": "none", "severity": 0, "forecasts": [{"day": 0, "date": "2026-06-25", "heat_index": 28.4, "wind_chill": 19.9, "severity": 0, "alert_level": "none"}, {"day": 1, "date": "2026-06-26", "heat_index": 25.8, "wind_chill": 15.5, "severity": 0, "alert_level": "none"}, {"day": 2, "date": "2026-06-27", "heat_index": 26.5, "wind_chill": 15.8, "severity": 0, "alert_level": "none"}, {"day": 3, "date": "2026-06-28", "heat_index": 26.7, "wind_chill": 15.3, "severity": 0, "alert_level": "none"}, {"day": 4, "date": "2026-06-29", "heat_index": 26.9, "wind_chill": 15.4, "severity": 0, "alert_level": "none"}, {"day": 5, "date": "2026-06-30", "heat_index": 27.1, "wind_chill": 15.4, "severity": 0, "alert_level": "none"}, {"day": 6, "date": "2026-07-01", "heat_index": 27.1, "wind_chill": 15.5, "severity": 0, "alert_level": "none"}]}}, {"type": "Feature", "geometry": {"type": "Polygon", "coordinates": [[[-9.623076923076923, 30.87837837837838], [-9.376923076923077, 30.87837837837838], [-9.376923076923077, 31.12162162162162], [-9.623076923076923, 31.12162162162162], [-9.623076923076923, 30.87837837837838]]]}, "properties": {"row": 20, "col": 30, "lat": 31.0, "lon": -9.5, "alert_level": "none", "severity": 0, "forecasts": [{"day": 0, "date": "2026-06-25", "heat_index": 23.9, "wind_chill": 13.3, "severity": 0, "alert_level": "none"}, {"day": 1, "date": "2026-06-26", "heat_index": 24.6, "wind_chill": 13.4, "severity": 0, "alert_level": "none"}, {"day": 2, "date": "2026-06-27", "heat_index": 25.5, "wind_chill": 14.8, "severity": 0, "alert_level": "none"}, {"day": 3, "date": "2026-06-28", "heat_index": 26.0, "wind_chill": 15.4, "severity": 0, "alert_level": "none"}, {"day": 4, "date": "2026-06-29", "heat_index": 26.5, "wind_chill": 15.8, "severity": 0, "alert_level": "none"}, {"day": 5, "date": "2026-06-30", "heat_index": 27.0, "wind_chill": 16.1, "severity": 0, "alert_level": "none"}, {"day": 6, "date": "2026-07-01", "heat_index": 27.4, "wind_chill": 16.5, "severity": 0, "alert_level": "none"}]}}, {"type": "Feature", "geometry": {"type": "Polygon", "coordinates": [[[-9.373076923076923, 30.87837837837838], [-9.126923076923077, 30.87837837837838], [-9.126923076923077, 31.12162162162162], [-9.373076923076923, 31.12162162162162], [-9.373076923076923, 30.87837837837838]]]}, "properties": {"row": 20, "col": 31, "lat": 31.0, "lon": -9.25, "alert_level": "none", "severity": 0, "forecasts": [{"day": 0, "date": "2026-06-25", "heat_index": 26.4, "wind_chill": 16.2, "severity": 0, "alert_level": "none"}, {"day": 1, "date": "2026-06-26", "heat_index": 26.0, "wind_chill": 14.6, "severity": 0, "alert_level": "none"}, {"day": 2, "date": "2026-06-27", "heat_index": 25.7, "wind_chill": 14.9, "severity": 0, "alert_level": "none"}, {"day": 3, "date": "2026-06-28", "heat_index": 25.9, "wind_chill": 15.3, "severity": 0, "alert_level": "none"}, {"day": 4, "date": "2026-06-29", "heat_index": 26.0, "wind_chill": 15.4, "severity": 0, "alert_level": "none"}, {"day": 5, "date": "2026-06-30", "heat_index": 26.4, "wind_chill": 15.5, "severity": 0, "alert_level": "none"}, {"day": 6, "date": "2026-07-01", "heat_index": 26.7, "wind_chill": 15.7, "severity": 0, "alert_level": "none"}]}}, {"type": "Feature", "geometry": {"type": "Polygon", "coordinates": [[[-9.123076923076923, 30.87837837837838], [-8.876923076923077, 30.87837837837838], [-8.876923076923077, 31.12162162162162], [-9.123076923076923, 31.12162162162162], [-9.123076923076923, 30.87837837837838]]]}, "properties": {"row": 20, "col": 32, "lat": 31.0, "lon": -9.0, "alert_level": "none", "severity": 0, "forecasts": [{"day": 0, "date": "2026-06-25", "heat_index": 26.7, "wind_chill": 15.2, "severity": 0, "alert_level": "none"}, {"day": 1, "date": "2026-06-26", "heat_index": 26.6, "wind_chill": 14.3, "severity": 0, "alert_level": "none"}, {"day": 2, "date": "2026-06-27", "heat_index": 26.5, "wind_chill": 13.8, "severity": 0, "alert_level": "none"}, {"day": 3, "date": "2026-06-28", "heat_index": 26.8, "wind_chill": 14.0, "severity": 0, "alert_level": "none"}, {"day": 4, "date": "2026-06-29", "heat_index": 26.9, "wind_chill": 14.1, "severity": 0, "alert_level": "none"}, {"day": 5, "date": "2026-06-30", "heat_index": 27.4, "wind_chill": 14.3, "severity": 0, "alert_level": "none"}, {"day": 6, "date": "2026-07-01", "heat_index": 27.9, "wind_chill": 14.6, "severity": 0, "alert_level": "none"}]}}, {"type": "Feature", "geometry": {"type": "Polygon", "coordinates": [[[-8.873076923076923, 30.87837837837838], [-8.626923076923077, 30.87837837837838], [-8.626923076923077, 31.12162162162162], [-8.873076923076923, 31.12162162162162], [-8.873076923076923, 30.87837837837838]]]}, "properties": {"row": 20, "col": 33, "lat": 31.0, "lon": -8.75, "alert_level": "none", "severity": 0, "forecasts": [{"day": 0, "date": "2026-06-25", "heat_index": 26.8, "wind_chill": 13.6, "severity": 0, "alert_level": "none"}, {"day": 1, "date": "2026-06-26", "heat_index": 26.5, "wind_chill": 12.8, "severity": 0, "alert_level": "none"}, {"day": 2, "date": "2026-06-27", "heat_index": 26.6, "wind_chill": 12.6, "severity": 0, "alert_level": "none"}, {"day": 3, "date": "2026-06-28", "heat_index": 26.7, "wind_chill": 12.7, "severity": 0, "alert_level": "none"}, {"day": 4, "date": "2026-06-29", "heat_index": 26.8, "wind_chill": 12.7, "severity": 0, "alert_level": "none"}, {"day": 5, "date": "2026-06-30", "heat_index": 27.3, "wind_chill": 13.0, "severity": 0, "alert_level": "none"}, {"day": 6, "date": "2026-07-01", "heat_index": 27.8, "wind_chill": 13.3, "severity": 0, "alert_level": "none"}]}}, {"type": "Feature", "geometry": {"type": "Polygon", "coordinates": [[[-8.623076923076923, 30.87837837837838], [-8.376923076923077, 30.87837837837838], [-8.376923076923077, 31.12162162162162], [-8.623076923076923, 31.12162162162162], [-8.623076923076923, 30.87837837837838]]]}, "properties": {"row": 20, "col": 34, "lat": 31.0, "lon": -8.5, "alert_level": "none", "severity": 0, "forecasts": [{"day": 0, "date": "2026-06-25", "heat_index": 26.6, "wind_chill": 12.4, "severity": 0, "alert_level": "none"}, {"day": 1, "date": "2026-06-26", "heat_index": 26.7, "wind_chill": 12.2, "severity": 0, "alert_level": "none"}, {"day": 2, "date": "2026-06-27", "heat_index": 27.2, "wind_chill": 12.4, "severity": 0, "alert_level": "none"}, {"day": 3, "date": "2026-06-28", "heat_index": 27.5, "wind_chill": 12.7, "severity": 0, "alert_level": "none"}, {"day": 4, "date": "2026-06-29", "heat_index": 27.6, "wind_chill": 12.7, "severity": 0, "alert_level": "none"}, {"day": 5, "date": "2026-06-30", "heat_index": 28.1, "wind_chill": 13.0, "severity": 0, "alert_level": "none"}, {"day": 6, "date": "2026-07-01", "heat_index": 28.6, "wind_chill": 13.3, "severity": 0, "alert_level": "none"}]}}, {"type": "Feature", "geometry": {"type": "Polygon", "coordinates": [[[-8.373076923076923, 30.87837837837838], [-8.126923076923077, 30.87837837837838], [-8.126923076923077, 31.12162162162162], [-8.373076923076923, 31.12162162162162], [-8.373076923076923, 30.87837837837838]]]}, "properties": {"row": 20, "col": 35, "lat": 31.0, "lon": -8.25, "alert_level": "none", "severity": 0, "forecasts": [{"day": 0, "date": "2026-06-25", "heat_index": 26.6, "wind_chill": 12.1, "severity": 0, "alert_level": "none"}, {"day": 1, "date": "2026-06-26", "heat_index": 27.2, "wind_chill": 12.3, "severity": 0, "alert_level": "none"}, {"day": 2, "date": "2026-06-27", "heat_index": 27.9, "wind_chill": 12.7, "severity": 0, "alert_level": "none"}, {"day": 3, "date": "2026-06-28", "heat_index": 28.3, "wind_chill": 13.0, "severity": 0, "alert_level": "none"}, {"day": 4, "date": "2026-06-29", "heat_index": 28.4, "wind_chill": 13.1, "severity": 0, "alert_level": "none"}, {"day": 5, "date": "2026-06-30", "heat_index": 28.9, "wind_chill": 13.4, "severity": 0, "alert_level": "none"}, {"day": 6, "date": "2026-07-01", "heat_index": 29.4, "wind_chill": 13.7, "severity": 0, "alert_level": "none"}]}}, {"type": "Feature", "geometry": {"type": "Polygon", "coordinates": [[[-8.123076923076923, 30.87837837837838], [-7.876923076923077, 30.87837837837838], [-7.876923076923077, 31.12162162162162], [-8.123076923076923, 31.12162162162162], [-8.123076923076923, 30.87837837837838]]]}, "properties": {"row": 20, "col": 36, "lat": 31.0, "lon": -8.0, "alert_level": "none", "severity": 0, "forecasts": [{"day": 0, "date": "2026-06-25", "heat_index": 25.6, "wind_chill": 10.8, "severity": 0, "alert_level": "none"}, {"day": 1, "date": "2026-06-26", "heat_index": 26.3, "wind_chill": 11.3, "severity": 0, "alert_level": "none"}, {"day": 2, "date": "2026-06-27", "heat_index": 27.0, "wind_chill": 11.6, "severity": 0, "alert_level": "none"}, {"day": 3, "date": "2026-06-28", "heat_index": 27.4, "wind_chill": 12.1, "severity": 0, "alert_level": "none"}, {"day": 4, "date": "2026-06-29", "heat_index": 27.6, "wind_chill": 12.2, "severity": 0, "alert_level": "none"}, {"day": 5, "date": "2026-06-30", "heat_index": 28.2, "wind_chill": 12.5, "severity": 0, "alert_level": "none"}, {"day": 6, "date": "2026-07-01", "heat_index": 28.6, "wind_chill": 12.9, "severity": 0, "alert_level": "none"}]}}, {"type": "Feature", "geometry": {"type": "Polygon", "coordinates": [[[-7.873076923076923, 30.87837837837838], [-7.626923076923077, 30.87837837837838], [-7.626923076923077, 31.12162162162162], [-7.873076923076923, 31.12162162162162], [-7.873076923076923, 30.87837837837838]]]}, "properties": {"row": 20, "col": 37, "lat": 31.0, "lon": -7.75, "alert_level": "none", "severity": 0, "forecasts": [{"day": 0, "date": "2026-06-25", "heat_index": 25.4, "wind_chill": 10.4, "severity": 0, "alert_level": "none"}, {"day": 1, "date": "2026-06-26", "heat_index": 26.4, "wind_chill": 11.2, "severity": 0, "alert_level": "none"}, {"day": 2, "date": "2026-06-27", "heat_index": 26.9, "wind_chill": 11.5, "severity": 0, "alert_level": "none"}, {"day": 3, "date": "2026-06-28", "heat_index": 27.3, "wind_chill": 12.1, "severity": 0, "alert_level": "none"}, {"day": 4, "date": "2026-06-29", "heat_index": 27.6, "wind_chill": 12.3, "severity": 0, "alert_level": "none"}, {"day": 5, "date": "2026-06-30", "heat_index": 28.1, "wind_chill": 12.6, "severity": 0, "alert_level": "none"}, {"day": 6, "date": "2026-07-01", "heat_index": 28.5, "wind_chill": 13.0, "severity": 0, "alert_level": "none"}]}}, {"type": "Feature", "geometry": {"type": "Polygon", "coordinates": [[[-7.623076923076923, 30.87837837837838], [-7.376923076923077, 30.87837837837838], [-7.376923076923077, 31.12162162162162], [-7.623076923076923, 31.12162162162162], [-7.623076923076923, 30.87837837837838]]]}, "properties": {"row": 20, "col": 38, "lat": 31.0, "lon": -7.5, "alert_level": "none", "severity": 0, "forecasts": [{"day": 0, "date": "2026-06-25", "heat_index": 27.6, "wind_chill": 12.0, "severity": 0, "alert_level": "none"}, {"day": 1, "date": "2026-06-26", "heat_index": 28.6, "wind_chill": 13.0, "severity": 0, "alert_level": "none"}, {"day": 2, "date": "2026-06-27", "heat_index": 29.0, "wind_chill": 13.5, "severity": 0, "alert_level": "none"}, {"day": 3, "date": "2026-06-28", "heat_index": 29.5, "wind_chill": 14.1, "severity": 0, "alert_level": "none"}, {"day": 4, "date": "2026-06-29", "heat_index": 29.7, "wind_chill": 14.3, "severity": 0, "alert_level": "none"}, {"day": 5, "date": "2026-06-30", "heat_index": 30.1, "wind_chill": 14.6, "severity": 0, "alert_level": "none"}, {"day": 6, "date": "2026-07-01", "heat_index": 30.5, "wind_chill": 14.9, "severity": 0, "alert_level": "none"}]}}, {"type": "Feature", "geometry": {"type": "Polygon", "coordinates": [[[-7.373076923076923, 30.87837837837838], [-7.126923076923077, 30.87837837837838], [-7.126923076923077, 31.12162162162162], [-7.373076923076923, 31.12162162162162], [-7.373076923076923, 30.87837837837838]]]}, "properties": {"row": 20, "col": 39, "lat": 31.0, "lon": -7.25, "alert_level": "yellow", "severity": 1.3, "forecasts": [{"day": 0, "date": "2026-06-25", "heat_index": 30.8, "wind_chill": 14.1, "severity": 0, "alert_level": "none"}, {"day": 1, "date": "2026-06-26", "heat_index": 31.6, "wind_chill": 15.3, "severity": 0, "alert_level": "none"}, {"day": 2, "date": "2026-06-27", "heat_index": 31.9, "wind_chill": 16.1, "severity": 0, "alert_level": "none"}, {"day": 3, "date": "2026-06-28", "heat_index": 32.3, "wind_chill": 16.6, "severity": 0.3, "alert_level": "yellow"}, {"day": 4, "date": "2026-06-29", "heat_index": 32.5, "wind_chill": 16.8, "severity": 0.5, "alert_level": "yellow"}, {"day": 5, "date": "2026-06-30", "heat_index": 33.0, "wind_chill": 17.1, "severity": 1.0, "alert_level": "yellow"}, {"day": 6, "date": "2026-07-01", "heat_index": 33.3, "wind_chill": 17.4, "severity": 1.3, "alert_level": "yellow"}]}}, {"type": "Feature", "geometry": {"type": "Polygon", "coordinates": [[[-7.123076923076923, 30.87837837837838], [-6.876923076923077, 30.87837837837838], [-6.876923076923077, 31.12162162162162], [-7.123076923076923, 31.12162162162162], [-7.123076923076923, 30.87837837837838]]]}, "properties": {"row": 20, "col": 40, "lat": 31.0, "lon": -7.0, "alert_level": "orange", "severity": 3.2, "forecasts": [{"day": 0, "date": "2026-06-25", "heat_index": 33.1, "wind_chill": 15.5, "severity": 1.1, "alert_level": "yellow"}, {"day": 1, "date": "2026-06-26", "heat_index": 33.6, "wind_chill": 16.7, "severity": 1.6, "alert_level": "yellow"}, {"day": 2, "date": "2026-06-27", "heat_index": 33.9, "wind_chill": 17.7, "severity": 1.9, "alert_level": "yellow"}, {"day": 3, "date": "2026-06-28", "heat_index": 34.3, "wind_chill": 18.3, "severity": 2.3, "alert_level": "orange"}, {"day": 4, "date": "2026-06-29", "heat_index": 34.6, "wind_chill": 18.5, "severity": 2.6, "alert_level": "orange"}, {"day": 5, "date": "2026-06-30", "heat_index": 34.9, "wind_chill": 18.8, "severity": 2.9, "alert_level": "orange"}, {"day": 6, "date": "2026-07-01", "heat_index": 35.2, "wind_chill": 19.1, "severity": 3.2, "alert_level": "orange"}]}}, {"type": "Feature", "geometry": {"type": "Polygon", "coordinates": [[[-6.873076923076923, 30.87837837837838], [-6.626923076923077, 30.87837837837838], [-6.626923076923077, 31.12162162162162], [-6.873076923076923, 31.12162162162162], [-6.873076923076923, 30.87837837837838]]]}, "properties": {"row": 20, "col": 41, "lat": 31.0, "lon": -6.75, "alert_level": "orange", "severity": 4.3, "forecasts": [{"day": 0, "date": "2026-06-25", "heat_index": 34.8, "wind_chill": 16.9, "severity": 2.8, "alert_level": "orange"}, {"day": 1, "date": "2026-06-26", "heat_index": 35.0, "wind_chill": 18.0, "severity": 3.0, "alert_level": "orange"}, {"day": 2, "date": "2026-06-27", "heat_index": 35.2, "wind_chill": 18.9, "severity": 3.2, "alert_level": "orange"}, {"day": 3, "date": "2026-06-28", "heat_index": 35.5, "wind_chill": 19.3, "severity": 3.5, "alert_level": "orange"}, {"day": 4, "date": "2026-06-29", "heat_index": 35.7, "wind_chill": 19.6, "severity": 3.7, "alert_level": "orange"}, {"day": 5, "date": "2026-06-30", "heat_index": 36.0, "wind_chill": 19.8, "severity": 4.0, "alert_level": "orange"}, {"day": 6, "date": "2026-07-01", "heat_index": 36.3, "wind_chill": 20.1, "severity": 4.3, "alert_level": "orange"}]}}, {"type": "Feature", "geometry": {"type": "Polygon", "coordinates": [[[-6.623076923076923, 30.87837837837838], [-6.376923076923077, 30.87837837837838], [-6.376923076923077, 31.12162162162162], [-6.623076923076923, 31.12162162162162], [-6.623076923076923, 30.87837837837838]]]}, "properties": {"row": 20, "col": 42, "lat": 31.0, "lon": -6.5, "alert_level": "orange", "severity": 3.9, "forecasts": [{"day": 0, "date": "2026-06-25", "heat_index": 34.9, "wind_chill": 17.4, "severity": 2.9, "alert_level": "orange"}, {"day": 1, "date": "2026-06-26", "heat_index": 34.9, "wind_chill": 18.2, "severity": 2.9, "alert_level": "orange"}, {"day": 2, "date": "2026-06-27", "heat_index": 35.1, "wind_chill": 19.1, "severity": 3.1, "alert_level": "orange"}, {"day": 3, "date": "2026-06-28", "heat_index": 35.3, "wind_chill": 19.4, "severity": 3.3, "alert_level": "orange"}, {"day": 4, "date": "2026-06-29", "heat_index": 35.4, "wind_chill": 19.5, "severity": 3.4, "alert_level": "orange"}, {"day": 5, "date": "2026-06-30", "heat_index": 35.7, "wind_chill": 19.8, "severity": 3.7, "alert_level": "orange"}, {"day": 6, "date": "2026-07-01", "heat_index": 35.9, "wind_chill": 20.0, "severity": 3.9, "alert_level": "orange"}]}}, {"type": "Feature", "geometry": {"type": "Polygon", "coordinates": [[[-6.373076923076923, 30.87837837837838], [-6.126923076923077, 30.87837837837838], [-6.126923076923077, 31.12162162162162], [-6.373076923076923, 31.12162162162162], [-6.373076923076923, 30.87837837837838]]]}, "properties": {"row": 20, "col": 43, "lat": 31.0, "lon": -6.25, "alert_level": "orange", "severity": 2.5, "forecasts": [{"day": 0, "date": "2026-06-25", "heat_index": 33.8, "wind_chill": 17.2, "severity": 1.8, "alert_level": "yellow"}, {"day": 1, "date": "2026-06-26", "heat_index": 33.6, "wind_chill": 17.6, "severity": 1.6, "alert_level": "yellow"}, {"day": 2, "date": "2026-06-27", "heat_index": 33.8, "wind_chill": 18.2, "severity": 1.8, "alert_level": "yellow"}, {"day": 3, "date": "2026-06-28", "heat_index": 33.9, "wind_chill": 18.5, "severity": 1.9, "alert_level": "yellow"}, {"day": 4, "date": "2026-06-29", "heat_index": 34.0, "wind_chill": 18.5, "severity": 2.0, "alert_level": "yellow"}, {"day": 5, "date": "2026-06-30", "heat_index": 34.3, "wind_chill": 18.7, "severity": 2.3, "alert_level": "orange"}, {"day": 6, "date": "2026-07-01", "heat_index": 34.5, "wind_chill": 18.9, "severity": 2.5, "alert_level": "orange"}]}}, {"type": "Feature", "geometry": {"type": "Polygon", "coordinates": [[[-6.123076923076923, 30.87837837837838], [-5.876923076923077, 30.87837837837838], [-5.876923076923077, 31.12162162162162], [-6.123076923076923, 31.12162162162162], [-6.123076923076923, 30.87837837837838]]]}, "properties": {"row": 20, "col": 44, "lat": 31.0, "lon": -6.0, "alert_level": "yellow", "severity": 1.5, "forecasts": [{"day": 0, "date": "2026-06-25", "heat_index": 32.8, "wind_chill": 16.8, "severity": 0.8, "alert_level": "yellow"}, {"day": 1, "date": "2026-06-26", "heat_index": 32.5, "wind_chill": 17.1, "severity": 0.5, "alert_level": "yellow"}, {"day": 2, "date": "2026-06-27", "heat_index": 32.8, "wind_chill": 17.5, "severity": 0.8, "alert_level": "yellow"}, {"day": 3, "date": "2026-06-28", "heat_index": 32.9, "wind_chill": 17.7, "severity": 0.9, "alert_level": "yellow"}, {"day": 4, "date": "2026-06-29", "heat_index": 33.0, "wind_chill": 17.7, "severity": 1.0, "alert_level": "yellow"}, {"day": 5, "date": "2026-06-30", "heat_index": 33.3, "wind_chill": 17.9, "severity": 1.3, "alert_level": "yellow"}, {"day": 6, "date": "2026-07-01", "heat_index": 33.5, "wind_chill": 18.1, "severity": 1.5, "alert_level": "yellow"}]}}, {"type": "Feature", "geometry": {"type": "Polygon", "coordinates": [[[-5.873076923076923, 30.87837837837838], [-5.626923076923077, 30.87837837837838], [-5.626923076923077, 31.12162162162162], [-5.873076923076923, 31.12162162162162], [-5.873076923076923, 30.87837837837838]]]}, "properties": {"row": 20, "col": 45, "lat": 31.0, "lon": -5.75, "alert_level": "yellow", "severity": 1.8, "forecasts": [{"day": 0, "date": "2026-06-25", "heat_index": 33.0, "wind_chill": 17.1, "severity": 1.0, "alert_level": "yellow"}, {"day": 1, "date": "2026-06-26", "heat_index": 32.8, "wind_chill": 17.4, "severity": 0.8, "alert_level": "yellow"}, {"day": 2, "date": "2026-06-27", "heat_index": 33.1, "wind_chill": 17.6, "severity": 1.1, "alert_level": "yellow"}, {"day": 3, "date": "2026-06-28", "heat_index": 33.2, "wind_chill": 17.9, "severity": 1.2, "alert_level": "yellow"}, {"day": 4, "date": "2026-06-29", "heat_index": 33.3, "wind_chill": 17.9, "severity": 1.3, "alert_level": "yellow"}, {"day": 5, "date": "2026-06-30", "heat_index": 33.6, "wind_chill": 18.0, "severity": 1.6, "alert_level": "yellow"}, {"day": 6, "date": "2026-07-01", "heat_index": 33.8, "wind_chill": 18.2, "severity": 1.8, "alert_level": "yellow"}]}}, {"type": "Feature", "geometry": {"type": "Polygon", "coordinates": [[[-5.623076923076923, 30.87837837837838], [-5.376923076923077, 30.87837837837838], [-5.376923076923077, 31.12162162162162], [-5.623076923076923, 31.12162162162162], [-5.623076923076923, 30.87837837837838]]]}, "properties": {"row": 20, "col": 46, "lat": 31.0, "lon": -5.5, "alert_level": "orange", "severity": 3.0, "forecasts": [{"day": 0, "date": "2026-06-25", "heat_index": 34.2, "wind_chill": 18.0, "severity": 2.2, "alert_level": "orange"}, {"day": 1, "date": "2026-06-26", "heat_index": 33.9, "wind_chill": 18.3, "severity": 1.9, "alert_level": "yellow"}, {"day": 2, "date": "2026-06-27", "heat_index": 34.3, "wind_chill": 18.5, "severity": 2.3, "alert_level": "orange"}, {"day": 3, "date": "2026-06-28", "heat_index": 34.5, "wind_chill": 18.7, "severity": 2.5, "alert_level": "orange"}, {"day": 4, "date": "2026-06-29", "heat_index": 34.5, "wind_chill": 18.7, "severity": 2.5, "alert_level": "orange"}, {"day": 5, "date": "2026-06-30", "heat_index": 34.8, "wind_chill": 18.9, "severity": 2.8, "alert_level": "orange"}, {"day": 6, "date": "2026-07-01", "heat_index": 35.0, "wind_chill": 19.1, "severity": 3.0, "alert_level": "orange"}]}}, {"type": "Feature", "geometry": {"type": "Polygon", "coordinates": [[[-5.373076923076923, 30.87837837837838], [-5.126923076923077, 30.87837837837838], [-5.126923076923077, 31.12162162162162], [-5.373076923076923, 31.12162162162162], [-5.373076923076923, 30.87837837837838]]]}, "properties": {"row": 20, "col": 47, "lat": 31.0, "lon": -5.25, "alert_level": "orange", "severity": 4.9, "forecasts": [{"day": 0, "date": "2026-06-25", "heat_index": 36.2, "wind_chill": 19.4, "severity": 4.2, "alert_level": "orange"}, {"day": 1, "date": "2026-06-26", "heat_index": 35.9, "wind_chill": 19.7, "severity": 3.9, "alert_level": "orange"}, {"day": 2, "date": "2026-06-27", "heat_index": 36.1, "wind_chill": 19.9, "severity": 4.1, "alert_level": "orange"}, {"day": 3, "date": "2026-06-28", "heat_index": 36.3, "wind_chill": 20.0, "severity": 4.3, "alert_level": "orange"}, {"day": 4, "date": "2026-06-29", "heat_index": 36.4, "wind_chill": 20.1, "severity": 4.4, "alert_level": "orange"}, {"day": 5, "date": "2026-06-30", "heat_index": 36.7, "wind_chill": 20.2, "severity": 4.7, "alert_level": "orange"}, {"day": 6, "date": "2026-07-01", "heat_index": 36.9, "wind_chill": 20.4, "severity": 4.9, "alert_level": "orange"}]}}, {"type": "Feature", "geometry": {"type": "Polygon", "coordinates": [[[-5.123076923076923, 30.87837837837838], [-4.876923076923077, 30.87837837837838], [-4.876923076923077, 31.12162162162162], [-5.123076923076923, 31.12162162162162], [-5.123076923076923, 30.87837837837838]]]}, "properties": {"row": 20, "col": 48, "lat": 31.0, "lon": -5.0, "alert_level": "red", "severity": 6.6, "forecasts": [{"day": 0, "date": "2026-06-25", "heat_index": 38.1, "wind_chill": 20.3, "severity": 6.1, "alert_level": "red"}, {"day": 1, "date": "2026-06-26", "heat_index": 37.9, "wind_chill": 21.0, "severity": 5.9, "alert_level": "red"}, {"day": 2, "date": "2026-06-27", "heat_index": 37.9, "wind_chill": 21.1, "severity": 5.9, "alert_level": "red"}, {"day": 3, "date": "2026-06-28", "heat_index": 38.1, "wind_chill": 21.3, "severity": 6.1, "alert_level": "red"}, {"day": 4, "date": "2026-06-29", "heat_index": 38.2, "wind_chill": 21.3, "severity": 6.2, "alert_level": "red"}, {"day": 5, "date": "2026-06-30", "heat_index": 38.5, "wind_chill": 21.5, "severity": 6.5, "alert_level": "red"}, {"day": 6, "date": "2026-07-01", "heat_index": 38.6, "wind_chill": 21.7, "severity": 6.6, "alert_level": "red"}]}}, {"type": "Feature", "geometry": {"type": "Polygon", "coordinates": [[[-4.873076923076923, 30.87837837837838], [-4.626923076923077, 30.87837837837838], [-4.626923076923077, 31.12162162162162], [-4.873076923076923, 31.12162162162162], [-4.873076923076923, 30.87837837837838]]]}, "properties": {"row": 20, "col": 49, "lat": 31.0, "lon": -4.75, "alert_level": "red", "severity": 7.8, "forecasts": [{"day": 0, "date": "2026-06-25", "heat_index": 39.6, "wind_chill": 21.1, "severity": 7.6, "alert_level": "red"}, {"day": 1, "date": "2026-06-26", "heat_index": 39.4, "wind_chill": 22.0, "severity": 7.4, "alert_level": "red"}, {"day": 2, "date": "2026-06-27", "heat_index": 39.1, "wind_chill": 22.1, "severity": 7.1, "alert_level": "red"}, {"day": 3, "date": "2026-06-28", "heat_index": 39.3, "wind_chill": 22.2, "severity": 7.3, "alert_level": "red"}, {"day": 4, "date": "2026-06-29", "heat_index": 39.4, "wind_chill": 22.3, "severity": 7.4, "alert_level": "red"}, {"day": 5, "date": "2026-06-30", "heat_index": 39.7, "wind_chill": 22.5, "severity": 7.7, "alert_level": "red"}, {"day": 6, "date": "2026-07-01", "heat_index": 39.8, "wind_chill": 22.6, "severity": 7.8, "alert_level": "red"}]}}, {"type": "Feature", "geometry": {"type": "Polygon", "coordinates": [[[-4.623076923076923, 30.87837837837838], [-4.376923076923077, 30.87837837837838], [-4.376923076923077, 31.12162162162162], [-4.623076923076923, 31.12162162162162], [-4.623076923076923, 30.87837837837838]]]}, "properties": {"row": 20, "col": 50, "lat": 31.0, "lon": -4.5, "alert_level": "red", "severity": 7.9, "forecasts": [{"day": 0, "date": "2026-06-25", "heat_index": 39.8, "wind_chill": 21.0, "severity": 7.8, "alert_level": "red"}, {"day": 1, "date": "2026-06-26", "heat_index": 39.7, "wind_chill": 22.1, "severity": 7.7, "alert_level": "red"}, {"day": 2, "date": "2026-06-27", "heat_index": 39.4, "wind_chill": 22.3, "severity": 7.4, "alert_level": "red"}, {"day": 3, "date": "2026-06-28", "heat_index": 39.4, "wind_chill": 22.4, "severity": 7.4, "alert_level": "red"}, {"day": 4, "date": "2026-06-29", "heat_index": 39.6, "wind_chill": 22.5, "severity": 7.6, "alert_level": "red"}, {"day": 5, "date": "2026-06-30", "heat_index": 39.8, "wind_chill": 22.7, "severity": 7.8, "alert_level": "red"}, {"day": 6, "date": "2026-07-01", "heat_index": 39.9, "wind_chill": 22.8, "severity": 7.9, "alert_level": "red"}]}}, {"type": "Feature", "geometry": {"type": "Polygon", "coordinates": [[[-4.373076923076923, 30.87837837837838], [-4.126923076923077, 30.87837837837838], [-4.126923076923077, 31.12162162162162], [-4.373076923076923, 31.12162162162162], [-4.373076923076923, 30.87837837837838]]]}, "properties": {"row": 20, "col": 51, "lat": 31.0, "lon": -4.25, "alert_level": "red", "severity": 7.6, "forecasts": [{"day": 0, "date": "2026-06-25", "heat_index": 39.5, "wind_chill": 20.5, "severity": 7.5, "alert_level": "red"}, {"day": 1, "date": "2026-06-26", "heat_index": 39.4, "wind_chill": 21.8, "severity": 7.4, "alert_level": "red"}, {"day": 2, "date": "2026-06-27", "heat_index": 39.1, "wind_chill": 22.1, "severity": 7.1, "alert_level": "red"}, {"day": 3, "date": "2026-06-28", "heat_index": 39.1, "wind_chill": 22.2, "severity": 7.1, "alert_level": "red"}, {"day": 4, "date": "2026-06-29", "heat_index": 39.3, "wind_chill": 22.3, "severity": 7.3, "alert_level": "red"}, {"day": 5, "date": "2026-06-30", "heat_index": 39.5, "wind_chill": 22.5, "severity": 7.5, "alert_level": "red"}, {"day": 6, "date": "2026-07-01", "heat_index": 39.6, "wind_chill": 22.6, "severity": 7.6, "alert_level": "red"}]}}, {"type": "Feature", "geometry": {"type": "Polygon", "coordinates": [[[-4.123076923076923, 30.87837837837838], [-3.876923076923077, 30.87837837837838], [-3.876923076923077, 31.12162162162162], [-4.123076923076923, 31.12162162162162], [-4.123076923076923, 30.87837837837838]]]}, "properties": {"row": 20, "col": 52, "lat": 31.0, "lon": -4.0, "alert_level": "red", "severity": 7.3, "forecasts": [{"day": 0, "date": "2026-06-25", "heat_index": 39.3, "wind_chill": 20.3, "severity": 7.3, "alert_level": "red"}, {"day": 1, "date": "2026-06-26", "heat_index": 39.2, "wind_chill": 21.7, "severity": 7.2, "alert_level": "red"}, {"day": 2, "date": "2026-06-27", "heat_index": 38.8, "wind_chill": 21.9, "severity": 6.8, "alert_level": "red"}, {"day": 3, "date": "2026-06-28", "heat_index": 38.8, "wind_chill": 22.0, "severity": 6.8, "alert_level": "red"}, {"day": 4, "date": "2026-06-29", "heat_index": 38.9, "wind_chill": 22.1, "severity": 6.9, "alert_level": "red"}, {"day": 5, "date": "2026-06-30", "heat_index": 39.2, "wind_chill": 22.3, "severity": 7.2, "alert_level": "red"}, {"day": 6, "date": "2026-07-01", "heat_index": 39.3, "wind_chill": 22.4, "severity": 7.3, "alert_level": "red"}]}}, {"type": "Feature", "geometry": {"type": "Polygon", "coordinates": [[[-3.873076923076923, 30.87837837837838], [-3.626923076923077, 30.87837837837838], [-3.626923076923077, 31.12162162162162], [-3.873076923076923, 31.12162162162162], [-3.873076923076923, 30.87837837837838]]]}, "properties": {"row": 20, "col": 53, "lat": 31.0, "lon": -3.75, "alert_level": "red", "severity": 7.1, "forecasts": [{"day": 0, "date": "2026-06-25", "heat_index": 39.1, "wind_chill": 20.1, "severity": 7.1, "alert_level": "red"}, {"day": 1, "date": "2026-06-26", "heat_index": 38.9, "wind_chill": 21.4, "severity": 6.9, "alert_level": "red"}, {"day": 2, "date": "2026-06-27", "heat_index": 38.4, "wind_chill": 21.6, "severity": 6.4, "alert_level": "red"}, {"day": 3, "date": "2026-06-28", "heat_index": 38.3, "wind_chill": 21.6, "severity": 6.3, "alert_level": "red"}, {"day": 4, "date": "2026-06-29", "heat_index": 38.4, "wind_chill": 21.7, "severity": 6.4, "alert_level": "red"}, {"day": 5, "date": "2026-06-30", "heat_index": 38.7, "wind_chill": 21.8, "severity": 6.7, "alert_level": "red"}, {"day": 6, "date": "2026-07-01", "heat_index": 38.8, "wind_chill": 21.9, "severity": 6.8, "alert_level": "red"}]}}, {"type": "Feature", "geometry": {"type": "Polygon", "coordinates": [[[-9.873076923076923, 30.62837837837838], [-9.626923076923077, 30.62837837837838], [-9.626923076923077, 30.87162162162162], [-9.873076923076923, 30.87162162162162], [-9.873076923076923, 30.62837837837838]]]}, "properties": {"row": 21, "col": 29, "lat": 30.75, "lon": -9.75, "alert_level": "none", "severity": 0, "forecasts": [{"day": 0, "date": "2026-06-25", "heat_index": 30.2, "wind_chill": 17.7, "severity": 0, "alert_level": "none"}, {"day": 1, "date": "2026-06-26", "heat_index": 26.2, "wind_chill": 16.7, "severity": 0, "alert_level": "none"}, {"day": 2, "date": "2026-06-27", "heat_index": 26.4, "wind_chill": 16.4, "severity": 0, "alert_level": "none"}, {"day": 3, "date": "2026-06-28", "heat_index": 26.4, "wind_chill": 16.5, "severity": 0, "alert_level": "none"}, {"day": 4, "date": "2026-06-29", "heat_index": 26.6, "wind_chill": 16.6, "severity": 0, "alert_level": "none"}, {"day": 5, "date": "2026-06-30", "heat_index": 26.6, "wind_chill": 16.6, "severity": 0, "alert_level": "none"}, {"day": 6, "date": "2026-07-01", "heat_index": 26.5, "wind_chill": 16.6, "severity": 0, "alert_level": "none"}]}}, {"type": "Feature", "geometry": {"type": "Polygon", "coordinates": [[[-9.623076923076923, 30.62837837837838], [-9.376923076923077, 30.62837837837838], [-9.376923076923077, 30.87162162162162], [-9.623076923076923, 30.87162162162162], [-9.623076923076923, 30.62837837837838]]]}, "properties": {"row": 21, "col": 30, "lat": 30.75, "lon": -9.5, "alert_level": "none", "severity": 0, "forecasts": [{"day": 0, "date": "2026-06-25", "heat_index": 26.7, "wind_chill": 15.8, "severity": 0, "alert_level": "none"}, {"day": 1, "date": "2026-06-26", "heat_index": 25.0, "wind_chill": 15.5, "severity": 0, "alert_level": "none"}, {"day": 2, "date": "2026-06-27", "heat_index": 25.7, "wind_chill": 16.3, "severity": 0, "alert_level": "none"}, {"day": 3, "date": "2026-06-28", "heat_index": 26.3, "wind_chill": 16.8, "severity": 0, "alert_level": "none"}, {"day": 4, "date": "2026-06-29", "heat_index": 26.7, "wind_chill": 17.0, "severity": 0, "alert_level": "none"}, {"day": 5, "date": "2026-06-30", "heat_index": 27.0, "wind_chill": 17.3, "severity": 0, "alert_level": "none"}, {"day": 6, "date": "2026-07-01", "heat_index": 27.3, "wind_chill": 17.5, "severity": 0, "alert_level": "none"}]}}, {"type": "Feature", "geometry": {"type": "Polygon", "coordinates": [[[-9.373076923076923, 30.62837837837838], [-9.126923076923077, 30.62837837837838], [-9.126923076923077, 30.87162162162162], [-9.373076923076923, 30.87162162162162], [-9.373076923076923, 30.62837837837838]]]}, "properties": {"row": 21, "col": 31, "lat": 30.75, "lon": -9.25, "alert_level": "none", "severity": 0, "forecasts": [{"day": 0, "date": "2026-06-25", "heat_index": 27.7, "wind_chill": 17.7, "severity": 0, "alert_level": "none"}, {"day": 1, "date": "2026-06-26", "heat_index": 26.7, "wind_chill": 16.2, "severity": 0, "alert_level": "none"}, {"day": 2, "date": "2026-06-27", "heat_index": 26.9, "wind_chill": 16.5, "severity": 0, "alert_level": "none"}, {"day": 3, "date": "2026-06-28", "heat_index": 27.6, "wind_chill": 17.0, "severity": 0, "alert_level": "none"}, {"day": 4, "date": "2026-06-29", "heat_index": 27.8, "wind_chill": 17.0, "severity": 0, "alert_level": "none"}, {"day": 5, "date": "2026-06-30", "heat_index": 28.2, "wind_chill": 17.1, "severity": 0, "alert_level": "none"}, {"day": 6, "date": "2026-07-01", "heat_index": 28.5, "wind_chill": 17.3, "severity": 0, "alert_level": "none"}]}}, {"type": "Feature", "geometry": {"type": "Polygon", "coordinates": [[[-9.123076923076923, 30.62837837837838], [-8.876923076923077, 30.62837837837838], [-8.876923076923077, 30.87162162162162], [-9.123076923076923, 30.87162162162162], [-9.123076923076923, 30.62837837837838]]]}, "properties": {"row": 21, "col": 32, "lat": 30.75, "lon": -9.0, "alert_level": "none", "severity": 0, "forecasts": [{"day": 0, "date": "2026-06-25", "heat_index": 28.7, "wind_chill": 16.3, "severity": 0, "alert_level": "none"}, {"day": 1, "date": "2026-06-26", "heat_index": 28.5, "wind_chill": 15.9, "severity": 0, "alert_level": "none"}, {"day": 2, "date": "2026-06-27", "heat_index": 28.5, "wind_chill": 15.7, "severity": 0, "alert_level": "none"}, {"day": 3, "date": "2026-06-28", "heat_index": 28.7, "wind_chill": 15.9, "severity": 0, "alert_level": "none"}, {"day": 4, "date": "2026-06-29", "heat_index": 28.9, "wind_chill": 16.0, "severity": 0, "alert_level": "none"}, {"day": 5, "date": "2026-06-30", "heat_index": 29.3, "wind_chill": 16.2, "severity": 0, "alert_level": "none"}, {"day": 6, "date": "2026-07-01", "heat_index": 29.7, "wind_chill": 16.5, "severity": 0, "alert_level": "none"}]}}, {"type": "Feature", "geometry": {"type": "Polygon", "coordinates": [[[-8.873076923076923, 30.62837837837838], [-8.626923076923077, 30.62837837837838], [-8.626923076923077, 30.87162162162162], [-8.873076923076923, 30.87162162162162], [-8.873076923076923, 30.62837837837838]]]}, "properties": {"row": 21, "col": 33, "lat": 30.75, "lon": -8.75, "alert_level": "none", "severity": 0, "forecasts": [{"day": 0, "date": "2026-06-25", "heat_index": 29.6, "wind_chill": 15.5, "severity": 0, "alert_level": "none"}, {"day": 1, "date": "2026-06-26", "heat_index": 29.5, "wind_chill": 15.0, "severity": 0, "alert_level": "none"}, {"day": 2, "date": "2026-06-27", "heat_index": 29.5, "wind_chill": 14.9, "severity": 0, "alert_level": "none"}, {"day": 3, "date": "2026-06-28", "heat_index": 29.7, "wind_chill": 15.1, "severity": 0, "alert_level": "none"}, {"day": 4, "date": "2026-06-29", "heat_index": 29.8, "wind_chill": 15.2, "severity": 0, "alert_level": "none"}, {"day": 5, "date": "2026-06-30", "heat_index": 30.3, "wind_chill": 15.5, "severity": 0, "alert_level": "none"}, {"day": 6, "date": "2026-07-01", "heat_index": 30.7, "wind_chill": 15.8, "severity": 0, "alert_level": "none"}]}}, {"type": "Feature", "geometry": {"type": "Polygon", "coordinates": [[[-8.623076923076923, 30.62837837837838], [-8.376923076923077, 30.62837837837838], [-8.376923076923077, 30.87162162162162], [-8.623076923076923, 30.87162162162162], [-8.623076923076923, 30.62837837837838]]]}, "properties": {"row": 21, "col": 34, "lat": 30.75, "lon": -8.5, "alert_level": "yellow", "severity": 0.1, "forecasts": [{"day": 0, "date": "2026-06-25", "heat_index": 29.2, "wind_chill": 14.5, "severity": 0, "alert_level": "none"}, {"day": 1, "date": "2026-06-26", "heat_index": 30.1, "wind_chill": 14.8, "severity": 0, "alert_level": "none"}, {"day": 2, "date": "2026-06-27", "heat_index": 30.6, "wind_chill": 15.5, "severity": 0, "alert_level": "none"}, {"day": 3, "date": "2026-06-28", "heat_index": 31.0, "wind_chill": 16.0, "severity": 0, "alert_level": "none"}, {"day": 4, "date": "2026-06-29", "heat_index": 31.2, "wind_chill": 16.1, "severity": 0, "alert_level": "none"}, {"day": 5, "date": "2026-06-30", "heat_index": 31.7, "wind_chill": 16.4, "severity": 0, "alert_level": "none"}, {"day": 6, "date": "2026-07-01", "heat_index": 32.1, "wind_chill": 16.7, "severity": 0.1, "alert_level": "yellow"}]}}, {"type": "Feature", "geometry": {"type": "Polygon", "coordinates": [[[-8.373076923076923, 30.62837837837838], [-8.126923076923077, 30.62837837837838], [-8.126923076923077, 30.87162162162162], [-8.373076923076923, 30.87162162162162], [-8.373076923076923, 30.62837837837838]]]}, "properties": {"row": 21, "col": 35, "lat": 30.75, "lon": -8.25, "alert_level": "yellow", "severity": 1.1, "forecasts": [{"day": 0, "date": "2026-06-25", "heat_index": 29.2, "wind_chill": 14.2, "severity": 0, "alert_level": "none"}, {"day": 1, "date": "2026-06-26", "heat_index": 30.7, "wind_chill": 15.1, "severity": 0, "alert_level": "none"}, {"day": 2, "date": "2026-06-27", "heat_index": 31.4, "wind_chill": 16.0, "severity": 0, "alert_level": "none"}, {"day": 3, "date": "2026-06-28", "heat_index": 31.9, "wind_chill": 16.6, "severity": 0, "alert_level": "none"}, {"day": 4, "date": "2026-06-29", "heat_index": 32.1, "wind_chill": 16.8, "severity": 0.1, "alert_level": "yellow"}, {"day": 5, "date": "2026-06-30", "heat_index": 32.6, "wind_chill": 17.2, "severity": 0.6, "alert_level": "yellow"}, {"day": 6, "date": "2026-07-01", "heat_index": 33.1, "wind_chill": 17.5, "severity": 1.1, "alert_level": "yellow"}]}}, {"type": "Feature", "geometry": {"type": "Polygon", "coordinates": [[[-8.123076923076923, 30.62837837837838], [-7.876923076923077, 30.62837837837838], [-7.876923076923077, 30.87162162162162], [-8.123076923076923, 30.87162162162162], [-8.123076923076923, 30.62837837837838]]]}, "properties": {"row": 21, "col": 36, "lat": 30.75, "lon": -8.0, "alert_level": "yellow", "severity": 0.3, "forecasts": [{"day": 0, "date": "2026-06-25", "heat_index": 28.7, "wind_chill": 13.1, "severity": 0, "alert_level": "none"}, {"day": 1, "date": "2026-06-26", "heat_index": 30.0, "wind_chill": 14.2, "severity": 0, "alert_level": "none"}, {"day": 2, "date": "2026-06-27", "heat_index": 30.6, "wind_chill": 15.2, "severity": 0, "alert_level": "none"}, {"day": 3, "date": "2026-06-28", "heat_index": 31.1, "wind_chill": 15.8, "severity": 0, "alert_level": "none"}, {"day": 4, "date": "2026-06-29", "heat_index": 31.4, "wind_chill": 16.1, "severity": 0, "alert_level": "none"}, {"day": 5, "date": "2026-06-30", "heat_index": 31.8, "wind_chill": 16.4, "severity": 0, "alert_level": "none"}, {"day": 6, "date": "2026-07-01", "heat_index": 32.3, "wind_chill": 16.8, "severity": 0.3, "alert_level": "yellow"}]}}, {"type": "Feature", "geometry": {"type": "Polygon", "coordinates": [[[-7.873076923076923, 30.62837837837838], [-7.626923076923077, 30.62837837837838], [-7.626923076923077, 30.87162162162162], [-7.873076923076923, 30.87162162162162], [-7.873076923076923, 30.62837837837838]]]}, "properties": {"row": 21, "col": 37, "lat": 30.75, "lon": -7.75, "alert_level": "none", "severity": 0, "forecasts": [{"day": 0, "date": "2026-06-25", "heat_index": 27.8, "wind_chill": 12.1, "severity": 0, "alert_level": "none"}, {"day": 1, "date": "2026-06-26", "heat_index": 29.1, "wind_chill": 13.3, "severity": 0, "alert_level": "none"}, {"day": 2, "date": "2026-06-27", "heat_index": 29.5, "wind_chill": 14.3, "severity": 0, "alert_level": "none"}, {"day": 3, "date": "2026-06-28", "heat_index": 30.0, "wind_chill": 15.0, "severity": 0, "alert_level": "none"}, {"day": 4, "date": "2026-06-29", "heat_index": 30.3, "wind_chill": 15.2, "severity": 0, "alert_level": "none"}, {"day": 5, "date": "2026-06-30", "heat_index": 30.7, "wind_chill": 15.6, "severity": 0, "alert_level": "none"}, {"day": 6, "date": "2026-07-01", "heat_index": 31.1, "wind_chill": 15.9, "severity": 0, "alert_level": "none"}]}}, {"type": "Feature", "geometry": {"type": "Polygon", "coordinates": [[[-7.623076923076923, 30.62837837837838], [-7.376923076923077, 30.62837837837838], [-7.376923076923077, 30.87162162162162], [-7.623076923076923, 30.87162162162162], [-7.623076923076923, 30.62837837837838]]]}, "properties": {"row": 21, "col": 38, "lat": 30.75, "lon": -7.5, "alert_level": "yellow", "severity": 0.1, "forecasts": [{"day": 0, "date": "2026-06-25", "heat_index": 29.0, "wind_chill": 13.1, "severity": 0, "alert_level": "none"}, {"day": 1, "date": "2026-06-26", "heat_index": 30.1, "wind_chill": 14.3, "severity": 0, "alert_level": "none"}, {"day": 2, "date": "2026-06-27", "heat_index": 30.5, "wind_chill": 15.3, "severity": 0, "alert_level": "none"}, {"day": 3, "date": "2026-06-28", "heat_index": 31.1, "wind_chill": 15.9, "severity": 0, "alert_level": "none"}, {"day": 4, "date": "2026-06-29", "heat_index": 31.3, "wind_chill": 16.1, "severity": 0, "alert_level": "none"}, {"day": 5, "date": "2026-06-30", "heat_index": 31.8, "wind_chill": 16.5, "severity": 0, "alert_level": "none"}, {"day": 6, "date": "2026-07-01", "heat_index": 32.1, "wind_chill": 16.8, "severity": 0.1, "alert_level": "yellow"}]}}, {"type": "Feature", "geometry": {"type": "Polygon", "coordinates": [[[-7.373076923076923, 30.62837837837838], [-7.126923076923077, 30.62837837837838], [-7.126923076923077, 30.87162162162162], [-7.373076923076923, 30.87162162162162], [-7.373076923076923, 30.62837837837838]]]}, "properties": {"row": 21, "col": 39, "lat": 30.75, "lon": -7.25, "alert_level": "orange", "severity": 2.5, "forecasts": [{"day": 0, "date": "2026-06-25", "heat_index": 32.1, "wind_chill": 15.1, "severity": 0.1, "alert_level": "yellow"}, {"day": 1, "date": "2026-06-26", "heat_index": 32.7, "wind_chill": 16.3, "severity": 0.7, "alert_level": "yellow"}, {"day": 2, "date": "2026-06-27", "heat_index": 33.1, "wind_chill": 17.4, "severity": 1.1, "alert_level": "yellow"}, {"day": 3, "date": "2026-06-28", "heat_index": 33.5, "wind_chill": 17.9, "severity": 1.5, "alert_level": "yellow"}, {"day": 4, "date": "2026-06-29", "heat_index": 33.8, "wind_chill": 18.1, "severity": 1.8, "alert_level": "yellow"}, {"day": 5, "date": "2026-06-30", "heat_index": 34.2, "wind_chill": 18.4, "severity": 2.2, "alert_level": "orange"}, {"day": 6, "date": "2026-07-01", "heat_index": 34.5, "wind_chill": 18.7, "severity": 2.5, "alert_level": "orange"}]}}, {"type": "Feature", "geometry": {"type": "Polygon", "coordinates": [[[-7.123076923076923, 30.62837837837838], [-6.876923076923077, 30.62837837837838], [-6.876923076923077, 30.87162162162162], [-7.123076923076923, 30.87162162162162], [-7.123076923076923, 30.62837837837838]]]}, "properties": {"row": 21, "col": 40, "lat": 30.75, "lon": -7.0, "alert_level": "orange", "severity": 4.0, "forecasts": [{"day": 0, "date": "2026-06-25", "heat_index": 34.0, "wind_chill": 16.2, "severity": 2.0, "alert_level": "orange"}, {"day": 1, "date": "2026-06-26", "heat_index": 34.2, "wind_chill": 17.3, "severity": 2.2, "alert_level": "orange"}, {"day": 2, "date": "2026-06-27", "heat_index": 34.7, "wind_chill": 18.5, "severity": 2.7, "alert_level": "orange"}, {"day": 3, "date": "2026-06-28", "heat_index": 35.0, "wind_chill": 19.0, "severity": 3.0, "alert_level": "orange"}, {"day": 4, "date": "2026-06-29", "heat_index": 35.3, "wind_chill": 19.2, "severity": 3.3, "alert_level": "orange"}, {"day": 5, "date": "2026-06-30", "heat_index": 35.7, "wind_chill": 19.5, "severity": 3.7, "alert_level": "orange"}, {"day": 6, "date": "2026-07-01", "heat_index": 36.0, "wind_chill": 19.7, "severity": 4.0, "alert_level": "orange"}]}}, {"type": "Feature", "geometry": {"type": "Polygon", "coordinates": [[[-6.873076923076923, 30.62837837837838], [-6.626923076923077, 30.62837837837838], [-6.626923076923077, 30.87162162162162], [-6.873076923076923, 30.87162162162162], [-6.873076923076923, 30.62837837837838]]]}, "properties": {"row": 21, "col": 41, "lat": 30.75, "lon": -6.75, "alert_level": "orange", "severity": 4.4, "forecasts": [{"day": 0, "date": "2026-06-25", "heat_index": 35.1, "wind_chill": 17.0, "severity": 3.1, "alert_level": "orange"}, {"day": 1, "date": "2026-06-26", "heat_index": 34.9, "wind_chill": 18.0, "severity": 2.9, "alert_level": "orange"}, {"day": 2, "date": "2026-06-27", "heat_index": 35.3, "wind_chill": 19.1, "severity": 3.3, "alert_level": "orange"}, {"day": 3, "date": "2026-06-28", "heat_index": 35.5, "wind_chill": 19.5, "severity": 3.5, "alert_level": "orange"}, {"day": 4, "date": "2026-06-29", "heat_index": 35.8, "wind_chill": 19.6, "severity": 3.8, "alert_level": "orange"}, {"day": 5, "date": "2026-06-30", "heat_index": 36.2, "wind_chill": 19.9, "severity": 4.2, "alert_level": "orange"}, {"day": 6, "date": "2026-07-01", "heat_index": 36.4, "wind_chill": 20.1, "severity": 4.4, "alert_level": "orange"}]}}, {"type": "Feature", "geometry": {"type": "Polygon", "coordinates": [[[-6.623076923076923, 30.62837837837838], [-6.376923076923077, 30.62837837837838], [-6.376923076923077, 30.87162162162162], [-6.623076923076923, 30.87162162162162], [-6.623076923076923, 30.62837837837838]]]}, "properties": {"row": 21, "col": 42, "lat": 30.75, "lon": -6.5, "alert_level": "orange", "severity": 4.1, "forecasts": [{"day": 0, "date": "2026-06-25", "heat_index": 35.0, "wind_chill": 17.3, "severity": 3.0, "alert_level": "orange"}, {"day": 1, "date": "2026-06-26", "heat_index": 34.8, "wind_chill": 18.2, "severity": 2.8, "alert_level": "orange"}, {"day": 2, "date": "2026-06-27", "heat_index": 35.1, "wind_chill": 19.0, "severity": 3.1, "alert_level": "orange"}, {"day": 3, "date": "2026-06-28", "heat_index": 35.3, "wind_chill": 19.3, "severity": 3.3, "alert_level": "orange"}, {"day": 4, "date": "2026-06-29", "heat_index": 35.4, "wind_chill": 19.4, "severity": 3.4, "alert_level": "orange"}, {"day": 5, "date": "2026-06-30", "heat_index": 35.8, "wind_chill": 19.7, "severity": 3.8, "alert_level": "orange"}, {"day": 6, "date": "2026-07-01", "heat_index": 36.1, "wind_chill": 19.9, "severity": 4.1, "alert_level": "orange"}]}}, {"type": "Feature", "geometry": {"type": "Polygon", "coordinates": [[[-6.373076923076923, 30.62837837837838], [-6.126923076923077, 30.62837837837838], [-6.126923076923077, 30.87162162162162], [-6.373076923076923, 30.87162162162162], [-6.373076923076923, 30.62837837837838]]]}, "properties": {"row": 21, "col": 43, "lat": 30.75, "lon": -6.25, "alert_level": "orange", "severity": 3.5, "forecasts": [{"day": 0, "date": "2026-06-25", "heat_index": 34.7, "wind_chill": 17.1, "severity": 2.7, "alert_level": "orange"}, {"day": 1, "date": "2026-06-26", "heat_index": 34.5, "wind_chill": 18.1, "severity": 2.5, "alert_level": "orange"}, {"day": 2, "date": "2026-06-27", "heat_index": 34.7, "wind_chill": 18.5, "severity": 2.7, "alert_level": "orange"}, {"day": 3, "date": "2026-06-28", "heat_index": 34.8, "wind_chill": 18.8, "severity": 2.8, "alert_level": "orange"}, {"day": 4, "date": "2026-06-29", "heat_index": 34.9, "wind_chill": 18.9, "severity": 2.9, "alert_level": "orange"}, {"day": 5, "date": "2026-06-30", "heat_index": 35.3, "wind_chill": 19.1, "severity": 3.3, "alert_level": "orange"}, {"day": 6, "date": "2026-07-01", "heat_index": 35.5, "wind_chill": 19.3, "severity": 3.5, "alert_level": "orange"}]}}, {"type": "Feature", "geometry": {"type": "Polygon", "coordinates": [[[-6.123076923076923, 30.62837837837838], [-5.876923076923077, 30.62837837837838], [-5.876923076923077, 30.87162162162162], [-6.123076923076923, 30.87162162162162], [-6.123076923076923, 30.62837837837838]]]}, "properties": {"row": 21, "col": 44, "lat": 30.75, "lon": -6.0, "alert_level": "orange", "severity": 3.8, "forecasts": [{"day": 0, "date": "2026-06-25", "heat_index": 35.2, "wind_chill": 17.7, "severity": 3.2, "alert_level": "orange"}, {"day": 1, "date": "2026-06-26", "heat_index": 35.0, "wind_chill": 18.6, "severity": 3.0, "alert_level": "orange"}, {"day": 2, "date": "2026-06-27", "heat_index": 35.1, "wind_chill": 18.7, "severity": 3.1, "alert_level": "orange"}, {"day": 3, "date": "2026-06-28", "heat_index": 35.2, "wind_chill": 18.9, "severity": 3.2, "alert_level": "orange"}, {"day": 4, "date": "2026-06-29", "heat_index": 35.2, "wind_chill": 19.0, "severity": 3.2, "alert_level": "orange"}, {"day": 5, "date": "2026-06-30", "heat_index": 35.5, "wind_chill": 19.2, "severity": 3.5, "alert_level": "orange"}, {"day": 6, "date": "2026-07-01", "heat_index": 35.8, "wind_chill": 19.4, "severity": 3.8, "alert_level": "orange"}]}}, {"type": "Feature", "geometry": {"type": "Polygon", "coordinates": [[[-5.873076923076923, 30.62837837837838], [-5.626923076923077, 30.62837837837838], [-5.626923076923077, 30.87162162162162], [-5.873076923076923, 30.87162162162162], [-5.873076923076923, 30.62837837837838]]]}, "properties": {"row": 21, "col": 45, "lat": 30.75, "lon": -5.75, "alert_level": "orange", "severity": 4.8, "forecasts": [{"day": 0, "date": "2026-06-25", "heat_index": 36.3, "wind_chill": 18.9, "severity": 4.3, "alert_level": "orange"}, {"day": 1, "date": "2026-06-26", "heat_index": 36.2, "wind_chill": 19.6, "severity": 4.2, "alert_level": "orange"}, {"day": 2, "date": "2026-06-27", "heat_index": 36.2, "wind_chill": 19.6, "severity": 4.2, "alert_level": "orange"}, {"day": 3, "date": "2026-06-28", "heat_index": 36.3, "wind_chill": 19.8, "severity": 4.3, "alert_level": "orange"}, {"day": 4, "date": "2026-06-29", "heat_index": 36.3, "wind_chill": 19.8, "severity": 4.3, "alert_level": "orange"}, {"day": 5, "date": "2026-06-30", "heat_index": 36.6, "wind_chill": 20.0, "severity": 4.6, "alert_level": "orange"}, {"day": 6, "date": "2026-07-01", "heat_index": 36.8, "wind_chill": 20.2, "severity": 4.8, "alert_level": "orange"}]}}, {"type": "Feature", "geometry": {"type": "Polygon", "coordinates": [[[-5.623076923076923, 30.62837837837838], [-5.376923076923077, 30.62837837837838], [-5.376923076923077, 30.87162162162162], [-5.623076923076923, 30.87162162162162], [-5.623076923076923, 30.62837837837838]]]}, "properties": {"row": 21, "col": 46, "lat": 30.75, "lon": -5.5, "alert_level": "red", "severity": 5.9, "forecasts": [{"day": 0, "date": "2026-06-25", "heat_index": 37.4, "wind_chill": 19.9, "severity": 5.4, "alert_level": "red"}, {"day": 1, "date": "2026-06-26", "heat_index": 37.3, "wind_chill": 20.5, "severity": 5.3, "alert_level": "red"}, {"day": 2, "date": "2026-06-27", "heat_index": 37.2, "wind_chill": 20.5, "severity": 5.2, "alert_level": "red"}, {"day": 3, "date": "2026-06-28", "heat_index": 37.4, "wind_chill": 20.6, "severity": 5.4, "alert_level": "red"}, {"day": 4, "date": "2026-06-29", "heat_index": 37.4, "wind_chill": 20.7, "severity": 5.4, "alert_level": "red"}, {"day": 5, "date": "2026-06-30", "heat_index": 37.7, "wind_chill": 20.9, "severity": 5.7, "alert_level": "red"}, {"day": 6, "date": "2026-07-01", "heat_index": 37.9, "wind_chill": 21.1, "severity": 5.9, "alert_level": "red"}]}}, {"type": "Feature", "geometry": {"type": "Polygon", "coordinates": [[[-5.373076923076923, 30.62837837837838], [-5.126923076923077, 30.62837837837838], [-5.126923076923077, 30.87162162162162], [-5.373076923076923, 30.87162162162162], [-5.373076923076923, 30.62837837837838]]]}, "properties": {"row": 21, "col": 47, "lat": 30.75, "lon": -5.25, "alert_level": "red", "severity": 6.8, "forecasts": [{"day": 0, "date": "2026-06-25", "heat_index": 38.5, "wind_chill": 20.5, "severity": 6.5, "alert_level": "red"}, {"day": 1, "date": "2026-06-26", "heat_index": 38.3, "wind_chill": 21.1, "severity": 6.3, "alert_level": "red"}, {"day": 2, "date": "2026-06-27", "heat_index": 38.0, "wind_chill": 21.2, "severity": 6.0, "alert_level": "red"}, {"day": 3, "date": "2026-06-28", "heat_index": 38.2, "wind_chill": 21.2, "severity": 6.2, "alert_level": "red"}, {"day": 4, "date": "2026-06-29", "heat_index": 38.4, "wind_chill": 21.3, "severity": 6.4, "alert_level": "red"}, {"day": 5, "date": "2026-06-30", "heat_index": 38.7, "wind_chill": 21.5, "severity": 6.7, "alert_level": "red"}, {"day": 6, "date": "2026-07-01", "heat_index": 38.8, "wind_chill": 21.7, "severity": 6.8, "alert_level": "red"}]}}, {"type": "Feature", "geometry": {"type": "Polygon", "coordinates": [[[-5.123076923076923, 30.62837837837838], [-4.876923076923077, 30.62837837837838], [-4.876923076923077, 30.87162162162162], [-5.123076923076923, 30.87162162162162], [-5.123076923076923, 30.62837837837838]]]}, "properties": {"row": 21, "col": 48, "lat": 30.75, "lon": -5.0, "alert_level": "red", "severity": 7.6, "forecasts": [{"day": 0, "date": "2026-06-25", "heat_index": 39.6, "wind_chill": 20.7, "severity": 7.6, "alert_level": "red"}, {"day": 1, "date": "2026-06-26", "heat_index": 39.4, "wind_chill": 21.6, "severity": 7.4, "alert_level": "red"}, {"day": 2, "date": "2026-06-27", "heat_index": 38.9, "wind_chill": 21.7, "severity": 6.9, "alert_level": "red"}, {"day": 3, "date": "2026-06-28", "heat_index": 39.1, "wind_chill": 21.8, "severity": 7.1, "alert_level": "red"}, {"day": 4, "date": "2026-06-29", "heat_index": 39.2, "wind_chill": 21.9, "severity": 7.2, "alert_level": "red"}, {"day": 5, "date": "2026-06-30", "heat_index": 39.5, "wind_chill": 22.1, "severity": 7.5, "alert_level": "red"}, {"day": 6, "date": "2026-07-01", "heat_index": 39.6, "wind_chill": 22.2, "severity": 7.6, "alert_level": "red"}]}}, {"type": "Feature", "geometry": {"type": "Polygon", "coordinates": [[[-4.873076923076923, 30.62837837837838], [-4.626923076923077, 30.62837837837838], [-4.626923076923077, 30.87162162162162], [-4.873076923076923, 30.87162162162162], [-4.873076923076923, 30.62837837837838]]]}, "properties": {"row": 21, "col": 49, "lat": 30.75, "lon": -4.75, "alert_level": "red", "severity": 8.0, "forecasts": [{"day": 0, "date": "2026-06-25", "heat_index": 40.0, "wind_chill": 20.5, "severity": 8.0, "alert_level": "red"}, {"day": 1, "date": "2026-06-26", "heat_index": 39.9, "wind_chill": 21.8, "severity": 7.9, "alert_level": "red"}, {"day": 2, "date": "2026-06-27", "heat_index": 39.4, "wind_chill": 22.0, "severity": 7.4, "alert_level": "red"}, {"day": 3, "date": "2026-06-28", "heat_index": 39.4, "wind_chill": 22.1, "severity": 7.4, "alert_level": "red"}, {"day": 4, "date": "2026-06-29", "heat_index": 39.6, "wind_chill": 22.2, "severity": 7.6, "alert_level": "red"}, {"day": 5, "date": "2026-06-30", "heat_index": 39.9, "wind_chill": 22.4, "severity": 7.9, "alert_level": "red"}, {"day": 6, "date": "2026-07-01", "heat_index": 40.0, "wind_chill": 22.5, "severity": 8.0, "alert_level": "red"}]}}, {"type": "Feature", "geometry": {"type": "Polygon", "coordinates": [[[-4.623076923076923, 30.62837837837838], [-4.376923076923077, 30.62837837837838], [-4.376923076923077, 30.87162162162162], [-4.623076923076923, 30.87162162162162], [-4.623076923076923, 30.62837837837838]]]}, "properties": {"row": 21, "col": 50, "lat": 30.75, "lon": -4.5, "alert_level": "red", "severity": 7.8, "forecasts": [{"day": 0, "date": "2026-06-25", "heat_index": 39.7, "wind_chill": 20.0, "severity": 7.7, "alert_level": "red"}, {"day": 1, "date": "2026-06-26", "heat_index": 39.7, "wind_chill": 21.6, "severity": 7.7, "alert_level": "red"}, {"day": 2, "date": "2026-06-27", "heat_index": 39.3, "wind_chill": 21.9, "severity": 7.3, "alert_level": "red"}, {"day": 3, "date": "2026-06-28", "heat_index": 39.3, "wind_chill": 22.0, "severity": 7.3, "alert_level": "red"}, {"day": 4, "date": "2026-06-29", "heat_index": 39.5, "wind_chill": 22.1, "severity": 7.5, "alert_level": "red"}, {"day": 5, "date": "2026-06-30", "heat_index": 39.8, "wind_chill": 22.3, "severity": 7.8, "alert_level": "red"}, {"day": 6, "date": "2026-07-01", "heat_index": 39.8, "wind_chill": 22.4, "severity": 7.8, "alert_level": "red"}]}}, {"type": "Feature", "geometry": {"type": "Polygon", "coordinates": [[[-4.373076923076923, 30.62837837837838], [-4.126923076923077, 30.62837837837838], [-4.126923076923077, 30.87162162162162], [-4.373076923076923, 30.87162162162162], [-4.373076923076923, 30.62837837837838]]]}, "properties": {"row": 21, "col": 51, "lat": 30.75, "lon": -4.25, "alert_level": "red", "severity": 7.4, "forecasts": [{"day": 0, "date": "2026-06-25", "heat_index": 39.2, "wind_chill": 19.6, "severity": 7.2, "alert_level": "red"}, {"day": 1, "date": "2026-06-26", "heat_index": 39.3, "wind_chill": 21.2, "severity": 7.3, "alert_level": "red"}, {"day": 2, "date": "2026-06-27", "heat_index": 38.8, "wind_chill": 21.6, "severity": 6.8, "alert_level": "red"}, {"day": 3, "date": "2026-06-28", "heat_index": 38.8, "wind_chill": 21.7, "severity": 6.8, "alert_level": "red"}, {"day": 4, "date": "2026-06-29", "heat_index": 39.0, "wind_chill": 21.8, "severity": 7.0, "alert_level": "red"}, {"day": 5, "date": "2026-06-30", "heat_index": 39.3, "wind_chill": 22.0, "severity": 7.3, "alert_level": "red"}, {"day": 6, "date": "2026-07-01", "heat_index": 39.4, "wind_chill": 22.1, "severity": 7.4, "alert_level": "red"}]}}, {"type": "Feature", "geometry": {"type": "Polygon", "coordinates": [[[-4.123076923076923, 30.62837837837838], [-3.876923076923077, 30.62837837837838], [-3.876923076923077, 30.87162162162162], [-4.123076923076923, 30.87162162162162], [-4.123076923076923, 30.62837837837838]]]}, "properties": {"row": 21, "col": 52, "lat": 30.75, "lon": -4.0, "alert_level": "red", "severity": 6.9, "forecasts": [{"day": 0, "date": "2026-06-25", "heat_index": 38.7, "wind_chill": 19.4, "severity": 6.7, "alert_level": "red"}, {"day": 1, "date": "2026-06-26", "heat_index": 38.8, "wind_chill": 21.0, "severity": 6.8, "alert_level": "red"}, {"day": 2, "date": "2026-06-27", "heat_index": 38.3, "wind_chill": 21.3, "severity": 6.3, "alert_level": "red"}, {"day": 3, "date": "2026-06-28", "heat_index": 38.3, "wind_chill": 21.4, "severity": 6.3, "alert_level": "red"}, {"day": 4, "date": "2026-06-29", "heat_index": 38.5, "wind_chill": 21.6, "severity": 6.5, "alert_level": "red"}, {"day": 5, "date": "2026-06-30", "heat_index": 38.8, "wind_chill": 21.7, "severity": 6.8, "alert_level": "red"}, {"day": 6, "date": "2026-07-01", "heat_index": 38.9, "wind_chill": 21.8, "severity": 6.9, "alert_level": "red"}]}}, {"type": "Feature", "geometry": {"type": "Polygon", "coordinates": [[[-3.873076923076923, 30.62837837837838], [-3.626923076923077, 30.62837837837838], [-3.626923076923077, 30.87162162162162], [-3.873076923076923, 30.87162162162162], [-3.873076923076923, 30.62837837837838]]]}, "properties": {"row": 21, "col": 53, "lat": 30.75, "lon": -3.75, "alert_level": "red", "severity": 6.7, "forecasts": [{"day": 0, "date": "2026-06-25", "heat_index": 38.7, "wind_chill": 19.6, "severity": 6.7, "alert_level": "red"}, {"day": 1, "date": "2026-06-26", "heat_index": 38.6, "wind_chill": 21.0, "severity": 6.6, "alert_level": "red"}, {"day": 2, "date": "2026-06-27", "heat_index": 38.1, "wind_chill": 21.2, "severity": 6.1, "alert_level": "red"}, {"day": 3, "date": "2026-06-28", "heat_index": 38.0, "wind_chill": 21.3, "severity": 6.0, "alert_level": "red"}, {"day": 4, "date": "2026-06-29", "heat_index": 38.2, "wind_chill": 21.4, "severity": 6.2, "alert_level": "red"}, {"day": 5, "date": "2026-06-30", "heat_index": 38.5, "wind_chill": 21.6, "severity": 6.5, "alert_level": "red"}, {"day": 6, "date": "2026-07-01", "heat_index": 38.6, "wind_chill": 21.6, "severity": 6.6, "alert_level": "red"}]}}, {"type": "Feature", "geometry": {"type": "Polygon", "coordinates": [[[-9.623076923076923, 30.37837837837838], [-9.376923076923077, 30.37837837837838], [-9.376923076923077, 30.62162162162162], [-9.623076923076923, 30.62162162162162], [-9.623076923076923, 30.37837837837838]]]}, "properties": {"row": 22, "col": 30, "lat": 30.5, "lon": -9.5, "alert_level": "none", "severity": 0, "forecasts": [{"day": 0, "date": "2026-06-25", "heat_index": 28.4, "wind_chill": 16.7, "severity": 0, "alert_level": "none"}, {"day": 1, "date": "2026-06-26", "heat_index": 26.7, "wind_chill": 18.3, "severity": 0, "alert_level": "none"}, {"day": 2, "date": "2026-06-27", "heat_index": 26.3, "wind_chill": 17.7, "severity": 0, "alert_level": "none"}, {"day": 3, "date": "2026-06-28", "heat_index": 26.6, "wind_chill": 17.6, "severity": 0, "alert_level": "none"}, {"day": 4, "date": "2026-06-29", "heat_index": 26.8, "wind_chill": 17.8, "severity": 0, "alert_level": "none"}, {"day": 5, "date": "2026-06-30", "heat_index": 27.1, "wind_chill": 18.0, "severity": 0, "alert_level": "none"}, {"day": 6, "date": "2026-07-01", "heat_index": 27.2, "wind_chill": 18.0, "severity": 0, "alert_level": "none"}]}}, {"type": "Feature", "geometry": {"type": "Polygon", "coordinates": [[[-9.373076923076923, 30.37837837837838], [-9.126923076923077, 30.37837837837838], [-9.126923076923077, 30.62162162162162], [-9.373076923076923, 30.62162162162162], [-9.373076923076923, 30.37837837837838]]]}, "properties": {"row": 22, "col": 31, "lat": 30.5, "lon": -9.25, "alert_level": "none", "severity": 0, "forecasts": [{"day": 0, "date": "2026-06-25", "heat_index": 27.0, "wind_chill": 17.8, "severity": 0, "alert_level": "none"}, {"day": 1, "date": "2026-06-26", "heat_index": 27.5, "wind_chill": 18.2, "severity": 0, "alert_level": "none"}, {"day": 2, "date": "2026-06-27", "heat_index": 28.1, "wind_chill": 18.9, "severity": 0, "alert_level": "none"}, {"day": 3, "date": "2026-06-28", "heat_index": 28.9, "wind_chill": 19.3, "severity": 0, "alert_level": "none"}, {"day": 4, "date": "2026-06-29", "heat_index": 29.3, "wind_chill": 19.3, "severity": 0, "alert_level": "none"}, {"day": 5, "date": "2026-06-30", "heat_index": 29.7, "wind_chill": 19.4, "severity": 0, "alert_level": "none"}, {"day": 6, "date": "2026-07-01", "heat_index": 29.9, "wind_chill": 19.5, "severity": 0, "alert_level": "none"}]}}, {"type": "Feature", "geometry": {"type": "Polygon", "coordinates": [[[-9.123076923076923, 30.37837837837838], [-8.876923076923077, 30.37837837837838], [-8.876923076923077, 30.62162162162162], [-9.123076923076923, 30.62162162162162], [-9.123076923076923, 30.37837837837838]]]}, "properties": {"row": 22, "col": 32, "lat": 30.5, "lon": -9.0, "alert_level": "yellow", "severity": 0.3, "forecasts": [{"day": 0, "date": "2026-06-25", "heat_index": 30.4, "wind_chill": 17.7, "severity": 0, "alert_level": "none"}, {"day": 1, "date": "2026-06-26", "heat_index": 30.7, "wind_chill": 17.7, "severity": 0, "alert_level": "none"}, {"day": 2, "date": "2026-06-27", "heat_index": 31.0, "wind_chill": 18.2, "severity": 0, "alert_level": "none"}, {"day": 3, "date": "2026-06-28", "heat_index": 31.3, "wind_chill": 18.3, "severity": 0, "alert_level": "none"}, {"day": 4, "date": "2026-06-29", "heat_index": 31.5, "wind_chill": 18.4, "severity": 0, "alert_level": "none"}, {"day": 5, "date": "2026-06-30", "heat_index": 31.9, "wind_chill": 18.6, "severity": 0, "alert_level": "none"}, {"day": 6, "date": "2026-07-01", "heat_index": 32.3, "wind_chill": 18.8, "severity": 0.3, "alert_level": "yellow"}]}}, {"type": "Feature", "geometry": {"type": "Polygon", "coordinates": [[[-8.873076923076923, 30.37837837837838], [-8.626923076923077, 30.37837837837838], [-8.626923076923077, 30.62162162162162], [-8.873076923076923, 30.62162162162162], [-8.873076923076923, 30.37837837837838]]]}, "properties": {"row": 22, "col": 33, "lat": 30.5, "lon": -8.75, "alert_level": "yellow", "severity": 1.9, "forecasts": [{"day": 0, "date": "2026-06-25", "heat_index": 31.4, "wind_chill": 17.4, "severity": 0, "alert_level": "none"}, {"day": 1, "date": "2026-06-26", "heat_index": 32.4, "wind_chill": 17.7, "severity": 0.4, "alert_level": "yellow"}, {"day": 2, "date": "2026-06-27", "heat_index": 32.5, "wind_chill": 17.9, "severity": 0.5, "alert_level": "yellow"}, {"day": 3, "date": "2026-06-28", "heat_index": 32.8, "wind_chill": 18.1, "severity": 0.8, "alert_level": "yellow"}, {"day": 4, "date": "2026-06-29", "heat_index": 32.9, "wind_chill": 18.2, "severity": 0.9, "alert_level": "yellow"}, {"day": 5, "date": "2026-06-30", "heat_index": 33.4, "wind_chill": 18.5, "severity": 1.4, "alert_level": "yellow"}, {"day": 6, "date": "2026-07-01", "heat_index": 33.9, "wind_chill": 18.8, "severity": 1.9, "alert_level": "yellow"}]}}, {"type": "Feature", "geometry": {"type": "Polygon", "coordinates": [[[-8.623076923076923, 30.37837837837838], [-8.376923076923077, 30.37837837837838], [-8.376923076923077, 30.62162162162162], [-8.623076923076923, 30.62162162162162], [-8.623076923076923, 30.37837837837838]]]}, "properties": {"row": 22, "col": 34, "lat": 30.5, "lon": -8.5, "alert_level": "orange", "severity": 2.7, "forecasts": [{"day": 0, "date": "2026-06-25", "heat_index": 30.6, "wind_chill": 16.4, "severity": 0, "alert_level": "none"}, {"day": 1, "date": "2026-06-26", "heat_index": 32.5, "wind_chill": 17.3, "severity": 0.5, "alert_level": "yellow"}, {"day": 2, "date": "2026-06-27", "heat_index": 33.1, "wind_chill": 18.0, "severity": 1.1, "alert_level": "yellow"}, {"day": 3, "date": "2026-06-28", "heat_index": 33.5, "wind_chill": 18.4, "severity": 1.5, "alert_level": "yellow"}, {"day": 4, "date": "2026-06-29", "heat_index": 33.8, "wind_chill": 18.5, "severity": 1.8, "alert_level": "yellow"}, {"day": 5, "date": "2026-06-30", "heat_index": 34.3, "wind_chill": 18.9, "severity": 2.3, "alert_level": "orange"}, {"day": 6, "date": "2026-07-01", "heat_index": 34.7, "wind_chill": 19.2, "severity": 2.7, "alert_level": "orange"}]}}, {"type": "Feature", "geometry": {"type": "Polygon", "coordinates": [[[-8.373076923076923, 30.37837837837838], [-8.126923076923077, 30.37837837837838], [-8.126923076923077, 30.62162162162162], [-8.373076923076923, 30.62162162162162], [-8.373076923076923, 30.37837837837838]]]}, "properties": {"row": 22, "col": 35, "lat": 30.5, "lon": -8.25, "alert_level": "orange", "severity": 3.0, "forecasts": [{"day": 0, "date": "2026-06-25", "heat_index": 30.7, "wind_chill": 15.8, "severity": 0, "alert_level": "none"}, {"day": 1, "date": "2026-06-26", "heat_index": 32.6, "wind_chill": 17.0, "severity": 0.6, "alert_level": "yellow"}, {"day": 2, "date": "2026-06-27", "heat_index": 33.3, "wind_chill": 18.0, "severity": 1.3, "alert_level": "yellow"}, {"day": 3, "date": "2026-06-28", "heat_index": 33.8, "wind_chill": 18.4, "severity": 1.8, "alert_level": "yellow"}, {"day": 4, "date": "2026-06-29", "heat_index": 34.1, "wind_chill": 18.6, "severity": 2.1, "alert_level": "orange"}, {"day": 5, "date": "2026-06-30", "heat_index": 34.6, "wind_chill": 19.0, "severity": 2.6, "alert_level": "orange"}, {"day": 6, "date": "2026-07-01", "heat_index": 35.0, "wind_chill": 19.3, "severity": 3.0, "alert_level": "orange"}]}}, {"type": "Feature", "geometry": {"type": "Polygon", "coordinates": [[[-8.123076923076923, 30.37837837837838], [-7.876923076923077, 30.37837837837838], [-7.876923076923077, 30.62162162162162], [-8.123076923076923, 30.62162162162162], [-8.123076923076923, 30.37837837837838]]]}, "properties": {"row": 22, "col": 36, "lat": 30.5, "lon": -8.0, "alert_level": "yellow", "severity": 1.9, "forecasts": [{"day": 0, "date": "2026-06-25", "heat_index": 30.2, "wind_chill": 14.6, "severity": 0, "alert_level": "none"}, {"day": 1, "date": "2026-06-26", "heat_index": 31.6, "wind_chill": 15.8, "severity": 0, "alert_level": "none"}, {"day": 2, "date": "2026-06-27", "heat_index": 32.3, "wind_chill": 16.8, "severity": 0.3, "alert_level": "yellow"}, {"day": 3, "date": "2026-06-28", "heat_index": 32.8, "wind_chill": 17.4, "severity": 0.8, "alert_level": "yellow"}, {"day": 4, "date": "2026-06-29", "heat_index": 33.1, "wind_chill": 17.6, "severity": 1.1, "alert_level": "yellow"}, {"day": 5, "date": "2026-06-30", "heat_index": 33.5, "wind_chill": 17.9, "severity": 1.5, "alert_level": "yellow"}, {"day": 6, "date": "2026-07-01", "heat_index": 33.9, "wind_chill": 18.2, "severity": 1.9, "alert_level": "yellow"}]}}, {"type": "Feature", "geometry": {"type": "Polygon", "coordinates": [[[-7.873076923076923, 30.37837837837838], [-7.626923076923077, 30.37837837837838], [-7.626923076923077, 30.62162162162162], [-7.873076923076923, 30.62162162162162], [-7.873076923076923, 30.37837837837838]]]}, "properties": {"row": 22, "col": 37, "lat": 30.5, "lon": -7.75, "alert_level": "yellow", "severity": 0.2, "forecasts": [{"day": 0, "date": "2026-06-25", "heat_index": 29.2, "wind_chill": 13.2, "severity": 0, "alert_level": "none"}, {"day": 1, "date": "2026-06-26", "heat_index": 30.0, "wind_chill": 14.2, "severity": 0, "alert_level": "none"}, {"day": 2, "date": "2026-06-27", "heat_index": 30.7, "wind_chill": 15.2, "severity": 0, "alert_level": "none"}, {"day": 3, "date": "2026-06-28", "heat_index": 31.2, "wind_chill": 15.9, "severity": 0, "alert_level": "none"}, {"day": 4, "date": "2026-06-29", "heat_index": 31.4, "wind_chill": 16.1, "severity": 0, "alert_level": "none"}, {"day": 5, "date": "2026-06-30", "heat_index": 31.9, "wind_chill": 16.4, "severity": 0, "alert_level": "none"}, {"day": 6, "date": "2026-07-01", "heat_index": 32.2, "wind_chill": 16.7, "severity": 0.2, "alert_level": "yellow"}]}}, {"type": "Feature", "geometry": {"type": "Polygon", "coordinates": [[[-7.623076923076923, 30.37837837837838], [-7.376923076923077, 30.37837837837838], [-7.376923076923077, 30.62162162162162], [-7.623076923076923, 30.62162162162162], [-7.623076923076923, 30.37837837837838]]]}, "properties": {"row": 22, "col": 38, "lat": 30.5, "lon": -7.5, "alert_level": "yellow", "severity": 0.2, "forecasts": [{"day": 0, "date": "2026-06-25", "heat_index": 29.7, "wind_chill": 13.3, "severity": 0, "alert_level": "none"}, {"day": 1, "date": "2026-06-26", "heat_index": 30.1, "wind_chill": 14.2, "severity": 0, "alert_level": "none"}, {"day": 2, "date": "2026-06-27", "heat_index": 30.7, "wind_chill": 15.2, "severity": 0, "alert_level": "none"}, {"day": 3, "date": "2026-06-28", "heat_index": 31.2, "wind_chill": 15.8, "severity": 0, "alert_level": "none"}, {"day": 4, "date": "2026-06-29", "heat_index": 31.5, "wind_chill": 16.0, "severity": 0, "alert_level": "none"}, {"day": 5, "date": "2026-06-30", "heat_index": 31.9, "wind_chill": 16.3, "severity": 0, "alert_level": "none"}, {"day": 6, "date": "2026-07-01", "heat_index": 32.2, "wind_chill": 16.6, "severity": 0.2, "alert_level": "yellow"}]}}, {"type": "Feature", "geometry": {"type": "Polygon", "coordinates": [[[-7.373076923076923, 30.37837837837838], [-7.126923076923077, 30.37837837837838], [-7.126923076923077, 30.62162162162162], [-7.373076923076923, 30.62162162162162], [-7.373076923076923, 30.37837837837838]]]}, "properties": {"row": 22, "col": 39, "lat": 30.5, "lon": -7.25, "alert_level": "orange", "severity": 2.2, "forecasts": [{"day": 0, "date": "2026-06-25", "heat_index": 32.3, "wind_chill": 14.7, "severity": 0.3, "alert_level": "yellow"}, {"day": 1, "date": "2026-06-26", "heat_index": 32.5, "wind_chill": 15.7, "severity": 0.5, "alert_level": "yellow"}, {"day": 2, "date": "2026-06-27", "heat_index": 32.9, "wind_chill": 16.6, "severity": 0.9, "alert_level": "yellow"}, {"day": 3, "date": "2026-06-28", "heat_index": 33.3, "wind_chill": 17.2, "severity": 1.3, "alert_level": "yellow"}, {"day": 4, "date": "2026-06-29", "heat_index": 33.4, "wind_chill": 17.4, "severity": 1.4, "alert_level": "yellow"}, {"day": 5, "date": "2026-06-30", "heat_index": 33.9, "wind_chill": 17.7, "severity": 1.9, "alert_level": "yellow"}, {"day": 6, "date": "2026-07-01", "heat_index": 34.2, "wind_chill": 17.9, "severity": 2.2, "alert_level": "orange"}]}}, {"type": "Feature", "geometry": {"type": "Polygon", "coordinates": [[[-7.123076923076923, 30.37837837837838], [-6.876923076923077, 30.37837837837838], [-6.876923076923077, 30.62162162162162], [-7.123076923076923, 30.62162162162162], [-7.123076923076923, 30.37837837837838]]]}, "properties": {"row": 22, "col": 40, "lat": 30.5, "lon": -7.0, "alert_level": "orange", "severity": 3.5, "forecasts": [{"day": 0, "date": "2026-06-25", "heat_index": 34.0, "wind_chill": 15.5, "severity": 2.0, "alert_level": "orange"}, {"day": 1, "date": "2026-06-26", "heat_index": 34.0, "wind_chill": 16.7, "severity": 2.0, "alert_level": "orange"}, {"day": 2, "date": "2026-06-27", "heat_index": 34.5, "wind_chill": 17.7, "severity": 2.5, "alert_level": "orange"}, {"day": 3, "date": "2026-06-28", "heat_index": 34.7, "wind_chill": 18.2, "severity": 2.7, "alert_level": "orange"}, {"day": 4, "date": "2026-06-29", "heat_index": 34.9, "wind_chill": 18.3, "severity": 2.9, "alert_level": "orange"}, {"day": 5, "date": "2026-06-30", "heat_index": 35.3, "wind_chill": 18.6, "severity": 3.3, "alert_level": "orange"}, {"day": 6, "date": "2026-07-01", "heat_index": 35.5, "wind_chill": 18.8, "severity": 3.5, "alert_level": "orange"}]}}, {"type": "Feature", "geometry": {"type": "Polygon", "coordinates": [[[-6.873076923076923, 30.37837837837838], [-6.626923076923077, 30.37837837837838], [-6.626923076923077, 30.62162162162162], [-6.873076923076923, 30.62162162162162], [-6.873076923076923, 30.37837837837838]]]}, "properties": {"row": 22, "col": 41, "lat": 30.5, "lon": -6.75, "alert_level": "orange", "severity": 4.0, "forecasts": [{"day": 0, "date": "2026-06-25", "heat_index": 34.8, "wind_chill": 16.1, "severity": 2.8, "alert_level": "orange"}, {"day": 1, "date": "2026-06-26", "heat_index": 34.7, "wind_chill": 17.4, "severity": 2.7, "alert_level": "orange"}, {"day": 2, "date": "2026-06-27", "heat_index": 35.1, "wind_chill": 18.1, "severity": 3.1, "alert_level": "orange"}, {"day": 3, "date": "2026-06-28", "heat_index": 35.2, "wind_chill": 18.5, "severity": 3.2, "alert_level": "orange"}, {"day": 4, "date": "2026-06-29", "heat_index": 35.4, "wind_chill": 18.7, "severity": 3.4, "alert_level": "orange"}, {"day": 5, "date": "2026-06-30", "heat_index": 35.8, "wind_chill": 19.0, "severity": 3.8, "alert_level": "orange"}, {"day": 6, "date": "2026-07-01", "heat_index": 36.0, "wind_chill": 19.2, "severity": 4.0, "alert_level": "orange"}]}}, {"type": "Feature", "geometry": {"type": "Polygon", "coordinates": [[[-6.623076923076923, 30.37837837837838], [-6.376923076923077, 30.37837837837838], [-6.376923076923077, 30.62162162162162], [-6.623076923076923, 30.62162162162162], [-6.623076923076923, 30.37837837837838]]]}, "properties": {"row": 22, "col": 42, "lat": 30.5, "lon": -6.5, "alert_level": "orange", "severity": 3.8, "forecasts": [{"day": 0, "date": "2026-06-25", "heat_index": 34.8, "wind_chill": 16.5, "severity": 2.8, "alert_level": "orange"}, {"day": 1, "date": "2026-06-26", "heat_index": 34.8, "wind_chill": 17.7, "severity": 2.8, "alert_level": "orange"}, {"day": 2, "date": "2026-06-27", "heat_index": 35.0, "wind_chill": 18.1, "severity": 3.0, "alert_level": "orange"}, {"day": 3, "date": "2026-06-28", "heat_index": 35.1, "wind_chill": 18.4, "severity": 3.1, "alert_level": "orange"}, {"day": 4, "date": "2026-06-29", "heat_index": 35.2, "wind_chill": 18.6, "severity": 3.2, "alert_level": "orange"}, {"day": 5, "date": "2026-06-30", "heat_index": 35.6, "wind_chill": 18.9, "severity": 3.6, "alert_level": "orange"}, {"day": 6, "date": "2026-07-01", "heat_index": 35.8, "wind_chill": 19.1, "severity": 3.8, "alert_level": "orange"}]}}, {"type": "Feature", "geometry": {"type": "Polygon", "coordinates": [[[-6.373076923076923, 30.37837837837838], [-6.126923076923077, 30.37837837837838], [-6.126923076923077, 30.62162162162162], [-6.373076923076923, 30.62162162162162], [-6.373076923076923, 30.37837837837838]]]}, "properties": {"row": 22, "col": 43, "lat": 30.5, "lon": -6.25, "alert_level": "orange", "severity": 4.3, "forecasts": [{"day": 0, "date": "2026-06-25", "heat_index": 35.8, "wind_chill": 17.7, "severity": 3.8, "alert_level": "orange"}, {"day": 1, "date": "2026-06-26", "heat_index": 35.7, "wind_chill": 18.6, "severity": 3.7, "alert_level": "orange"}, {"day": 2, "date": "2026-06-27", "heat_index": 35.6, "wind_chill": 18.7, "severity": 3.6, "alert_level": "orange"}, {"day": 3, "date": "2026-06-28", "heat_index": 35.7, "wind_chill": 18.9, "severity": 3.7, "alert_level": "orange"}, {"day": 4, "date": "2026-06-29", "heat_index": 35.8, "wind_chill": 19.0, "severity": 3.8, "alert_level": "orange"}, {"day": 5, "date": "2026-06-30", "heat_index": 36.1, "wind_chill": 19.3, "severity": 4.1, "alert_level": "orange"}, {"day": 6, "date": "2026-07-01", "heat_index": 36.3, "wind_chill": 19.5, "severity": 4.3, "alert_level": "orange"}]}}, {"type": "Feature", "geometry": {"type": "Polygon", "coordinates": [[[-6.123076923076923, 30.37837837837838], [-5.876923076923077, 30.37837837837838], [-5.876923076923077, 30.62162162162162], [-6.123076923076923, 30.62162162162162], [-6.123076923076923, 30.37837837837838]]]}, "properties": {"row": 22, "col": 44, "lat": 30.5, "lon": -6.0, "alert_level": "red", "severity": 5.4, "forecasts": [{"day": 0, "date": "2026-06-25", "heat_index": 37.3, "wind_chill": 19.0, "severity": 5.3, "alert_level": "red"}, {"day": 1, "date": "2026-06-26", "heat_index": 37.0, "wind_chill": 19.9, "severity": 5.0, "alert_level": "orange"}, {"day": 2, "date": "2026-06-27", "heat_index": 36.8, "wind_chill": 19.9, "severity": 4.8, "alert_level": "orange"}, {"day": 3, "date": "2026-06-28", "heat_index": 36.9, "wind_chill": 20.0, "severity": 4.9, "alert_level": "orange"}, {"day": 4, "date": "2026-06-29", "heat_index": 37.0, "wind_chill": 20.1, "severity": 5.0, "alert_level": "orange"}, {"day": 5, "date": "2026-06-30", "heat_index": 37.3, "wind_chill": 20.3, "severity": 5.3, "alert_level": "red"}, {"day": 6, "date": "2026-07-01", "heat_index": 37.4, "wind_chill": 20.4, "severity": 5.4, "alert_level": "red"}]}}, {"type": "Feature", "geometry": {"type": "Polygon", "coordinates": [[[-5.873076923076923, 30.37837837837838], [-5.626923076923077, 30.37837837837838], [-5.626923076923077, 30.62162162162162], [-5.873076923076923, 30.62162162162162], [-5.873076923076923, 30.37837837837838]]]}, "properties": {"row": 22, "col": 45, "lat": 30.5, "lon": -5.75, "alert_level": "red", "severity": 6.3, "forecasts": [{"day": 0, "date": "2026-06-25", "heat_index": 37.9, "wind_chill": 19.7, "severity": 5.9, "alert_level": "red"}, {"day": 1, "date": "2026-06-26", "heat_index": 37.7, "wind_chill": 20.5, "severity": 5.7, "alert_level": "red"}, {"day": 2, "date": "2026-06-27", "heat_index": 37.6, "wind_chill": 20.7, "severity": 5.6, "alert_level": "red"}, {"day": 3, "date": "2026-06-28", "heat_index": 37.7, "wind_chill": 20.7, "severity": 5.7, "alert_level": "red"}, {"day": 4, "date": "2026-06-29", "heat_index": 37.8, "wind_chill": 20.8, "severity": 5.8, "alert_level": "red"}, {"day": 5, "date": "2026-06-30", "heat_index": 38.2, "wind_chill": 21.0, "severity": 6.2, "alert_level": "red"}, {"day": 6, "date": "2026-07-01", "heat_index": 38.3, "wind_chill": 21.2, "severity": 6.3, "alert_level": "red"}]}}, {"type": "Feature", "geometry": {"type": "Polygon", "coordinates": [[[-5.623076923076923, 30.37837837837838], [-5.376923076923077, 30.37837837837838], [-5.376923076923077, 30.62162162162162], [-5.623076923076923, 30.62162162162162], [-5.623076923076923, 30.37837837837838]]]}, "properties": {"row": 22, "col": 46, "lat": 30.5, "lon": -5.5, "alert_level": "red", "severity": 6.7, "forecasts": [{"day": 0, "date": "2026-06-25", "heat_index": 38.0, "wind_chill": 19.7, "severity": 6.0, "alert_level": "red"}, {"day": 1, "date": "2026-06-26", "heat_index": 37.8, "wind_chill": 20.6, "severity": 5.8, "alert_level": "red"}, {"day": 2, "date": "2026-06-27", "heat_index": 37.8, "wind_chill": 20.9, "severity": 5.8, "alert_level": "red"}, {"day": 3, "date": "2026-06-28", "heat_index": 38.0, "wind_chill": 20.9, "severity": 6.0, "alert_level": "red"}, {"day": 4, "date": "2026-06-29", "heat_index": 38.2, "wind_chill": 21.0, "severity": 6.2, "alert_level": "red"}, {"day": 5, "date": "2026-06-30", "heat_index": 38.5, "wind_chill": 21.3, "severity": 6.5, "alert_level": "red"}, {"day": 6, "date": "2026-07-01", "heat_index": 38.7, "wind_chill": 21.4, "severity": 6.7, "alert_level": "red"}]}}, {"type": "Feature", "geometry": {"type": "Polygon", "coordinates": [[[-5.373076923076923, 30.37837837837838], [-5.126923076923077, 30.37837837837838], [-5.126923076923077, 30.62162162162162], [-5.373076923076923, 30.62162162162162], [-5.373076923076923, 30.37837837837838]]]}, "properties": {"row": 22, "col": 47, "lat": 30.5, "lon": -5.25, "alert_level": "red", "severity": 7.1, "forecasts": [{"day": 0, "date": "2026-06-25", "heat_index": 38.6, "wind_chill": 19.8, "severity": 6.6, "alert_level": "red"}, {"day": 1, "date": "2026-06-26", "heat_index": 38.5, "wind_chill": 20.9, "severity": 6.5, "alert_level": "red"}, {"day": 2, "date": "2026-06-27", "heat_index": 38.2, "wind_chill": 21.2, "severity": 6.2, "alert_level": "red"}, {"day": 3, "date": "2026-06-28", "heat_index": 38.4, "wind_chill": 21.3, "severity": 6.4, "alert_level": "red"}, {"day": 4, "date": "2026-06-29", "heat_index": 38.7, "wind_chill": 21.4, "severity": 6.7, "alert_level": "red"}, {"day": 5, "date": "2026-06-30", "heat_index": 39.0, "wind_chill": 21.6, "severity": 7.0, "alert_level": "red"}, {"day": 6, "date": "2026-07-01", "heat_index": 39.1, "wind_chill": 21.7, "severity": 7.1, "alert_level": "red"}]}}, {"type": "Feature", "geometry": {"type": "Polygon", "coordinates": [[[-5.123076923076923, 30.37837837837838], [-4.876923076923077, 30.37837837837838], [-4.876923076923077, 30.62162162162162], [-5.123076923076923, 30.62162162162162], [-5.123076923076923, 30.37837837837838]]]}, "properties": {"row": 22, "col": 48, "lat": 30.5, "lon": -5.0, "alert_level": "red", "severity": 7.5, "forecasts": [{"day": 0, "date": "2026-06-25", "heat_index": 39.3, "wind_chill": 19.9, "severity": 7.3, "alert_level": "red"}, {"day": 1, "date": "2026-06-26", "heat_index": 39.2, "wind_chill": 21.3, "severity": 7.2, "alert_level": "red"}, {"day": 2, "date": "2026-06-27", "heat_index": 38.8, "wind_chill": 21.5, "severity": 6.8, "alert_level": "red"}, {"day": 3, "date": "2026-06-28", "heat_index": 38.8, "wind_chill": 21.6, "severity": 6.8, "alert_level": "red"}, {"day": 4, "date": "2026-06-29", "heat_index": 39.1, "wind_chill": 21.7, "severity": 7.1, "alert_level": "red"}, {"day": 5, "date": "2026-06-30", "heat_index": 39.4, "wind_chill": 21.9, "severity": 7.4, "alert_level": "red"}, {"day": 6, "date": "2026-07-01", "heat_index": 39.5, "wind_chill": 22.0, "severity": 7.5, "alert_level": "red"}]}}, {"type": "Feature", "geometry": {"type": "Polygon", "coordinates": [[[-4.873076923076923, 30.37837837837838], [-4.626923076923077, 30.37837837837838], [-4.626923076923077, 30.62162162162162], [-4.873076923076923, 30.62162162162162], [-4.873076923076923, 30.37837837837838]]]}, "properties": {"row": 22, "col": 49, "lat": 30.5, "lon": -4.75, "alert_level": "red", "severity": 7.5, "forecasts": [{"day": 0, "date": "2026-06-25", "heat_index": 39.4, "wind_chill": 19.5, "severity": 7.4, "alert_level": "red"}, {"day": 1, "date": "2026-06-26", "heat_index": 39.4, "wind_chill": 21.1, "severity": 7.4, "alert_level": "red"}, {"day": 2, "date": "2026-06-27", "heat_index": 38.9, "wind_chill": 21.5, "severity": 6.9, "alert_level": "red"}, {"day": 3, "date": "2026-06-28", "heat_index": 38.9, "wind_chill": 21.5, "severity": 6.9, "alert_level": "red"}, {"day": 4, "date": "2026-06-29", "heat_index": 39.1, "wind_chill": 21.7, "severity": 7.1, "alert_level": "red"}, {"day": 5, "date": "2026-06-30", "heat_index": 39.5, "wind_chill": 21.9, "severity": 7.5, "alert_level": "red"}, {"day": 6, "date": "2026-07-01", "heat_index": 39.5, "wind_chill": 22.0, "severity": 7.5, "alert_level": "red"}]}}, {"type": "Feature", "geometry": {"type": "Polygon", "coordinates": [[[-4.623076923076923, 30.37837837837838], [-4.376923076923077, 30.37837837837838], [-4.376923076923077, 30.62162162162162], [-4.623076923076923, 30.62162162162162], [-4.623076923076923, 30.37837837837838]]]}, "properties": {"row": 22, "col": 50, "lat": 30.5, "lon": -4.5, "alert_level": "red", "severity": 7.4, "forecasts": [{"day": 0, "date": "2026-06-25", "heat_index": 39.3, "wind_chill": 19.3, "severity": 7.3, "alert_level": "red"}, {"day": 1, "date": "2026-06-26", "heat_index": 39.4, "wind_chill": 21.1, "severity": 7.4, "alert_level": "red"}, {"day": 2, "date": "2026-06-27", "heat_index": 38.9, "wind_chill": 21.4, "severity": 6.9, "alert_level": "red"}, {"day": 3, "date": "2026-06-28", "heat_index": 38.9, "wind_chill": 21.6, "severity": 6.9, "alert_level": "red"}, {"day": 4, "date": "2026-06-29", "heat_index": 39.1, "wind_chill": 21.7, "severity": 7.1, "alert_level": "red"}, {"day": 5, "date": "2026-06-30", "heat_index": 39.4, "wind_chill": 21.9, "severity": 7.4, "alert_level": "red"}, {"day": 6, "date": "2026-07-01", "heat_index": 39.4, "wind_chill": 22.0, "severity": 7.4, "alert_level": "red"}]}}, {"type": "Feature", "geometry": {"type": "Polygon", "coordinates": [[[-9.623076923076923, 30.12837837837838], [-9.376923076923077, 30.12837837837838], [-9.376923076923077, 30.37162162162162], [-9.623076923076923, 30.37162162162162], [-9.623076923076923, 30.12837837837838]]]}, "properties": {"row": 23, "col": 30, "lat": 30.25, "lon": -9.5, "alert_level": "none", "severity": 0, "forecasts": [{"day": 0, "date": "2026-06-25", "heat_index": 26.2, "wind_chill": 15.0, "severity": 0, "alert_level": "none"}, {"day": 1, "date": "2026-06-26", "heat_index": 27.2, "wind_chill": 16.3, "severity": 0, "alert_level": "none"}, {"day": 2, "date": "2026-06-27", "heat_index": 27.7, "wind_chill": 17.1, "severity": 0, "alert_level": "none"}, {"day": 3, "date": "2026-06-28", "heat_index": 28.3, "wind_chill": 17.5, "severity": 0, "alert_level": "none"}, {"day": 4, "date": "2026-06-29", "heat_index": 28.5, "wind_chill": 17.7, "severity": 0, "alert_level": "none"}, {"day": 5, "date": "2026-06-30", "heat_index": 28.8, "wind_chill": 17.9, "severity": 0, "alert_level": "none"}, {"day": 6, "date": "2026-07-01", "heat_index": 28.9, "wind_chill": 18.0, "severity": 0, "alert_level": "none"}]}}, {"type": "Feature", "geometry": {"type": "Polygon", "coordinates": [[[-9.373076923076923, 30.12837837837838], [-9.126923076923077, 30.12837837837838], [-9.126923076923077, 30.37162162162162], [-9.373076923076923, 30.37162162162162], [-9.373076923076923, 30.12837837837838]]]}, "properties": {"row": 23, "col": 31, "lat": 30.25, "lon": -9.25, "alert_level": "none", "severity": 0, "forecasts": [{"day": 0, "date": "2026-06-25", "heat_index": 28.5, "wind_chill": 17.6, "severity": 0, "alert_level": "none"}, {"day": 1, "date": "2026-06-26", "heat_index": 28.9, "wind_chill": 18.0, "severity": 0, "alert_level": "none"}, {"day": 2, "date": "2026-06-27", "heat_index": 29.6, "wind_chill": 19.0, "severity": 0, "alert_level": "none"}, {"day": 3, "date": "2026-06-28", "heat_index": 30.1, "wind_chill": 19.6, "severity": 0, "alert_level": "none"}, {"day": 4, "date": "2026-06-29", "heat_index": 30.6, "wind_chill": 19.8, "severity": 0, "alert_level": "none"}, {"day": 5, "date": "2026-06-30", "heat_index": 31.0, "wind_chill": 19.9, "severity": 0, "alert_level": "none"}, {"day": 6, "date": "2026-07-01", "heat_index": 31.3, "wind_chill": 20.1, "severity": 0, "alert_level": "none"}]}}, {"type": "Feature", "geometry": {"type": "Polygon", "coordinates": [[[-9.123076923076923, 30.12837837837838], [-8.876923076923077, 30.12837837837838], [-8.876923076923077, 30.37162162162162], [-9.123076923076923, 30.37162162162162], [-9.123076923076923, 30.12837837837838]]]}, "properties": {"row": 23, "col": 32, "lat": 30.25, "lon": -9.0, "alert_level": "yellow", "severity": 0.1, "forecasts": [{"day": 0, "date": "2026-06-25", "heat_index": 28.9, "wind_chill": 16.9, "severity": 0, "alert_level": "none"}, {"day": 1, "date": "2026-06-26", "heat_index": 30.0, "wind_chill": 17.4, "severity": 0, "alert_level": "none"}, {"day": 2, "date": "2026-06-27", "heat_index": 30.5, "wind_chill": 18.3, "severity": 0, "alert_level": "none"}, {"day": 3, "date": "2026-06-28", "heat_index": 30.9, "wind_chill": 18.6, "severity": 0, "alert_level": "none"}, {"day": 4, "date": "2026-06-29", "heat_index": 31.2, "wind_chill": 18.8, "severity": 0, "alert_level": "none"}, {"day": 5, "date": "2026-06-30", "heat_index": 31.7, "wind_chill": 19.0, "severity": 0, "alert_level": "none"}, {"day": 6, "date": "2026-07-01", "heat_index": 32.1, "wind_chill": 19.2, "severity": 0.1, "alert_level": "yellow"}]}}, {"type": "Feature", "geometry": {"type": "Polygon", "coordinates": [[[-8.873076923076923, 30.12837837837838], [-8.626923076923077, 30.12837837837838], [-8.626923076923077, 30.37162162162162], [-8.873076923076923, 30.37162162162162], [-8.873076923076923, 30.12837837837838]]]}, "properties": {"row": 23, "col": 33, "lat": 30.25, "lon": -8.75, "alert_level": "yellow", "severity": 1.3, "forecasts": [{"day": 0, "date": "2026-06-25", "heat_index": 29.0, "wind_chill": 16.2, "severity": 0, "alert_level": "none"}, {"day": 1, "date": "2026-06-26", "heat_index": 31.0, "wind_chill": 16.9, "severity": 0, "alert_level": "none"}, {"day": 2, "date": "2026-06-27", "heat_index": 31.6, "wind_chill": 17.6, "severity": 0, "alert_level": "none"}, {"day": 3, "date": "2026-06-28", "heat_index": 32.1, "wind_chill": 18.0, "severity": 0.1, "alert_level": "yellow"}, {"day": 4, "date": "2026-06-29", "heat_index": 32.3, "wind_chill": 18.1, "severity": 0.3, "alert_level": "yellow"}, {"day": 5, "date": "2026-06-30", "heat_index": 32.9, "wind_chill": 18.4, "severity": 0.9, "alert_level": "yellow"}, {"day": 6, "date": "2026-07-01", "heat_index": 33.3, "wind_chill": 18.7, "severity": 1.3, "alert_level": "yellow"}]}}, {"type": "Feature", "geometry": {"type": "Polygon", "coordinates": [[[-8.623076923076923, 30.12837837837838], [-8.376923076923077, 30.12837837837838], [-8.376923076923077, 30.37162162162162], [-8.623076923076923, 30.37162162162162], [-8.623076923076923, 30.12837837837838]]]}, "properties": {"row": 23, "col": 34, "lat": 30.25, "lon": -8.5, "alert_level": "yellow", "severity": 1.1, "forecasts": [{"day": 0, "date": "2026-06-25", "heat_index": 28.4, "wind_chill": 14.9, "severity": 0, "alert_level": "none"}, {"day": 1, "date": "2026-06-26", "heat_index": 30.4, "wind_chill": 15.6, "severity": 0, "alert_level": "none"}, {"day": 2, "date": "2026-06-27", "heat_index": 31.3, "wind_chill": 16.5, "severity": 0, "alert_level": "none"}, {"day": 3, "date": "2026-06-28", "heat_index": 31.8, "wind_chill": 17.0, "severity": 0, "alert_level": "none"}, {"day": 4, "date": "2026-06-29", "heat_index": 32.1, "wind_chill": 17.2, "severity": 0.1, "alert_level": "yellow"}, {"day": 5, "date": "2026-06-30", "heat_index": 32.7, "wind_chill": 17.5, "severity": 0.7, "alert_level": "yellow"}, {"day": 6, "date": "2026-07-01", "heat_index": 33.1, "wind_chill": 17.9, "severity": 1.1, "alert_level": "yellow"}]}}, {"type": "Feature", "geometry": {"type": "Polygon", "coordinates": [[[-8.373076923076923, 30.12837837837838], [-8.126923076923077, 30.12837837837838], [-8.126923076923077, 30.37162162162162], [-8.373076923076923, 30.37162162162162], [-8.373076923076923, 30.12837837837838]]]}, "properties": {"row": 23, "col": 35, "lat": 30.25, "lon": -8.25, "alert_level": "yellow", "severity": 1.3, "forecasts": [{"day": 0, "date": "2026-06-25", "heat_index": 28.8, "wind_chill": 14.2, "severity": 0, "alert_level": "none"}, {"day": 1, "date": "2026-06-26", "heat_index": 30.5, "wind_chill": 15.1, "severity": 0, "alert_level": "none"}, {"day": 2, "date": "2026-06-27", "heat_index": 31.5, "wind_chill": 16.0, "severity": 0, "alert_level": "none"}, {"day": 3, "date": "2026-06-28", "heat_index": 32.0, "wind_chill": 16.7, "severity": 0.0, "alert_level": "yellow"}, {"day": 4, "date": "2026-06-29", "heat_index": 32.3, "wind_chill": 16.9, "severity": 0.3, "alert_level": "yellow"}, {"day": 5, "date": "2026-06-30", "heat_index": 32.9, "wind_chill": 17.3, "severity": 0.9, "alert_level": "yellow"}, {"day": 6, "date": "2026-07-01", "heat_index": 33.3, "wind_chill": 17.6, "severity": 1.3, "alert_level": "yellow"}]}}, {"type": "Feature", "geometry": {"type": "Polygon", "coordinates": [[[-8.123076923076923, 30.12837837837838], [-7.876923076923077, 30.12837837837838], [-7.876923076923077, 30.37162162162162], [-8.123076923076923, 30.37162162162162], [-8.123076923076923, 30.12837837837838]]]}, "properties": {"row": 23, "col": 36, "lat": 30.25, "lon": -8.0, "alert_level": "yellow", "severity": 1.1, "forecasts": [{"day": 0, "date": "2026-06-25", "heat_index": 29.5, "wind_chill": 13.5, "severity": 0, "alert_level": "none"}, {"day": 1, "date": "2026-06-26", "heat_index": 30.5, "wind_chill": 14.7, "severity": 0, "alert_level": "none"}, {"day": 2, "date": "2026-06-27", "heat_index": 31.4, "wind_chill": 15.6, "severity": 0, "alert_level": "none"}, {"day": 3, "date": "2026-06-28", "heat_index": 31.9, "wind_chill": 16.3, "severity": 0, "alert_level": "none"}, {"day": 4, "date": "2026-06-29", "heat_index": 32.2, "wind_chill": 16.5, "severity": 0.2, "alert_level": "yellow"}, {"day": 5, "date": "2026-06-30", "heat_index": 32.7, "wind_chill": 16.9, "severity": 0.7, "alert_level": "yellow"}, {"day": 6, "date": "2026-07-01", "heat_index": 33.1, "wind_chill": 17.2, "severity": 1.1, "alert_level": "yellow"}]}}, {"type": "Feature", "geometry": {"type": "Polygon", "coordinates": [[[-7.873076923076923, 30.12837837837838], [-7.626923076923077, 30.12837837837838], [-7.626923076923077, 30.37162162162162], [-7.873076923076923, 30.37162162162162], [-7.873076923076923, 30.12837837837838]]]}, "properties": {"row": 23, "col": 37, "lat": 30.25, "lon": -7.75, "alert_level": "yellow", "severity": 0.7, "forecasts": [{"day": 0, "date": "2026-06-25", "heat_index": 29.9, "wind_chill": 12.8, "severity": 0, "alert_level": "none"}, {"day": 1, "date": "2026-06-26", "heat_index": 30.6, "wind_chill": 14.2, "severity": 0, "alert_level": "none"}, {"day": 2, "date": "2026-06-27", "heat_index": 31.3, "wind_chill": 15.0, "severity": 0, "alert_level": "none"}, {"day": 3, "date": "2026-06-28", "heat_index": 31.8, "wind_chill": 15.8, "severity": 0, "alert_level": "none"}, {"day": 4, "date": "2026-06-29", "heat_index": 32.0, "wind_chill": 16.0, "severity": 0, "alert_level": "none"}, {"day": 5, "date": "2026-06-30", "heat_index": 32.4, "wind_chill": 16.3, "severity": 0.4, "alert_level": "yellow"}, {"day": 6, "date": "2026-07-01", "heat_index": 32.7, "wind_chill": 16.6, "severity": 0.7, "alert_level": "yellow"}]}}, {"type": "Feature", "geometry": {"type": "Polygon", "coordinates": [[[-7.623076923076923, 30.12837837837838], [-7.376923076923077, 30.12837837837838], [-7.376923076923077, 30.37162162162162], [-7.623076923076923, 30.37162162162162], [-7.623076923076923, 30.12837837837838]]]}, "properties": {"row": 23, "col": 38, "lat": 30.25, "lon": -7.5, "alert_level": "yellow", "severity": 1.7, "forecasts": [{"day": 0, "date": "2026-06-25", "heat_index": 31.8, "wind_chill": 13.8, "severity": 0, "alert_level": "none"}, {"day": 1, "date": "2026-06-26", "heat_index": 32.1, "wind_chill": 15.1, "severity": 0.1, "alert_level": "yellow"}, {"day": 2, "date": "2026-06-27", "heat_index": 32.5, "wind_chill": 15.8, "severity": 0.5, "alert_level": "yellow"}, {"day": 3, "date": "2026-06-28", "heat_index": 32.9, "wind_chill": 16.4, "severity": 0.9, "alert_level": "yellow"}, {"day": 4, "date": "2026-06-29", "heat_index": 33.0, "wind_chill": 16.6, "severity": 1.0, "alert_level": "yellow"}, {"day": 5, "date": "2026-06-30", "heat_index": 33.5, "wind_chill": 16.9, "severity": 1.5, "alert_level": "yellow"}, {"day": 6, "date": "2026-07-01", "heat_index": 33.7, "wind_chill": 17.2, "severity": 1.7, "alert_level": "yellow"}]}}, {"type": "Feature", "geometry": {"type": "Polygon", "coordinates": [[[-7.373076923076923, 30.12837837837838], [-7.126923076923077, 30.12837837837838], [-7.126923076923077, 30.37162162162162], [-7.373076923076923, 30.37162162162162], [-7.373076923076923, 30.12837837837838]]]}, "properties": {"row": 23, "col": 39, "lat": 30.25, "lon": -7.25, "alert_level": "orange", "severity": 3.7, "forecasts": [{"day": 0, "date": "2026-06-25", "heat_index": 34.5, "wind_chill": 15.5, "severity": 2.5, "alert_level": "orange"}, {"day": 1, "date": "2026-06-26", "heat_index": 34.6, "wind_chill": 16.8, "severity": 2.6, "alert_level": "orange"}, {"day": 2, "date": "2026-06-27", "heat_index": 34.7, "wind_chill": 17.4, "severity": 2.7, "alert_level": "orange"}, {"day": 3, "date": "2026-06-28", "heat_index": 35.0, "wind_chill": 17.9, "severity": 3.0, "alert_level": "orange"}, {"day": 4, "date": "2026-06-29", "heat_index": 35.1, "wind_chill": 18.0, "severity": 3.1, "alert_level": "orange"}, {"day": 5, "date": "2026-06-30", "heat_index": 35.5, "wind_chill": 18.3, "severity": 3.5, "alert_level": "orange"}, {"day": 6, "date": "2026-07-01", "heat_index": 35.7, "wind_chill": 18.5, "severity": 3.7, "alert_level": "orange"}]}}, {"type": "Feature", "geometry": {"type": "Polygon", "coordinates": [[[-7.123076923076923, 30.12837837837838], [-6.876923076923077, 30.12837837837838], [-6.876923076923077, 30.37162162162162], [-7.123076923076923, 30.37162162162162], [-7.123076923076923, 30.12837837837838]]]}, "properties": {"row": 23, "col": 40, "lat": 30.25, "lon": -7.0, "alert_level": "red", "severity": 5.1, "forecasts": [{"day": 0, "date": "2026-06-25", "heat_index": 36.1, "wind_chill": 16.6, "severity": 4.1, "alert_level": "orange"}, {"day": 1, "date": "2026-06-26", "heat_index": 36.1, "wind_chill": 17.9, "severity": 4.1, "alert_level": "orange"}, {"day": 2, "date": "2026-06-27", "heat_index": 36.2, "wind_chill": 18.5, "severity": 4.2, "alert_level": "orange"}, {"day": 3, "date": "2026-06-28", "heat_index": 36.3, "wind_chill": 18.9, "severity": 4.3, "alert_level": "orange"}, {"day": 4, "date": "2026-06-29", "heat_index": 36.5, "wind_chill": 19.0, "severity": 4.5, "alert_level": "orange"}, {"day": 5, "date": "2026-06-30", "heat_index": 36.9, "wind_chill": 19.3, "severity": 4.9, "alert_level": "orange"}, {"day": 6, "date": "2026-07-01", "heat_index": 37.1, "wind_chill": 19.5, "severity": 5.1, "alert_level": "red"}]}}, {"type": "Feature", "geometry": {"type": "Polygon", "coordinates": [[[-6.873076923076923, 30.12837837837838], [-6.626923076923077, 30.12837837837838], [-6.626923076923077, 30.37162162162162], [-6.873076923076923, 30.37162162162162], [-6.873076923076923, 30.12837837837838]]]}, "properties": {"row": 23, "col": 41, "lat": 30.25, "lon": -6.75, "alert_level": "red", "severity": 5.4, "forecasts": [{"day": 0, "date": "2026-06-25", "heat_index": 36.6, "wind_chill": 17.4, "severity": 4.6, "alert_level": "orange"}, {"day": 1, "date": "2026-06-26", "heat_index": 36.5, "wind_chill": 18.5, "severity": 4.5, "alert_level": "orange"}, {"day": 2, "date": "2026-06-27", "heat_index": 36.5, "wind_chill": 19.0, "severity": 4.5, "alert_level": "orange"}, {"day": 3, "date": "2026-06-28", "heat_index": 36.7, "wind_chill": 19.3, "severity": 4.7, "alert_level": "orange"}, {"day": 4, "date": "2026-06-29", "heat_index": 36.8, "wind_chill": 19.4, "severity": 4.8, "alert_level": "orange"}, {"day": 5, "date": "2026-06-30", "heat_index": 37.2, "wind_chill": 19.7, "severity": 5.2, "alert_level": "red"}, {"day": 6, "date": "2026-07-01", "heat_index": 37.4, "wind_chill": 19.9, "severity": 5.4, "alert_level": "red"}]}}, {"type": "Feature", "geometry": {"type": "Polygon", "coordinates": [[[-6.623076923076923, 30.12837837837838], [-6.376923076923077, 30.12837837837838], [-6.376923076923077, 30.37162162162162], [-6.623076923076923, 30.37162162162162], [-6.623076923076923, 30.12837837837838]]]}, "properties": {"row": 23, "col": 42, "lat": 30.25, "lon": -6.5, "alert_level": "red", "severity": 5.1, "forecasts": [{"day": 0, "date": "2026-06-25", "heat_index": 36.1, "wind_chill": 17.4, "severity": 4.1, "alert_level": "orange"}, {"day": 1, "date": "2026-06-26", "heat_index": 36.1, "wind_chill": 18.5, "severity": 4.1, "alert_level": "orange"}, {"day": 2, "date": "2026-06-27", "heat_index": 36.1, "wind_chill": 18.8, "severity": 4.1, "alert_level": "orange"}, {"day": 3, "date": "2026-06-28", "heat_index": 36.3, "wind_chill": 19.1, "severity": 4.3, "alert_level": "orange"}, {"day": 4, "date": "2026-06-29", "heat_index": 36.5, "wind_chill": 19.3, "severity": 4.5, "alert_level": "orange"}, {"day": 5, "date": "2026-06-30", "heat_index": 36.9, "wind_chill": 19.6, "severity": 4.9, "alert_level": "orange"}, {"day": 6, "date": "2026-07-01", "heat_index": 37.1, "wind_chill": 19.7, "severity": 5.1, "alert_level": "red"}]}}, {"type": "Feature", "geometry": {"type": "Polygon", "coordinates": [[[-6.373076923076923, 30.12837837837838], [-6.126923076923077, 30.12837837837838], [-6.126923076923077, 30.37162162162162], [-6.373076923076923, 30.37162162162162], [-6.373076923076923, 30.12837837837838]]]}, "properties": {"row": 23, "col": 43, "lat": 30.25, "lon": -6.25, "alert_level": "red", "severity": 5.5, "forecasts": [{"day": 0, "date": "2026-06-25", "heat_index": 36.9, "wind_chill": 18.4, "severity": 4.9, "alert_level": "orange"}, {"day": 1, "date": "2026-06-26", "heat_index": 36.7, "wind_chill": 19.3, "severity": 4.7, "alert_level": "orange"}, {"day": 2, "date": "2026-06-27", "heat_index": 36.6, "wind_chill": 19.5, "severity": 4.6, "alert_level": "orange"}, {"day": 3, "date": "2026-06-28", "heat_index": 36.8, "wind_chill": 19.7, "severity": 4.8, "alert_level": "orange"}, {"day": 4, "date": "2026-06-29", "heat_index": 37.0, "wind_chill": 19.9, "severity": 5.0, "alert_level": "orange"}, {"day": 5, "date": "2026-06-30", "heat_index": 37.4, "wind_chill": 20.1, "severity": 5.4, "alert_level": "red"}, {"day": 6, "date": "2026-07-01", "heat_index": 37.5, "wind_chill": 20.3, "severity": 5.5, "alert_level": "red"}]}}, {"type": "Feature", "geometry": {"type": "Polygon", "coordinates": [[[-6.123076923076923, 30.12837837837838], [-5.876923076923077, 30.12837837837838], [-5.876923076923077, 30.37162162162162], [-6.123076923076923, 30.37162162162162], [-6.123076923076923, 30.12837837837838]]]}, "properties": {"row": 23, "col": 44, "lat": 30.25, "lon": -6.0, "alert_level": "red", "severity": 6.8, "forecasts": [{"day": 0, "date": "2026-06-25", "heat_index": 38.5, "wind_chill": 19.8, "severity": 6.5, "alert_level": "red"}, {"day": 1, "date": "2026-06-26", "heat_index": 38.2, "wind_chill": 20.7, "severity": 6.2, "alert_level": "red"}, {"day": 2, "date": "2026-06-27", "heat_index": 37.9, "wind_chill": 20.9, "severity": 5.9, "alert_level": "red"}, {"day": 3, "date": "2026-06-28", "heat_index": 38.1, "wind_chill": 21.0, "severity": 6.1, "alert_level": "red"}, {"day": 4, "date": "2026-06-29", "heat_index": 38.3, "wind_chill": 21.1, "severity": 6.3, "alert_level": "red"}, {"day": 5, "date": "2026-06-30", "heat_index": 38.7, "wind_chill": 21.4, "severity": 6.7, "alert_level": "red"}, {"day": 6, "date": "2026-07-01", "heat_index": 38.8, "wind_chill": 21.5, "severity": 6.8, "alert_level": "red"}]}}, {"type": "Feature", "geometry": {"type": "Polygon", "coordinates": [[[-5.873076923076923, 30.12837837837838], [-5.626923076923077, 30.12837837837838], [-5.626923076923077, 30.37162162162162], [-5.873076923076923, 30.37162162162162], [-5.873076923076923, 30.12837837837838]]]}, "properties": {"row": 23, "col": 45, "lat": 30.25, "lon": -5.75, "alert_level": "red", "severity": 7.7, "forecasts": [{"day": 0, "date": "2026-06-25", "heat_index": 39.1, "wind_chill": 20.2, "severity": 7.1, "alert_level": "red"}, {"day": 1, "date": "2026-06-26", "heat_index": 39.0, "wind_chill": 21.3, "severity": 7.0, "alert_level": "red"}, {"day": 2, "date": "2026-06-27", "heat_index": 38.7, "wind_chill": 21.6, "severity": 6.7, "alert_level": "red"}, {"day": 3, "date": "2026-06-28", "heat_index": 38.9, "wind_chill": 21.7, "severity": 6.9, "alert_level": "red"}, {"day": 4, "date": "2026-06-29", "heat_index": 39.2, "wind_chill": 21.8, "severity": 7.2, "alert_level": "red"}, {"day": 5, "date": "2026-06-30", "heat_index": 39.5, "wind_chill": 22.1, "severity": 7.5, "alert_level": "red"}, {"day": 6, "date": "2026-07-01", "heat_index": 39.7, "wind_chill": 22.2, "severity": 7.7, "alert_level": "red"}]}}, {"type": "Feature", "geometry": {"type": "Polygon", "coordinates": [[[-5.623076923076923, 30.12837837837838], [-5.376923076923077, 30.12837837837838], [-5.376923076923077, 30.37162162162162], [-5.623076923076923, 30.37162162162162], [-5.623076923076923, 30.12837837837838]]]}, "properties": {"row": 23, "col": 46, "lat": 30.25, "lon": -5.5, "alert_level": "red", "severity": 7.8, "forecasts": [{"day": 0, "date": "2026-06-25", "heat_index": 39.1, "wind_chill": 19.9, "severity": 7.1, "alert_level": "red"}, {"day": 1, "date": "2026-06-26", "heat_index": 39.0, "wind_chill": 21.1, "severity": 7.0, "alert_level": "red"}, {"day": 2, "date": "2026-06-27", "heat_index": 38.8, "wind_chill": 21.5, "severity": 6.8, "alert_level": "red"}, {"day": 3, "date": "2026-06-28", "heat_index": 38.9, "wind_chill": 21.7, "severity": 6.9, "alert_level": "red"}, {"day": 4, "date": "2026-06-29", "heat_index": 39.3, "wind_chill": 21.8, "severity": 7.3, "alert_level": "red"}, {"day": 5, "date": "2026-06-30", "heat_index": 39.7, "wind_chill": 22.1, "severity": 7.7, "alert_level": "red"}, {"day": 6, "date": "2026-07-01", "heat_index": 39.8, "wind_chill": 22.2, "severity": 7.8, "alert_level": "red"}]}}, {"type": "Feature", "geometry": {"type": "Polygon", "coordinates": [[[-5.373076923076923, 30.12837837837838], [-5.126923076923077, 30.12837837837838], [-5.126923076923077, 30.37162162162162], [-5.373076923076923, 30.37162162162162], [-5.373076923076923, 30.12837837837838]]]}, "properties": {"row": 23, "col": 47, "lat": 30.25, "lon": -5.25, "alert_level": "red", "severity": 7.9, "forecasts": [{"day": 0, "date": "2026-06-25", "heat_index": 39.4, "wind_chill": 19.9, "severity": 7.4, "alert_level": "red"}, {"day": 1, "date": "2026-06-26", "heat_index": 39.3, "wind_chill": 21.3, "severity": 7.3, "alert_level": "red"}, {"day": 2, "date": "2026-06-27", "heat_index": 39.0, "wind_chill": 21.6, "severity": 7.0, "alert_level": "red"}, {"day": 3, "date": "2026-06-28", "heat_index": 39.1, "wind_chill": 21.7, "severity": 7.1, "alert_level": "red"}, {"day": 4, "date": "2026-06-29", "heat_index": 39.4, "wind_chill": 21.9, "severity": 7.4, "alert_level": "red"}, {"day": 5, "date": "2026-06-30", "heat_index": 39.8, "wind_chill": 22.1, "severity": 7.8, "alert_level": "red"}, {"day": 6, "date": "2026-07-01", "heat_index": 39.9, "wind_chill": 22.3, "severity": 7.9, "alert_level": "red"}]}}, {"type": "Feature", "geometry": {"type": "Polygon", "coordinates": [[[-5.123076923076923, 30.12837837837838], [-4.876923076923077, 30.12837837837838], [-4.876923076923077, 30.37162162162162], [-5.123076923076923, 30.37162162162162], [-5.123076923076923, 30.12837837837838]]]}, "properties": {"row": 23, "col": 48, "lat": 30.25, "lon": -5.0, "alert_level": "red", "severity": 8.0, "forecasts": [{"day": 0, "date": "2026-06-25", "heat_index": 39.7, "wind_chill": 19.9, "severity": 7.7, "alert_level": "red"}, {"day": 1, "date": "2026-06-26", "heat_index": 39.8, "wind_chill": 21.5, "severity": 7.8, "alert_level": "red"}, {"day": 2, "date": "2026-06-27", "heat_index": 39.3, "wind_chill": 21.8, "severity": 7.3, "alert_level": "red"}, {"day": 3, "date": "2026-06-28", "heat_index": 39.4, "wind_chill": 21.9, "severity": 7.4, "alert_level": "red"}, {"day": 4, "date": "2026-06-29", "heat_index": 39.6, "wind_chill": 22.1, "severity": 7.6, "alert_level": "red"}, {"day": 5, "date": "2026-06-30", "heat_index": 40.0, "wind_chill": 22.3, "severity": 8.0, "alert_level": "red"}, {"day": 6, "date": "2026-07-01", "heat_index": 40.0, "wind_chill": 22.4, "severity": 8.0, "alert_level": "red"}]}}, {"type": "Feature", "geometry": {"type": "Polygon", "coordinates": [[[-4.873076923076923, 30.12837837837838], [-4.626923076923077, 30.12837837837838], [-4.626923076923077, 30.37162162162162], [-4.873076923076923, 30.37162162162162], [-4.873076923076923, 30.12837837837838]]]}, "properties": {"row": 23, "col": 49, "lat": 30.25, "lon": -4.75, "alert_level": "red", "severity": 8.0, "forecasts": [{"day": 0, "date": "2026-06-25", "heat_index": 39.7, "wind_chill": 19.6, "severity": 7.7, "alert_level": "red"}, {"day": 1, "date": "2026-06-26", "heat_index": 39.9, "wind_chill": 21.4, "severity": 7.9, "alert_level": "red"}, {"day": 2, "date": "2026-06-27", "heat_index": 39.4, "wind_chill": 21.8, "severity": 7.4, "alert_level": "red"}, {"day": 3, "date": "2026-06-28", "heat_index": 39.4, "wind_chill": 21.9, "severity": 7.4, "alert_level": "red"}, {"day": 4, "date": "2026-06-29", "heat_index": 39.7, "wind_chill": 22.1, "severity": 7.7, "alert_level": "red"}, {"day": 5, "date": "2026-06-30", "heat_index": 40.0, "wind_chill": 22.3, "severity": 8.0, "alert_level": "red"}, {"day": 6, "date": "2026-07-01", "heat_index": 40.0, "wind_chill": 22.4, "severity": 8.0, "alert_level": "red"}]}}, {"type": "Feature", "geometry": {"type": "Polygon", "coordinates": [[[-9.623076923076923, 29.87837837837838], [-9.376923076923077, 29.87837837837838], [-9.376923076923077, 30.12162162162162], [-9.623076923076923, 30.12162162162162], [-9.623076923076923, 29.87837837837838]]]}, "properties": {"row": 24, "col": 30, "lat": 30.0, "lon": -9.5, "alert_level": "none", "severity": 0, "forecasts": [{"day": 0, "date": "2026-06-25", "heat_index": 24.7, "wind_chill": 17.0, "severity": 0, "alert_level": "none"}, {"day": 1, "date": "2026-06-26", "heat_index": 26.8, "wind_chill": 18.1, "severity": 0, "alert_level": "none"}, {"day": 2, "date": "2026-06-27", "heat_index": 27.4, "wind_chill": 18.8, "severity": 0, "alert_level": "none"}, {"day": 3, "date": "2026-06-28", "heat_index": 27.9, "wind_chill": 18.8, "severity": 0, "alert_level": "none"}, {"day": 4, "date": "2026-06-29", "heat_index": 28.2, "wind_chill": 18.9, "severity": 0, "alert_level": "none"}, {"day": 5, "date": "2026-06-30", "heat_index": 28.4, "wind_chill": 19.0, "severity": 0, "alert_level": "none"}, {"day": 6, "date": "2026-07-01", "heat_index": 28.5, "wind_chill": 19.1, "severity": 0, "alert_level": "none"}]}}, {"type": "Feature", "geometry": {"type": "Polygon", "coordinates": [[[-9.373076923076923, 29.87837837837838], [-9.126923076923077, 29.87837837837838], [-9.126923076923077, 30.12162162162162], [-9.373076923076923, 30.12162162162162], [-9.373076923076923, 29.87837837837838]]]}, "properties": {"row": 24, "col": 31, "lat": 30.0, "lon": -9.25, "alert_level": "none", "severity": 0, "forecasts": [{"day": 0, "date": "2026-06-25", "heat_index": 27.0, "wind_chill": 15.9, "severity": 0, "alert_level": "none"}, {"day": 1, "date": "2026-06-26", "heat_index": 28.4, "wind_chill": 18.1, "severity": 0, "alert_level": "none"}, {"day": 2, "date": "2026-06-27", "heat_index": 29.5, "wind_chill": 18.8, "severity": 0, "alert_level": "none"}, {"day": 3, "date": "2026-06-28", "heat_index": 29.8, "wind_chill": 19.2, "severity": 0, "alert_level": "none"}, {"day": 4, "date": "2026-06-29", "heat_index": 30.1, "wind_chill": 19.3, "severity": 0, "alert_level": "none"}, {"day": 5, "date": "2026-06-30", "heat_index": 30.5, "wind_chill": 19.4, "severity": 0, "alert_level": "none"}, {"day": 6, "date": "2026-07-01", "heat_index": 30.7, "wind_chill": 19.5, "severity": 0, "alert_level": "none"}]}}, {"type": "Feature", "geometry": {"type": "Polygon", "coordinates": [[[-9.123076923076923, 29.87837837837838], [-8.876923076923077, 29.87837837837838], [-8.876923076923077, 30.12162162162162], [-9.123076923076923, 30.12162162162162], [-9.123076923076923, 29.87837837837838]]]}, "properties": {"row": 24, "col": 32, "lat": 30.0, "lon": -9.0, "alert_level": "none", "severity": 0, "forecasts": [{"day": 0, "date": "2026-06-25", "heat_index": 27.3, "wind_chill": 15.7, "severity": 0, "alert_level": "none"}, {"day": 1, "date": "2026-06-26", "heat_index": 28.8, "wind_chill": 16.5, "severity": 0, "alert_level": "none"}, {"day": 2, "date": "2026-06-27", "heat_index": 29.6, "wind_chill": 17.5, "severity": 0, "alert_level": "none"}, {"day": 3, "date": "2026-06-28", "heat_index": 30.0, "wind_chill": 18.0, "severity": 0, "alert_level": "none"}, {"day": 4, "date": "2026-06-29", "heat_index": 30.4, "wind_chill": 18.2, "severity": 0, "alert_level": "none"}, {"day": 5, "date": "2026-06-30", "heat_index": 30.8, "wind_chill": 18.4, "severity": 0, "alert_level": "none"}, {"day": 6, "date": "2026-07-01", "heat_index": 31.1, "wind_chill": 18.6, "severity": 0, "alert_level": "none"}]}}, {"type": "Feature", "geometry": {"type": "Polygon", "coordinates": [[[-8.873076923076923, 29.87837837837838], [-8.626923076923077, 29.87837837837838], [-8.626923076923077, 30.12162162162162], [-8.873076923076923, 30.12162162162162], [-8.873076923076923, 29.87837837837838]]]}, "properties": {"row": 24, "col": 33, "lat": 30.0, "lon": -8.75, "alert_level": "none", "severity": 0, "forecasts": [{"day": 0, "date": "2026-06-25", "heat_index": 27.2, "wind_chill": 14.5, "severity": 0, "alert_level": "none"}, {"day": 1, "date": "2026-06-26", "heat_index": 29.1, "wind_chill": 15.4, "severity": 0, "alert_level": "none"}, {"day": 2, "date": "2026-06-27", "heat_index": 29.8, "wind_chill": 16.1, "severity": 0, "alert_level": "none"}, {"day": 3, "date": "2026-06-28", "heat_index": 30.2, "wind_chill": 16.7, "severity": 0, "alert_level": "none"}, {"day": 4, "date": "2026-06-29", "heat_index": 30.4, "wind_chill": 16.8, "severity": 0, "alert_level": "none"}, {"day": 5, "date": "2026-06-30", "heat_index": 30.9, "wind_chill": 17.0, "severity": 0, "alert_level": "none"}, {"day": 6, "date": "2026-07-01", "heat_index": 31.3, "wind_chill": 17.3, "severity": 0, "alert_level": "none"}]}}, {"type": "Feature", "geometry": {"type": "Polygon", "coordinates": [[[-8.623076923076923, 29.87837837837838], [-8.376923076923077, 29.87837837837838], [-8.376923076923077, 30.12162162162162], [-8.623076923076923, 30.12162162162162], [-8.623076923076923, 29.87837837837838]]]}, "properties": {"row": 24, "col": 34, "lat": 30.0, "lon": -8.5, "alert_level": "none", "severity": 0, "forecasts": [{"day": 0, "date": "2026-06-25", "heat_index": 27.8, "wind_chill": 13.7, "severity": 0, "alert_level": "none"}, {"day": 1, "date": "2026-06-26", "heat_index": 29.3, "wind_chill": 14.6, "severity": 0, "alert_level": "none"}, {"day": 2, "date": "2026-06-27", "heat_index": 30.0, "wind_chill": 15.0, "severity": 0, "alert_level": "none"}, {"day": 3, "date": "2026-06-28", "heat_index": 30.4, "wind_chill": 15.6, "severity": 0, "alert_level": "none"}, {"day": 4, "date": "2026-06-29", "heat_index": 30.5, "wind_chill": 15.8, "severity": 0, "alert_level": "none"}, {"day": 5, "date": "2026-06-30", "heat_index": 31.0, "wind_chill": 16.1, "severity": 0, "alert_level": "none"}, {"day": 6, "date": "2026-07-01", "heat_index": 31.4, "wind_chill": 16.4, "severity": 0, "alert_level": "none"}]}}, {"type": "Feature", "geometry": {"type": "Polygon", "coordinates": [[[-8.373076923076923, 29.87837837837838], [-8.126923076923077, 29.87837837837838], [-8.126923076923077, 30.12162162162162], [-8.373076923076923, 30.12162162162162], [-8.373076923076923, 29.87837837837838]]]}, "properties": {"row": 24, "col": 35, "lat": 30.0, "lon": -8.25, "alert_level": "yellow", "severity": 0.9, "forecasts": [{"day": 0, "date": "2026-06-25", "heat_index": 29.8, "wind_chill": 14.1, "severity": 0, "alert_level": "none"}, {"day": 1, "date": "2026-06-26", "heat_index": 31.0, "wind_chill": 15.2, "severity": 0, "alert_level": "none"}, {"day": 2, "date": "2026-06-27", "heat_index": 31.6, "wind_chill": 15.7, "severity": 0, "alert_level": "none"}, {"day": 3, "date": "2026-06-28", "heat_index": 31.9, "wind_chill": 16.3, "severity": 0, "alert_level": "none"}, {"day": 4, "date": "2026-06-29", "heat_index": 32.0, "wind_chill": 16.4, "severity": 0.0, "alert_level": "yellow"}, {"day": 5, "date": "2026-06-30", "heat_index": 32.5, "wind_chill": 16.8, "severity": 0.5, "alert_level": "yellow"}, {"day": 6, "date": "2026-07-01", "heat_index": 32.9, "wind_chill": 17.1, "severity": 0.9, "alert_level": "yellow"}]}}, {"type": "Feature", "geometry": {"type": "Polygon", "coordinates": [[[-8.123076923076923, 29.87837837837838], [-7.876923076923077, 29.87837837837838], [-7.876923076923077, 30.12162162162162], [-8.123076923076923, 30.12162162162162], [-8.123076923076923, 29.87837837837838]]]}, "properties": {"row": 24, "col": 36, "lat": 30.0, "lon": -8.0, "alert_level": "orange", "severity": 2.7, "forecasts": [{"day": 0, "date": "2026-06-25", "heat_index": 32.0, "wind_chill": 14.5, "severity": 0.0, "alert_level": "yellow"}, {"day": 1, "date": "2026-06-26", "heat_index": 33.0, "wind_chill": 16.1, "severity": 1.0, "alert_level": "yellow"}, {"day": 2, "date": "2026-06-27", "heat_index": 33.4, "wind_chill": 16.8, "severity": 1.4, "alert_level": "yellow"}, {"day": 3, "date": "2026-06-28", "heat_index": 33.8, "wind_chill": 17.3, "severity": 1.8, "alert_level": "yellow"}, {"day": 4, "date": "2026-06-29", "heat_index": 33.9, "wind_chill": 17.5, "severity": 1.9, "alert_level": "yellow"}, {"day": 5, "date": "2026-06-30", "heat_index": 34.3, "wind_chill": 17.9, "severity": 2.3, "alert_level": "orange"}, {"day": 6, "date": "2026-07-01", "heat_index": 34.7, "wind_chill": 18.2, "severity": 2.7, "alert_level": "orange"}]}}, {"type": "Feature", "geometry": {"type": "Polygon", "coordinates": [[[-7.873076923076923, 29.87837837837838], [-7.626923076923077, 29.87837837837838], [-7.626923076923077, 30.12162162162162], [-7.873076923076923, 30.12162162162162], [-7.873076923076923, 29.87837837837838]]]}, "properties": {"row": 24, "col": 37, "lat": 30.0, "lon": -7.75, "alert_level": "orange", "severity": 4.0, "forecasts": [{"day": 0, "date": "2026-06-25", "heat_index": 33.7, "wind_chill": 15.0, "severity": 1.7, "alert_level": "yellow"}, {"day": 1, "date": "2026-06-26", "heat_index": 34.5, "wind_chill": 16.9, "severity": 2.5, "alert_level": "orange"}, {"day": 2, "date": "2026-06-27", "heat_index": 34.8, "wind_chill": 17.6, "severity": 2.8, "alert_level": "orange"}, {"day": 3, "date": "2026-06-28", "heat_index": 35.2, "wind_chill": 18.2, "severity": 3.2, "alert_level": "orange"}, {"day": 4, "date": "2026-06-29", "heat_index": 35.3, "wind_chill": 18.4, "severity": 3.3, "alert_level": "orange"}, {"day": 5, "date": "2026-06-30", "heat_index": 35.8, "wind_chill": 18.7, "severity": 3.8, "alert_level": "orange"}, {"day": 6, "date": "2026-07-01", "heat_index": 36.0, "wind_chill": 19.0, "severity": 4.0, "alert_level": "orange"}]}}, {"type": "Feature", "geometry": {"type": "Polygon", "coordinates": [[[-7.623076923076923, 29.87837837837838], [-7.376923076923077, 29.87837837837838], [-7.376923076923077, 30.12162162162162], [-7.623076923076923, 30.12162162162162], [-7.623076923076923, 29.87837837837838]]]}, "properties": {"row": 24, "col": 38, "lat": 30.0, "lon": -7.5, "alert_level": "red", "severity": 5.6, "forecasts": [{"day": 0, "date": "2026-06-25", "heat_index": 35.9, "wind_chill": 16.5, "severity": 3.9, "alert_level": "orange"}, {"day": 1, "date": "2026-06-26", "heat_index": 36.3, "wind_chill": 18.2, "severity": 4.3, "alert_level": "orange"}, {"day": 2, "date": "2026-06-27", "heat_index": 36.5, "wind_chill": 18.9, "severity": 4.5, "alert_level": "orange"}, {"day": 3, "date": "2026-06-28", "heat_index": 36.8, "wind_chill": 19.4, "severity": 4.8, "alert_level": "orange"}, {"day": 4, "date": "2026-06-29", "heat_index": 37.0, "wind_chill": 19.6, "severity": 5.0, "alert_level": "orange"}, {"day": 5, "date": "2026-06-30", "heat_index": 37.4, "wind_chill": 19.9, "severity": 5.4, "alert_level": "red"}, {"day": 6, "date": "2026-07-01", "heat_index": 37.6, "wind_chill": 20.1, "severity": 5.6, "alert_level": "red"}]}}, {"type": "Feature", "geometry": {"type": "Polygon", "coordinates": [[[-7.373076923076923, 29.87837837837838], [-7.126923076923077, 29.87837837837838], [-7.126923076923077, 30.12162162162162], [-7.373076923076923, 30.12162162162162], [-7.373076923076923, 29.87837837837838]]]}, "properties": {"row": 24, "col": 39, "lat": 30.0, "lon": -7.25, "alert_level": "red", "severity": 6.9, "forecasts": [{"day": 0, "date": "2026-06-25", "heat_index": 37.4, "wind_chill": 17.6, "severity": 5.4, "alert_level": "red"}, {"day": 1, "date": "2026-06-26", "heat_index": 37.7, "wind_chill": 19.3, "severity": 5.7, "alert_level": "red"}, {"day": 2, "date": "2026-06-27", "heat_index": 37.8, "wind_chill": 20.0, "severity": 5.8, "alert_level": "red"}, {"day": 3, "date": "2026-06-28", "heat_index": 38.0, "wind_chill": 20.3, "severity": 6.0, "alert_level": "red"}, {"day": 4, "date": "2026-06-29", "heat_index": 38.3, "wind_chill": 20.5, "severity": 6.3, "alert_level": "red"}, {"day": 5, "date": "2026-06-30", "heat_index": 38.7, "wind_chill": 20.8, "severity": 6.7, "alert_level": "red"}, {"day": 6, "date": "2026-07-01", "heat_index": 38.9, "wind_chill": 21.0, "severity": 6.9, "alert_level": "red"}]}}, {"type": "Feature", "geometry": {"type": "Polygon", "coordinates": [[[-7.123076923076923, 29.87837837837838], [-6.876923076923077, 29.87837837837838], [-6.876923076923077, 30.12162162162162], [-7.123076923076923, 30.12162162162162], [-7.123076923076923, 29.87837837837838]]]}, "properties": {"row": 24, "col": 40, "lat": 30.0, "lon": -7.0, "alert_level": "red", "severity": 7.6, "forecasts": [{"day": 0, "date": "2026-06-25", "heat_index": 38.2, "wind_chill": 18.3, "severity": 6.2, "alert_level": "red"}, {"day": 1, "date": "2026-06-26", "heat_index": 38.4, "wind_chill": 19.8, "severity": 6.4, "alert_level": "red"}, {"day": 2, "date": "2026-06-27", "heat_index": 38.4, "wind_chill": 20.5, "severity": 6.4, "alert_level": "red"}, {"day": 3, "date": "2026-06-28", "heat_index": 38.7, "wind_chill": 20.8, "severity": 6.7, "alert_level": "red"}, {"day": 4, "date": "2026-06-29", "heat_index": 38.9, "wind_chill": 21.0, "severity": 6.9, "alert_level": "red"}, {"day": 5, "date": "2026-06-30", "heat_index": 39.4, "wind_chill": 21.3, "severity": 7.4, "alert_level": "red"}, {"day": 6, "date": "2026-07-01", "heat_index": 39.6, "wind_chill": 21.5, "severity": 7.6, "alert_level": "red"}]}}, {"type": "Feature", "geometry": {"type": "Polygon", "coordinates": [[[-6.873076923076923, 29.87837837837838], [-6.626923076923077, 29.87837837837838], [-6.626923076923077, 30.12162162162162], [-6.873076923076923, 30.12162162162162], [-6.873076923076923, 29.87837837837838]]]}, "properties": {"row": 24, "col": 41, "lat": 30.0, "lon": -6.75, "alert_level": "red", "severity": 7.8, "forecasts": [{"day": 0, "date": "2026-06-25", "heat_index": 38.5, "wind_chill": 18.9, "severity": 6.5, "alert_level": "red"}, {"day": 1, "date": "2026-06-26", "heat_index": 38.6, "wind_chill": 20.3, "severity": 6.6, "alert_level": "red"}, {"day": 2, "date": "2026-06-27", "heat_index": 38.6, "wind_chill": 20.8, "severity": 6.6, "alert_level": "red"}, {"day": 3, "date": "2026-06-28", "heat_index": 38.8, "wind_chill": 21.0, "severity": 6.8, "alert_level": "red"}, {"day": 4, "date": "2026-06-29", "heat_index": 39.1, "wind_chill": 21.3, "severity": 7.1, "alert_level": "red"}, {"day": 5, "date": "2026-06-30", "heat_index": 39.6, "wind_chill": 21.6, "severity": 7.6, "alert_level": "red"}, {"day": 6, "date": "2026-07-01", "heat_index": 39.8, "wind_chill": 21.8, "severity": 7.8, "alert_level": "red"}]}}, {"type": "Feature", "geometry": {"type": "Polygon", "coordinates": [[[-6.623076923076923, 29.87837837837838], [-6.376923076923077, 29.87837837837838], [-6.376923076923077, 30.12162162162162], [-6.623076923076923, 30.12162162162162], [-6.623076923076923, 29.87837837837838]]]}, "properties": {"row": 24, "col": 42, "lat": 30.0, "lon": -6.5, "alert_level": "red", "severity": 7.6, "forecasts": [{"day": 0, "date": "2026-06-25", "heat_index": 38.5, "wind_chill": 19.1, "severity": 6.5, "alert_level": "red"}, {"day": 1, "date": "2026-06-26", "heat_index": 38.6, "wind_chill": 20.4, "severity": 6.6, "alert_level": "red"}, {"day": 2, "date": "2026-06-27", "heat_index": 38.4, "wind_chill": 20.8, "severity": 6.4, "alert_level": "red"}, {"day": 3, "date": "2026-06-28", "heat_index": 38.6, "wind_chill": 21.0, "severity": 6.6, "alert_level": "red"}, {"day": 4, "date": "2026-06-29", "heat_index": 39.0, "wind_chill": 21.3, "severity": 7.0, "alert_level": "red"}, {"day": 5, "date": "2026-06-30", "heat_index": 39.4, "wind_chill": 21.6, "severity": 7.4, "alert_level": "red"}, {"day": 6, "date": "2026-07-01", "heat_index": 39.6, "wind_chill": 21.8, "severity": 7.6, "alert_level": "red"}]}}, {"type": "Feature", "geometry": {"type": "Polygon", "coordinates": [[[-6.373076923076923, 29.87837837837838], [-6.126923076923077, 29.87837837837838], [-6.126923076923077, 30.12162162162162], [-6.373076923076923, 30.12162162162162], [-6.373076923076923, 29.87837837837838]]]}, "properties": {"row": 24, "col": 43, "lat": 30.0, "lon": -6.25, "alert_level": "red", "severity": 7.9, "forecasts": [{"day": 0, "date": "2026-06-25", "heat_index": 39.2, "wind_chill": 19.8, "severity": 7.2, "alert_level": "red"}, {"day": 1, "date": "2026-06-26", "heat_index": 39.1, "wind_chill": 21.0, "severity": 7.1, "alert_level": "red"}, {"day": 2, "date": "2026-06-27", "heat_index": 38.7, "wind_chill": 21.3, "severity": 6.7, "alert_level": "red"}, {"day": 3, "date": "2026-06-28", "heat_index": 38.9, "wind_chill": 21.5, "severity": 6.9, "alert_level": "red"}, {"day": 4, "date": "2026-06-29", "heat_index": 39.3, "wind_chill": 21.7, "severity": 7.3, "alert_level": "red"}, {"day": 5, "date": "2026-06-30", "heat_index": 39.7, "wind_chill": 22.0, "severity": 7.7, "alert_level": "red"}, {"day": 6, "date": "2026-07-01", "heat_index": 39.9, "wind_chill": 22.2, "severity": 7.9, "alert_level": "red"}]}}, {"type": "Feature", "geometry": {"type": "Polygon", "coordinates": [[[-6.123076923076923, 29.87837837837838], [-5.876923076923077, 29.87837837837838], [-5.876923076923077, 30.12162162162162], [-6.123076923076923, 30.12162162162162], [-6.123076923076923, 29.87837837837838]]]}, "properties": {"row": 24, "col": 44, "lat": 30.0, "lon": -6.0, "alert_level": "red", "severity": 8.4, "forecasts": [{"day": 0, "date": "2026-06-25", "heat_index": 40.0, "wind_chill": 20.3, "severity": 8.0, "alert_level": "red"}, {"day": 1, "date": "2026-06-26", "heat_index": 39.9, "wind_chill": 21.7, "severity": 7.9, "alert_level": "red"}, {"day": 2, "date": "2026-06-27", "heat_index": 39.4, "wind_chill": 22.0, "severity": 7.4, "alert_level": "red"}, {"day": 3, "date": "2026-06-28", "heat_index": 39.5, "wind_chill": 22.1, "severity": 7.5, "alert_level": "red"}, {"day": 4, "date": "2026-06-29", "heat_index": 39.8, "wind_chill": 22.3, "severity": 7.8, "alert_level": "red"}, {"day": 5, "date": "2026-06-30", "heat_index": 40.3, "wind_chill": 22.6, "severity": 8.3, "alert_level": "red"}, {"day": 6, "date": "2026-07-01", "heat_index": 40.4, "wind_chill": 22.7, "severity": 8.4, "alert_level": "red"}]}}, {"type": "Feature", "geometry": {"type": "Polygon", "coordinates": [[[-5.873076923076923, 29.87837837837838], [-5.626923076923077, 29.87837837837838], [-5.626923076923077, 30.12162162162162], [-5.873076923076923, 30.12162162162162], [-5.873076923076923, 29.87837837837838]]]}, "properties": {"row": 24, "col": 45, "lat": 30.0, "lon": -5.75, "alert_level": "red", "severity": 8.7, "forecasts": [{"day": 0, "date": "2026-06-25", "heat_index": 40.3, "wind_chill": 20.4, "severity": 8.3, "alert_level": "red"}, {"day": 1, "date": "2026-06-26", "heat_index": 40.3, "wind_chill": 21.9, "severity": 8.3, "alert_level": "red"}, {"day": 2, "date": "2026-06-27", "heat_index": 39.8, "wind_chill": 22.2, "severity": 7.8, "alert_level": "red"}, {"day": 3, "date": "2026-06-28", "heat_index": 39.9, "wind_chill": 22.3, "severity": 7.9, "alert_level": "red"}, {"day": 4, "date": "2026-06-29", "heat_index": 40.2, "wind_chill": 22.6, "severity": 8.2, "alert_level": "red"}, {"day": 5, "date": "2026-06-30", "heat_index": 40.7, "wind_chill": 22.9, "severity": 8.7, "alert_level": "red"}, {"day": 6, "date": "2026-07-01", "heat_index": 40.7, "wind_chill": 23.0, "severity": 8.7, "alert_level": "red"}]}}, {"type": "Feature", "geometry": {"type": "Polygon", "coordinates": [[[-5.623076923076923, 29.87837837837838], [-5.376923076923077, 29.87837837837838], [-5.376923076923077, 30.12162162162162], [-5.623076923076923, 30.12162162162162], [-5.623076923076923, 29.87837837837838]]]}, "properties": {"row": 24, "col": 46, "lat": 30.0, "lon": -5.5, "alert_level": "red", "severity": 8.9, "forecasts": [{"day": 0, "date": "2026-06-25", "heat_index": 40.5, "wind_chill": 20.3, "severity": 8.5, "alert_level": "red"}, {"day": 1, "date": "2026-06-26", "heat_index": 40.5, "wind_chill": 21.9, "severity": 8.5, "alert_level": "red"}, {"day": 2, "date": "2026-06-27", "heat_index": 40.0, "wind_chill": 22.3, "severity": 8.0, "alert_level": "red"}, {"day": 3, "date": "2026-06-28", "heat_index": 40.1, "wind_chill": 22.4, "severity": 8.1, "alert_level": "red"}, {"day": 4, "date": "2026-06-29", "heat_index": 40.5, "wind_chill": 22.7, "severity": 8.5, "alert_level": "red"}, {"day": 5, "date": "2026-06-30", "heat_index": 40.9, "wind_chill": 23.0, "severity": 8.9, "alert_level": "red"}, {"day": 6, "date": "2026-07-01", "heat_index": 40.9, "wind_chill": 23.1, "severity": 8.9, "alert_level": "red"}]}}, {"type": "Feature", "geometry": {"type": "Polygon", "coordinates": [[[-5.373076923076923, 29.87837837837838], [-5.126923076923077, 29.87837837837838], [-5.126923076923077, 30.12162162162162], [-5.373076923076923, 30.12162162162162], [-5.373076923076923, 29.87837837837838]]]}, "properties": {"row": 24, "col": 47, "lat": 30.0, "lon": -5.25, "alert_level": "red", "severity": 8.9, "forecasts": [{"day": 0, "date": "2026-06-25", "heat_index": 40.6, "wind_chill": 20.3, "severity": 8.6, "alert_level": "red"}, {"day": 1, "date": "2026-06-26", "heat_index": 40.7, "wind_chill": 22.0, "severity": 8.7, "alert_level": "red"}, {"day": 2, "date": "2026-06-27", "heat_index": 40.2, "wind_chill": 22.4, "severity": 8.2, "alert_level": "red"}, {"day": 3, "date": "2026-06-28", "heat_index": 40.2, "wind_chill": 22.5, "severity": 8.2, "alert_level": "red"}, {"day": 4, "date": "2026-06-29", "heat_index": 40.5, "wind_chill": 22.7, "severity": 8.5, "alert_level": "red"}, {"day": 5, "date": "2026-06-30", "heat_index": 40.9, "wind_chill": 23.0, "severity": 8.9, "alert_level": "red"}, {"day": 6, "date": "2026-07-01", "heat_index": 40.9, "wind_chill": 23.1, "severity": 8.9, "alert_level": "red"}]}}, {"type": "Feature", "geometry": {"type": "Polygon", "coordinates": [[[-9.873076923076923, 29.62837837837838], [-9.626923076923077, 29.62837837837838], [-9.626923076923077, 29.87162162162162], [-9.873076923076923, 29.87162162162162], [-9.873076923076923, 29.62837837837838]]]}, "properties": {"row": 25, "col": 29, "lat": 29.75, "lon": -9.75, "alert_level": "none", "severity": 0, "forecasts": [{"day": 0, "date": "2026-06-25", "heat_index": 23.3, "wind_chill": 16.8, "severity": 0, "alert_level": "none"}, {"day": 1, "date": "2026-06-26", "heat_index": 24.7, "wind_chill": 18.0, "severity": 0, "alert_level": "none"}, {"day": 2, "date": "2026-06-27", "heat_index": 25.3, "wind_chill": 18.5, "severity": 0, "alert_level": "none"}, {"day": 3, "date": "2026-06-28", "heat_index": 25.3, "wind_chill": 18.6, "severity": 0, "alert_level": "none"}, {"day": 4, "date": "2026-06-29", "heat_index": 25.5, "wind_chill": 18.7, "severity": 0, "alert_level": "none"}, {"day": 5, "date": "2026-06-30", "heat_index": 25.7, "wind_chill": 18.7, "severity": 0, "alert_level": "none"}, {"day": 6, "date": "2026-07-01", "heat_index": 25.9, "wind_chill": 18.8, "severity": 0, "alert_level": "none"}]}}, {"type": "Feature", "geometry": {"type": "Polygon", "coordinates": [[[-9.623076923076923, 29.62837837837838], [-9.376923076923077, 29.62837837837838], [-9.376923076923077, 29.87162162162162], [-9.623076923076923, 29.87162162162162], [-9.623076923076923, 29.62837837837838]]]}, "properties": {"row": 25, "col": 30, "lat": 29.75, "lon": -9.5, "alert_level": "none", "severity": 0, "forecasts": [{"day": 0, "date": "2026-06-25", "heat_index": 24.2, "wind_chill": 16.3, "severity": 0, "alert_level": "none"}, {"day": 1, "date": "2026-06-26", "heat_index": 26.5, "wind_chill": 17.6, "severity": 0, "alert_level": "none"}, {"day": 2, "date": "2026-06-27", "heat_index": 27.2, "wind_chill": 18.7, "severity": 0, "alert_level": "none"}, {"day": 3, "date": "2026-06-28", "heat_index": 27.7, "wind_chill": 19.0, "severity": 0, "alert_level": "none"}, {"day": 4, "date": "2026-06-29", "heat_index": 27.9, "wind_chill": 19.1, "severity": 0, "alert_level": "none"}, {"day": 5, "date": "2026-06-30", "heat_index": 28.1, "wind_chill": 19.2, "severity": 0, "alert_level": "none"}, {"day": 6, "date": "2026-07-01", "heat_index": 28.2, "wind_chill": 19.3, "severity": 0, "alert_level": "none"}]}}, {"type": "Feature", "geometry": {"type": "Polygon", "coordinates": [[[-9.373076923076923, 29.62837837837838], [-9.126923076923077, 29.62837837837838], [-9.126923076923077, 29.87162162162162], [-9.373076923076923, 29.87162162162162], [-9.373076923076923, 29.62837837837838]]]}, "properties": {"row": 25, "col": 31, "lat": 29.75, "lon": -9.25, "alert_level": "none", "severity": 0, "forecasts": [{"day": 0, "date": "2026-06-25", "heat_index": 26.9, "wind_chill": 15.6, "severity": 0, "alert_level": "none"}, {"day": 1, "date": "2026-06-26", "heat_index": 28.6, "wind_chill": 17.4, "severity": 0, "alert_level": "none"}, {"day": 2, "date": "2026-06-27", "heat_index": 29.3, "wind_chill": 18.4, "severity": 0, "alert_level": "none"}, {"day": 3, "date": "2026-06-28", "heat_index": 29.7, "wind_chill": 18.9, "severity": 0, "alert_level": "none"}, {"day": 4, "date": "2026-06-29", "heat_index": 29.9, "wind_chill": 19.0, "severity": 0, "alert_level": "none"}, {"day": 5, "date": "2026-06-30", "heat_index": 30.2, "wind_chill": 19.1, "severity": 0, "alert_level": "none"}, {"day": 6, "date": "2026-07-01", "heat_index": 30.5, "wind_chill": 19.3, "severity": 0, "alert_level": "none"}]}}, {"type": "Feature", "geometry": {"type": "Polygon", "coordinates": [[[-9.123076923076923, 29.62837837837838], [-8.876923076923077, 29.62837837837838], [-8.876923076923077, 29.87162162162162], [-9.123076923076923, 29.87162162162162], [-9.123076923076923, 29.62837837837838]]]}, "properties": {"row": 25, "col": 32, "lat": 29.75, "lon": -9.0, "alert_level": "none", "severity": 0, "forecasts": [{"day": 0, "date": "2026-06-25", "heat_index": 27.3, "wind_chill": 15.4, "severity": 0, "alert_level": "none"}, {"day": 1, "date": "2026-06-26", "heat_index": 29.0, "wind_chill": 16.3, "severity": 0, "alert_level": "none"}, {"day": 2, "date": "2026-06-27", "heat_index": 29.6, "wind_chill": 17.3, "severity": 0, "alert_level": "none"}, {"day": 3, "date": "2026-06-28", "heat_index": 30.0, "wind_chill": 18.0, "severity": 0, "alert_level": "none"}, {"day": 4, "date": "2026-06-29", "heat_index": 30.2, "wind_chill": 18.2, "severity": 0, "alert_level": "none"}, {"day": 5, "date": "2026-06-30", "heat_index": 30.6, "wind_chill": 18.3, "severity": 0, "alert_level": "none"}, {"day": 6, "date": "2026-07-01", "heat_index": 30.9, "wind_chill": 18.5, "severity": 0, "alert_level": "none"}]}}, {"type": "Feature", "geometry": {"type": "Polygon", "coordinates": [[[-8.873076923076923, 29.62837837837838], [-8.626923076923077, 29.62837837837838], [-8.626923076923077, 29.87162162162162], [-8.873076923076923, 29.87162162162162], [-8.873076923076923, 29.62837837837838]]]}, "properties": {"row": 25, "col": 33, "lat": 29.75, "lon": -8.75, "alert_level": "none", "severity": 0, "forecasts": [{"day": 0, "date": "2026-06-25", "heat_index": 28.0, "wind_chill": 14.3, "severity": 0, "alert_level": "none"}, {"day": 1, "date": "2026-06-26", "heat_index": 29.5, "wind_chill": 15.4, "severity": 0, "alert_level": "none"}, {"day": 2, "date": "2026-06-27", "heat_index": 29.8, "wind_chill": 15.9, "severity": 0, "alert_level": "none"}, {"day": 3, "date": "2026-06-28", "heat_index": 30.1, "wind_chill": 16.5, "severity": 0, "alert_level": "none"}, {"day": 4, "date": "2026-06-29", "heat_index": 30.2, "wind_chill": 16.6, "severity": 0, "alert_level": "none"}, {"day": 5, "date": "2026-06-30", "heat_index": 30.6, "wind_chill": 16.9, "severity": 0, "alert_level": "none"}, {"day": 6, "date": "2026-07-01", "heat_index": 31.0, "wind_chill": 17.1, "severity": 0, "alert_level": "none"}]}}, {"type": "Feature", "geometry": {"type": "Polygon", "coordinates": [[[-8.623076923076923, 29.62837837837838], [-8.376923076923077, 29.62837837837838], [-8.376923076923077, 29.87162162162162], [-8.623076923076923, 29.87162162162162], [-8.623076923076923, 29.62837837837838]]]}, "properties": {"row": 25, "col": 34, "lat": 29.75, "lon": -8.5, "alert_level": "yellow", "severity": 0.3, "forecasts": [{"day": 0, "date": "2026-06-25", "heat_index": 29.8, "wind_chill": 14.4, "severity": 0, "alert_level": "none"}, {"day": 1, "date": "2026-06-26", "heat_index": 31.0, "wind_chill": 15.4, "severity": 0, "alert_level": "none"}, {"day": 2, "date": "2026-06-27", "heat_index": 31.2, "wind_chill": 15.7, "severity": 0, "alert_level": "none"}, {"day": 3, "date": "2026-06-28", "heat_index": 31.5, "wind_chill": 16.3, "severity": 0, "alert_level": "none"}, {"day": 4, "date": "2026-06-29", "heat_index": 31.5, "wind_chill": 16.4, "severity": 0, "alert_level": "none"}, {"day": 5, "date": "2026-06-30", "heat_index": 31.9, "wind_chill": 16.6, "severity": 0, "alert_level": "none"}, {"day": 6, "date": "2026-07-01", "heat_index": 32.3, "wind_chill": 16.9, "severity": 0.3, "alert_level": "yellow"}]}}, {"type": "Feature", "geometry": {"type": "Polygon", "coordinates": [[[-8.373076923076923, 29.62837837837838], [-8.126923076923077, 29.62837837837838], [-8.126923076923077, 29.87162162162162], [-8.373076923076923, 29.87162162162162], [-8.373076923076923, 29.62837837837838]]]}, "properties": {"row": 25, "col": 35, "lat": 29.75, "lon": -8.25, "alert_level": "orange", "severity": 2.9, "forecasts": [{"day": 0, "date": "2026-06-25", "heat_index": 32.7, "wind_chill": 15.5, "severity": 0.7, "alert_level": "yellow"}, {"day": 1, "date": "2026-06-26", "heat_index": 33.7, "wind_chill": 16.9, "severity": 1.7, "alert_level": "yellow"}, {"day": 2, "date": "2026-06-27", "heat_index": 33.8, "wind_chill": 17.4, "severity": 1.8, "alert_level": "yellow"}, {"day": 3, "date": "2026-06-28", "heat_index": 34.1, "wind_chill": 17.8, "severity": 2.1, "alert_level": "orange"}, {"day": 4, "date": "2026-06-29", "heat_index": 34.2, "wind_chill": 18.0, "severity": 2.2, "alert_level": "orange"}, {"day": 5, "date": "2026-06-30", "heat_index": 34.6, "wind_chill": 18.3, "severity": 2.6, "alert_level": "orange"}, {"day": 6, "date": "2026-07-01", "heat_index": 34.9, "wind_chill": 18.6, "severity": 2.9, "alert_level": "orange"}]}}, {"type": "Feature", "geometry": {"type": "Polygon", "coordinates": [[[-8.123076923076923, 29.62837837837838], [-7.876923076923077, 29.62837837837838], [-7.876923076923077, 29.87162162162162], [-8.123076923076923, 29.87162162162162], [-8.123076923076923, 29.62837837837838]]]}, "properties": {"row": 25, "col": 36, "lat": 29.75, "lon": -8.0, "alert_level": "red", "severity": 5.6, "forecasts": [{"day": 0, "date": "2026-06-25", "heat_index": 35.0, "wind_chill": 16.3, "severity": 3.0, "alert_level": "orange"}, {"day": 1, "date": "2026-06-26", "heat_index": 36.0, "wind_chill": 18.3, "severity": 4.0, "alert_level": "orange"}, {"day": 2, "date": "2026-06-27", "heat_index": 36.3, "wind_chill": 19.1, "severity": 4.3, "alert_level": "orange"}, {"day": 3, "date": "2026-06-28", "heat_index": 36.7, "wind_chill": 19.6, "severity": 4.7, "alert_level": "orange"}, {"day": 4, "date": "2026-06-29", "heat_index": 36.9, "wind_chill": 19.8, "severity": 4.9, "alert_level": "orange"}, {"day": 5, "date": "2026-06-30", "heat_index": 37.3, "wind_chill": 20.1, "severity": 5.3, "alert_level": "red"}, {"day": 6, "date": "2026-07-01", "heat_index": 37.6, "wind_chill": 20.4, "severity": 5.6, "alert_level": "red"}]}}, {"type": "Feature", "geometry": {"type": "Polygon", "coordinates": [[[-7.873076923076923, 29.62837837837838], [-7.626923076923077, 29.62837837837838], [-7.626923076923077, 29.87162162162162], [-7.873076923076923, 29.87162162162162], [-7.873076923076923, 29.62837837837838]]]}, "properties": {"row": 25, "col": 37, "lat": 29.75, "lon": -7.75, "alert_level": "red", "severity": 7.3, "forecasts": [{"day": 0, "date": "2026-06-25", "heat_index": 36.8, "wind_chill": 17.2, "severity": 4.8, "alert_level": "orange"}, {"day": 1, "date": "2026-06-26", "heat_index": 37.6, "wind_chill": 19.3, "severity": 5.6, "alert_level": "red"}, {"day": 2, "date": "2026-06-27", "heat_index": 37.9, "wind_chill": 20.2, "severity": 5.9, "alert_level": "red"}, {"day": 3, "date": "2026-06-28", "heat_index": 38.3, "wind_chill": 20.7, "severity": 6.3, "alert_level": "red"}, {"day": 4, "date": "2026-06-29", "heat_index": 38.6, "wind_chill": 20.9, "severity": 6.6, "alert_level": "red"}, {"day": 5, "date": "2026-06-30", "heat_index": 39.0, "wind_chill": 21.3, "severity": 7.0, "alert_level": "red"}, {"day": 6, "date": "2026-07-01", "heat_index": 39.3, "wind_chill": 21.5, "severity": 7.3, "alert_level": "red"}]}}, {"type": "Feature", "geometry": {"type": "Polygon", "coordinates": [[[-7.623076923076923, 29.62837837837838], [-7.376923076923077, 29.62837837837838], [-7.376923076923077, 29.87162162162162], [-7.623076923076923, 29.87162162162162], [-7.623076923076923, 29.62837837837838]]]}, "properties": {"row": 25, "col": 38, "lat": 29.75, "lon": -7.5, "alert_level": "red", "severity": 8.4, "forecasts": [{"day": 0, "date": "2026-06-25", "heat_index": 38.2, "wind_chill": 18.2, "severity": 6.2, "alert_level": "red"}, {"day": 1, "date": "2026-06-26", "heat_index": 38.7, "wind_chill": 20.2, "severity": 6.7, "alert_level": "red"}, {"day": 2, "date": "2026-06-27", "heat_index": 38.8, "wind_chill": 21.1, "severity": 6.8, "alert_level": "red"}, {"day": 3, "date": "2026-06-28", "heat_index": 39.2, "wind_chill": 21.4, "severity": 7.2, "alert_level": "red"}, {"day": 4, "date": "2026-06-29", "heat_index": 39.6, "wind_chill": 21.7, "severity": 7.6, "alert_level": "red"}, {"day": 5, "date": "2026-06-30", "heat_index": 40.1, "wind_chill": 22.0, "severity": 8.1, "alert_level": "red"}, {"day": 6, "date": "2026-07-01", "heat_index": 40.4, "wind_chill": 22.2, "severity": 8.4, "alert_level": "red"}]}}, {"type": "Feature", "geometry": {"type": "Polygon", "coordinates": [[[-7.373076923076923, 29.62837837837838], [-7.126923076923077, 29.62837837837838], [-7.126923076923077, 29.87162162162162], [-7.373076923076923, 29.87162162162162], [-7.373076923076923, 29.62837837837838]]]}, "properties": {"row": 25, "col": 39, "lat": 29.75, "lon": -7.25, "alert_level": "red", "severity": 8.9, "forecasts": [{"day": 0, "date": "2026-06-25", "heat_index": 39.1, "wind_chill": 18.9, "severity": 7.1, "alert_level": "red"}, {"day": 1, "date": "2026-06-26", "heat_index": 39.4, "wind_chill": 20.8, "severity": 7.4, "alert_level": "red"}, {"day": 2, "date": "2026-06-27", "heat_index": 39.4, "wind_chill": 21.5, "severity": 7.4, "alert_level": "red"}, {"day": 3, "date": "2026-06-28", "heat_index": 39.7, "wind_chill": 21.8, "severity": 7.7, "alert_level": "red"}, {"day": 4, "date": "2026-06-29", "heat_index": 40.1, "wind_chill": 22.0, "severity": 8.1, "alert_level": "red"}, {"day": 5, "date": "2026-06-30", "heat_index": 40.7, "wind_chill": 22.4, "severity": 8.7, "alert_level": "red"}, {"day": 6, "date": "2026-07-01", "heat_index": 40.9, "wind_chill": 22.6, "severity": 8.9, "alert_level": "red"}]}}, {"type": "Feature", "geometry": {"type": "Polygon", "coordinates": [[[-7.123076923076923, 29.62837837837838], [-6.876923076923077, 29.62837837837838], [-6.876923076923077, 29.87162162162162], [-7.123076923076923, 29.87162162162162], [-7.123076923076923, 29.62837837837838]]]}, "properties": {"row": 25, "col": 40, "lat": 29.75, "lon": -7.0, "alert_level": "red", "severity": 9.1, "forecasts": [{"day": 0, "date": "2026-06-25", "heat_index": 39.6, "wind_chill": 19.3, "severity": 7.6, "alert_level": "red"}, {"day": 1, "date": "2026-06-26", "heat_index": 39.7, "wind_chill": 21.0, "severity": 7.7, "alert_level": "red"}, {"day": 2, "date": "2026-06-27", "heat_index": 39.6, "wind_chill": 21.6, "severity": 7.6, "alert_level": "red"}, {"day": 3, "date": "2026-06-28", "heat_index": 39.8, "wind_chill": 21.8, "severity": 7.8, "alert_level": "red"}, {"day": 4, "date": "2026-06-29", "heat_index": 40.3, "wind_chill": 22.1, "severity": 8.3, "alert_level": "red"}, {"day": 5, "date": "2026-06-30", "heat_index": 40.9, "wind_chill": 22.5, "severity": 8.9, "alert_level": "red"}, {"day": 6, "date": "2026-07-01", "heat_index": 41.1, "wind_chill": 22.7, "severity": 9.1, "alert_level": "red"}]}}, {"type": "Feature", "geometry": {"type": "Polygon", "coordinates": [[[-6.873076923076923, 29.62837837837838], [-6.626923076923077, 29.62837837837838], [-6.626923076923077, 29.87162162162162], [-6.873076923076923, 29.87162162162162], [-6.873076923076923, 29.62837837837838]]]}, "properties": {"row": 25, "col": 41, "lat": 29.75, "lon": -6.75, "alert_level": "red", "severity": 9.2, "forecasts": [{"day": 0, "date": "2026-06-25", "heat_index": 40.0, "wind_chill": 19.7, "severity": 8.0, "alert_level": "red"}, {"day": 1, "date": "2026-06-26", "heat_index": 40.1, "wind_chill": 21.4, "severity": 8.1, "alert_level": "red"}, {"day": 2, "date": "2026-06-27", "heat_index": 39.8, "wind_chill": 21.9, "severity": 7.8, "alert_level": "red"}, {"day": 3, "date": "2026-06-28", "heat_index": 40.0, "wind_chill": 22.0, "severity": 8.0, "alert_level": "red"}, {"day": 4, "date": "2026-06-29", "heat_index": 40.5, "wind_chill": 22.3, "severity": 8.5, "alert_level": "red"}, {"day": 5, "date": "2026-06-30", "heat_index": 41.0, "wind_chill": 22.7, "severity": 9.0, "alert_level": "red"}, {"day": 6, "date": "2026-07-01", "heat_index": 41.2, "wind_chill": 22.9, "severity": 9.2, "alert_level": "red"}]}}, {"type": "Feature", "geometry": {"type": "Polygon", "coordinates": [[[-6.623076923076923, 29.62837837837838], [-6.376923076923077, 29.62837837837838], [-6.376923076923077, 29.87162162162162], [-6.623076923076923, 29.87162162162162], [-6.623076923076923, 29.62837837837838]]]}, "properties": {"row": 25, "col": 42, "lat": 29.75, "lon": -6.5, "alert_level": "red", "severity": 9.2, "forecasts": [{"day": 0, "date": "2026-06-25", "heat_index": 40.2, "wind_chill": 19.9, "severity": 8.2, "alert_level": "red"}, {"day": 1, "date": "2026-06-26", "heat_index": 40.3, "wind_chill": 21.6, "severity": 8.3, "alert_level": "red"}, {"day": 2, "date": "2026-06-27", "heat_index": 40.0, "wind_chill": 22.1, "severity": 8.0, "alert_level": "red"}, {"day": 3, "date": "2026-06-28", "heat_index": 40.1, "wind_chill": 22.3, "severity": 8.1, "alert_level": "red"}, {"day": 4, "date": "2026-06-29", "heat_index": 40.5, "wind_chill": 22.6, "severity": 8.5, "alert_level": "red"}, {"day": 5, "date": "2026-06-30", "heat_index": 41.1, "wind_chill": 22.9, "severity": 9.1, "alert_level": "red"}, {"day": 6, "date": "2026-07-01", "heat_index": 41.2, "wind_chill": 23.1, "severity": 9.2, "alert_level": "red"}]}}, {"type": "Feature", "geometry": {"type": "Polygon", "coordinates": [[[-6.373076923076923, 29.62837837837838], [-6.126923076923077, 29.62837837837838], [-6.126923076923077, 29.87162162162162], [-6.373076923076923, 29.87162162162162], [-6.373076923076923, 29.62837837837838]]]}, "properties": {"row": 25, "col": 43, "lat": 29.75, "lon": -6.25, "alert_level": "red", "severity": 9.2, "forecasts": [{"day": 0, "date": "2026-06-25", "heat_index": 40.5, "wind_chill": 20.3, "severity": 8.5, "alert_level": "red"}, {"day": 1, "date": "2026-06-26", "heat_index": 40.6, "wind_chill": 22.0, "severity": 8.6, "alert_level": "red"}, {"day": 2, "date": "2026-06-27", "heat_index": 40.1, "wind_chill": 22.4, "severity": 8.1, "alert_level": "red"}, {"day": 3, "date": "2026-06-28", "heat_index": 40.2, "wind_chill": 22.5, "severity": 8.2, "alert_level": "red"}, {"day": 4, "date": "2026-06-29", "heat_index": 40.6, "wind_chill": 22.8, "severity": 8.6, "alert_level": "red"}, {"day": 5, "date": "2026-06-30", "heat_index": 41.1, "wind_chill": 23.2, "severity": 9.1, "alert_level": "red"}, {"day": 6, "date": "2026-07-01", "heat_index": 41.2, "wind_chill": 23.3, "severity": 9.2, "alert_level": "red"}]}}, {"type": "Feature", "geometry": {"type": "Polygon", "coordinates": [[[-6.123076923076923, 29.62837837837838], [-5.876923076923077, 29.62837837837838], [-5.876923076923077, 29.87162162162162], [-6.123076923076923, 29.87162162162162], [-6.123076923076923, 29.62837837837838]]]}, "properties": {"row": 25, "col": 44, "lat": 29.75, "lon": -6.0, "alert_level": "red", "severity": 9.1, "forecasts": [{"day": 0, "date": "2026-06-25", "heat_index": 40.5, "wind_chill": 20.3, "severity": 8.5, "alert_level": "red"}, {"day": 1, "date": "2026-06-26", "heat_index": 40.6, "wind_chill": 22.0, "severity": 8.6, "alert_level": "red"}, {"day": 2, "date": "2026-06-27", "heat_index": 40.1, "wind_chill": 22.4, "severity": 8.1, "alert_level": "red"}, {"day": 3, "date": "2026-06-28", "heat_index": 40.2, "wind_chill": 22.5, "severity": 8.2, "alert_level": "red"}, {"day": 4, "date": "2026-06-29", "heat_index": 40.6, "wind_chill": 22.8, "severity": 8.6, "alert_level": "red"}, {"day": 5, "date": "2026-06-30", "heat_index": 41.0, "wind_chill": 23.1, "severity": 9.0, "alert_level": "red"}, {"day": 6, "date": "2026-07-01", "heat_index": 41.1, "wind_chill": 23.3, "severity": 9.1, "alert_level": "red"}]}}, {"type": "Feature", "geometry": {"type": "Polygon", "coordinates": [[[-5.873076923076923, 29.62837837837838], [-5.626923076923077, 29.62837837837838], [-5.626923076923077, 29.87162162162162], [-5.873076923076923, 29.87162162162162], [-5.873076923076923, 29.62837837837838]]]}, "properties": {"row": 25, "col": 45, "lat": 29.75, "lon": -5.75, "alert_level": "red", "severity": 9.0, "forecasts": [{"day": 0, "date": "2026-06-25", "heat_index": 40.5, "wind_chill": 20.1, "severity": 8.5, "alert_level": "red"}, {"day": 1, "date": "2026-06-26", "heat_index": 40.6, "wind_chill": 21.8, "severity": 8.6, "alert_level": "red"}, {"day": 2, "date": "2026-06-27", "heat_index": 40.1, "wind_chill": 22.3, "severity": 8.1, "alert_level": "red"}, {"day": 3, "date": "2026-06-28", "heat_index": 40.2, "wind_chill": 22.4, "severity": 8.2, "alert_level": "red"}, {"day": 4, "date": "2026-06-29", "heat_index": 40.6, "wind_chill": 22.7, "severity": 8.6, "alert_level": "red"}, {"day": 5, "date": "2026-06-30", "heat_index": 41.0, "wind_chill": 23.0, "severity": 9.0, "alert_level": "red"}, {"day": 6, "date": "2026-07-01", "heat_index": 41.0, "wind_chill": 23.1, "severity": 9.0, "alert_level": "red"}]}}, {"type": "Feature", "geometry": {"type": "Polygon", "coordinates": [[[-5.623076923076923, 29.62837837837838], [-5.376923076923077, 29.62837837837838], [-5.376923076923077, 29.87162162162162], [-5.623076923076923, 29.87162162162162], [-5.623076923076923, 29.62837837837838]]]}, "properties": {"row": 25, "col": 46, "lat": 29.75, "lon": -5.5, "alert_level": "red", "severity": 9.2, "forecasts": [{"day": 0, "date": "2026-06-25", "heat_index": 40.7, "wind_chill": 20.1, "severity": 8.7, "alert_level": "red"}, {"day": 1, "date": "2026-06-26", "heat_index": 40.8, "wind_chill": 21.9, "severity": 8.8, "alert_level": "red"}, {"day": 2, "date": "2026-06-27", "heat_index": 40.4, "wind_chill": 22.4, "severity": 8.4, "alert_level": "red"}, {"day": 3, "date": "2026-06-28", "heat_index": 40.4, "wind_chill": 22.6, "severity": 8.4, "alert_level": "red"}, {"day": 4, "date": "2026-06-29", "heat_index": 40.8, "wind_chill": 22.9, "severity": 8.8, "alert_level": "red"}, {"day": 5, "date": "2026-06-30", "heat_index": 41.2, "wind_chill": 23.1, "severity": 9.2, "alert_level": "red"}, {"day": 6, "date": "2026-07-01", "heat_index": 41.2, "wind_chill": 23.2, "severity": 9.2, "alert_level": "red"}]}}, {"type": "Feature", "geometry": {"type": "Polygon", "coordinates": [[[-10.123076923076923, 29.37837837837838], [-9.876923076923077, 29.37837837837838], [-9.876923076923077, 29.62162162162162], [-10.123076923076923, 29.62162162162162], [-10.123076923076923, 29.37837837837838]]]}, "properties": {"row": 26, "col": 28, "lat": 29.5, "lon": -10.0, "alert_level": "none", "severity": 0, "forecasts": [{"day": 0, "date": "2026-06-25", "heat_index": 23.9, "wind_chill": 18.2, "severity": 0, "alert_level": "none"}, {"day": 1, "date": "2026-06-26", "heat_index": 24.6, "wind_chill": 18.0, "severity": 0, "alert_level": "none"}, {"day": 2, "date": "2026-06-27", "heat_index": 24.7, "wind_chill": 18.0, "severity": 0, "alert_level": "none"}, {"day": 3, "date": "2026-06-28", "heat_index": 24.9, "wind_chill": 18.3, "severity": 0, "alert_level": "none"}, {"day": 4, "date": "2026-06-29", "heat_index": 25.1, "wind_chill": 18.4, "severity": 0, "alert_level": "none"}, {"day": 5, "date": "2026-06-30", "heat_index": 25.3, "wind_chill": 18.4, "severity": 0, "alert_level": "none"}, {"day": 6, "date": "2026-07-01", "heat_index": 25.4, "wind_chill": 18.5, "severity": 0, "alert_level": "none"}]}}, {"type": "Feature", "geometry": {"type": "Polygon", "coordinates": [[[-9.873076923076923, 29.37837837837838], [-9.626923076923077, 29.37837837837838], [-9.626923076923077, 29.62162162162162], [-9.873076923076923, 29.62162162162162], [-9.873076923076923, 29.37837837837838]]]}, "properties": {"row": 26, "col": 29, "lat": 29.5, "lon": -9.75, "alert_level": "none", "severity": 0, "forecasts": [{"day": 0, "date": "2026-06-25", "heat_index": 25.0, "wind_chill": 17.0, "severity": 0, "alert_level": "none"}, {"day": 1, "date": "2026-06-26", "heat_index": 26.0, "wind_chill": 18.0, "severity": 0, "alert_level": "none"}, {"day": 2, "date": "2026-06-27", "heat_index": 26.5, "wind_chill": 18.3, "severity": 0, "alert_level": "none"}, {"day": 3, "date": "2026-06-28", "heat_index": 26.9, "wind_chill": 18.7, "severity": 0, "alert_level": "none"}, {"day": 4, "date": "2026-06-29", "heat_index": 27.1, "wind_chill": 18.9, "severity": 0, "alert_level": "none"}, {"day": 5, "date": "2026-06-30", "heat_index": 27.3, "wind_chill": 19.0, "severity": 0, "alert_level": "none"}, {"day": 6, "date": "2026-07-01", "heat_index": 27.5, "wind_chill": 19.1, "severity": 0, "alert_level": "none"}]}}, {"type": "Feature", "geometry": {"type": "Polygon", "coordinates": [[[-9.623076923076923, 29.37837837837838], [-9.376923076923077, 29.37837837837838], [-9.376923076923077, 29.62162162162162], [-9.623076923076923, 29.62162162162162], [-9.623076923076923, 29.37837837837838]]]}, "properties": {"row": 26, "col": 30, "lat": 29.5, "lon": -9.5, "alert_level": "none", "severity": 0, "forecasts": [{"day": 0, "date": "2026-06-25", "heat_index": 25.9, "wind_chill": 16.2, "severity": 0, "alert_level": "none"}, {"day": 1, "date": "2026-06-26", "heat_index": 27.2, "wind_chill": 17.3, "severity": 0, "alert_level": "none"}, {"day": 2, "date": "2026-06-27", "heat_index": 28.1, "wind_chill": 18.3, "severity": 0, "alert_level": "none"}, {"day": 3, "date": "2026-06-28", "heat_index": 28.6, "wind_chill": 18.9, "severity": 0, "alert_level": "none"}, {"day": 4, "date": "2026-06-29", "heat_index": 28.9, "wind_chill": 19.1, "severity": 0, "alert_level": "none"}, {"day": 5, "date": "2026-06-30", "heat_index": 29.1, "wind_chill": 19.1, "severity": 0, "alert_level": "none"}, {"day": 6, "date": "2026-07-01", "heat_index": 29.3, "wind_chill": 19.3, "severity": 0, "alert_level": "none"}]}}, {"type": "Feature", "geometry": {"type": "Polygon", "coordinates": [[[-9.373076923076923, 29.37837837837838], [-9.126923076923077, 29.37837837837838], [-9.126923076923077, 29.62162162162162], [-9.373076923076923, 29.62162162162162], [-9.373076923076923, 29.37837837837838]]]}, "properties": {"row": 26, "col": 31, "lat": 29.5, "lon": -9.25, "alert_level": "none", "severity": 0, "forecasts": [{"day": 0, "date": "2026-06-25", "heat_index": 26.8, "wind_chill": 15.2, "severity": 0, "alert_level": "none"}, {"day": 1, "date": "2026-06-26", "heat_index": 28.7, "wind_chill": 16.8, "severity": 0, "alert_level": "none"}, {"day": 2, "date": "2026-06-27", "heat_index": 29.4, "wind_chill": 17.7, "severity": 0, "alert_level": "none"}, {"day": 3, "date": "2026-06-28", "heat_index": 29.7, "wind_chill": 18.3, "severity": 0, "alert_level": "none"}, {"day": 4, "date": "2026-06-29", "heat_index": 29.9, "wind_chill": 18.4, "severity": 0, "alert_level": "none"}, {"day": 5, "date": "2026-06-30", "heat_index": 30.2, "wind_chill": 18.5, "severity": 0, "alert_level": "none"}, {"day": 6, "date": "2026-07-01", "heat_index": 30.5, "wind_chill": 18.6, "severity": 0, "alert_level": "none"}]}}, {"type": "Feature", "geometry": {"type": "Polygon", "coordinates": [[[-9.123076923076923, 29.37837837837838], [-8.876923076923077, 29.37837837837838], [-8.876923076923077, 29.62162162162162], [-9.123076923076923, 29.62162162162162], [-9.123076923076923, 29.37837837837838]]]}, "properties": {"row": 26, "col": 32, "lat": 29.5, "lon": -9.0, "alert_level": "none", "severity": 0, "forecasts": [{"day": 0, "date": "2026-06-25", "heat_index": 28.2, "wind_chill": 14.9, "severity": 0, "alert_level": "none"}, {"day": 1, "date": "2026-06-26", "heat_index": 29.7, "wind_chill": 16.0, "severity": 0, "alert_level": "none"}, {"day": 2, "date": "2026-06-27", "heat_index": 30.2, "wind_chill": 16.8, "severity": 0, "alert_level": "none"}, {"day": 3, "date": "2026-06-28", "heat_index": 30.5, "wind_chill": 17.5, "severity": 0, "alert_level": "none"}, {"day": 4, "date": "2026-06-29", "heat_index": 30.5, "wind_chill": 17.6, "severity": 0, "alert_level": "none"}, {"day": 5, "date": "2026-06-30", "heat_index": 30.9, "wind_chill": 17.7, "severity": 0, "alert_level": "none"}, {"day": 6, "date": "2026-07-01", "heat_index": 31.2, "wind_chill": 17.9, "severity": 0, "alert_level": "none"}]}}, {"type": "Feature", "geometry": {"type": "Polygon", "coordinates": [[[-8.873076923076923, 29.37837837837838], [-8.626923076923077, 29.37837837837838], [-8.626923076923077, 29.62162162162162], [-8.873076923076923, 29.62162162162162], [-8.873076923076923, 29.37837837837838]]]}, "properties": {"row": 26, "col": 33, "lat": 29.5, "lon": -8.75, "alert_level": "yellow", "severity": 0.1, "forecasts": [{"day": 0, "date": "2026-06-25", "heat_index": 30.0, "wind_chill": 14.7, "severity": 0, "alert_level": "none"}, {"day": 1, "date": "2026-06-26", "heat_index": 30.9, "wind_chill": 15.8, "severity": 0, "alert_level": "none"}, {"day": 2, "date": "2026-06-27", "heat_index": 31.1, "wind_chill": 16.3, "severity": 0, "alert_level": "none"}, {"day": 3, "date": "2026-06-28", "heat_index": 31.3, "wind_chill": 16.9, "severity": 0, "alert_level": "none"}, {"day": 4, "date": "2026-06-29", "heat_index": 31.4, "wind_chill": 17.0, "severity": 0, "alert_level": "none"}, {"day": 5, "date": "2026-06-30", "heat_index": 31.7, "wind_chill": 17.2, "severity": 0, "alert_level": "none"}, {"day": 6, "date": "2026-07-01", "heat_index": 32.1, "wind_chill": 17.5, "severity": 0.1, "alert_level": "yellow"}]}}, {"type": "Feature", "geometry": {"type": "Polygon", "coordinates": [[[-8.623076923076923, 29.37837837837838], [-8.376923076923077, 29.37837837837838], [-8.376923076923077, 29.62162162162162], [-8.623076923076923, 29.62162162162162], [-8.623076923076923, 29.37837837837838]]]}, "properties": {"row": 26, "col": 34, "lat": 29.5, "lon": -8.5, "alert_level": "orange", "severity": 2.6, "forecasts": [{"day": 0, "date": "2026-06-25", "heat_index": 32.8, "wind_chill": 15.7, "severity": 0.8, "alert_level": "yellow"}, {"day": 1, "date": "2026-06-26", "heat_index": 33.6, "wind_chill": 17.0, "severity": 1.6, "alert_level": "yellow"}, {"day": 2, "date": "2026-06-27", "heat_index": 33.6, "wind_chill": 17.4, "severity": 1.6, "alert_level": "yellow"}, {"day": 3, "date": "2026-06-28", "heat_index": 33.8, "wind_chill": 17.9, "severity": 1.8, "alert_level": "yellow"}, {"day": 4, "date": "2026-06-29", "heat_index": 33.9, "wind_chill": 18.0, "severity": 1.9, "alert_level": "yellow"}, {"day": 5, "date": "2026-06-30", "heat_index": 34.3, "wind_chill": 18.3, "severity": 2.3, "alert_level": "orange"}, {"day": 6, "date": "2026-07-01", "heat_index": 34.6, "wind_chill": 18.6, "severity": 2.6, "alert_level": "orange"}]}}, {"type": "Feature", "geometry": {"type": "Polygon", "coordinates": [[[-8.373076923076923, 29.37837837837838], [-8.126923076923077, 29.37837837837838], [-8.126923076923077, 29.62162162162162], [-8.373076923076923, 29.62162162162162], [-8.373076923076923, 29.37837837837838]]]}, "properties": {"row": 26, "col": 35, "lat": 29.5, "lon": -8.25, "alert_level": "red", "severity": 5.6, "forecasts": [{"day": 0, "date": "2026-06-25", "heat_index": 35.7, "wind_chill": 17.0, "severity": 3.7, "alert_level": "orange"}, {"day": 1, "date": "2026-06-26", "heat_index": 36.4, "wind_chill": 18.7, "severity": 4.4, "alert_level": "orange"}, {"day": 2, "date": "2026-06-27", "heat_index": 36.3, "wind_chill": 19.4, "severity": 4.3, "alert_level": "orange"}, {"day": 3, "date": "2026-06-28", "heat_index": 36.7, "wind_chill": 19.8, "severity": 4.7, "alert_level": "orange"}, {"day": 4, "date": "2026-06-29", "heat_index": 36.9, "wind_chill": 20.0, "severity": 4.9, "alert_level": "orange"}, {"day": 5, "date": "2026-06-30", "heat_index": 37.3, "wind_chill": 20.3, "severity": 5.3, "alert_level": "red"}, {"day": 6, "date": "2026-07-01", "heat_index": 37.6, "wind_chill": 20.6, "severity": 5.6, "alert_level": "red"}]}}, {"type": "Feature", "geometry": {"type": "Polygon", "coordinates": [[[-8.123076923076923, 29.37837837837838], [-7.876923076923077, 29.37837837837838], [-7.876923076923077, 29.62162162162162], [-8.123076923076923, 29.62162162162162], [-8.123076923076923, 29.37837837837838]]]}, "properties": {"row": 26, "col": 36, "lat": 29.5, "lon": -8.0, "alert_level": "red", "severity": 7.8, "forecasts": [{"day": 0, "date": "2026-06-25", "heat_index": 37.4, "wind_chill": 17.6, "severity": 5.4, "alert_level": "red"}, {"day": 1, "date": "2026-06-26", "heat_index": 38.2, "wind_chill": 19.8, "severity": 6.2, "alert_level": "red"}, {"day": 2, "date": "2026-06-27", "heat_index": 38.2, "wind_chill": 20.7, "severity": 6.2, "alert_level": "red"}, {"day": 3, "date": "2026-06-28", "heat_index": 38.7, "wind_chill": 21.1, "severity": 6.7, "alert_level": "red"}, {"day": 4, "date": "2026-06-29", "heat_index": 39.0, "wind_chill": 21.4, "severity": 7.0, "alert_level": "red"}, {"day": 5, "date": "2026-06-30", "heat_index": 39.6, "wind_chill": 21.7, "severity": 7.6, "alert_level": "red"}, {"day": 6, "date": "2026-07-01", "heat_index": 39.8, "wind_chill": 22.0, "severity": 7.8, "alert_level": "red"}]}}, {"type": "Feature", "geometry": {"type": "Polygon", "coordinates": [[[-7.873076923076923, 29.37837837837838], [-7.626923076923077, 29.37837837837838], [-7.626923076923077, 29.62162162162162], [-7.873076923076923, 29.62162162162162], [-7.873076923076923, 29.37837837837838]]]}, "properties": {"row": 26, "col": 37, "lat": 29.5, "lon": -7.75, "alert_level": "red", "severity": 8.8, "forecasts": [{"day": 0, "date": "2026-06-25", "heat_index": 38.7, "wind_chill": 18.2, "severity": 6.7, "alert_level": "red"}, {"day": 1, "date": "2026-06-26", "heat_index": 39.1, "wind_chill": 20.2, "severity": 7.1, "alert_level": "red"}, {"day": 2, "date": "2026-06-27", "heat_index": 39.1, "wind_chill": 21.2, "severity": 7.1, "alert_level": "red"}, {"day": 3, "date": "2026-06-28", "heat_index": 39.5, "wind_chill": 21.6, "severity": 7.5, "alert_level": "red"}, {"day": 4, "date": "2026-06-29", "heat_index": 40.0, "wind_chill": 21.9, "severity": 8.0, "alert_level": "red"}, {"day": 5, "date": "2026-06-30", "heat_index": 40.6, "wind_chill": 22.3, "severity": 8.6, "alert_level": "red"}, {"day": 6, "date": "2026-07-01", "heat_index": 40.8, "wind_chill": 22.5, "severity": 8.8, "alert_level": "red"}]}}, {"type": "Feature", "geometry": {"type": "Polygon", "coordinates": [[[-7.623076923076923, 29.37837837837838], [-7.376923076923077, 29.37837837837838], [-7.376923076923077, 29.62162162162162], [-7.623076923076923, 29.62162162162162], [-7.623076923076923, 29.37837837837838]]]}, "properties": {"row": 26, "col": 38, "lat": 29.5, "lon": -7.5, "alert_level": "red", "severity": 9.0, "forecasts": [{"day": 0, "date": "2026-06-25", "heat_index": 39.2, "wind_chill": 18.3, "severity": 7.2, "alert_level": "red"}, {"day": 1, "date": "2026-06-26", "heat_index": 39.3, "wind_chill": 20.3, "severity": 7.3, "alert_level": "red"}, {"day": 2, "date": "2026-06-27", "heat_index": 39.2, "wind_chill": 21.2, "severity": 7.2, "alert_level": "red"}, {"day": 3, "date": "2026-06-28", "heat_index": 39.5, "wind_chill": 21.5, "severity": 7.5, "alert_level": "red"}, {"day": 4, "date": "2026-06-29", "heat_index": 40.1, "wind_chill": 21.8, "severity": 8.1, "alert_level": "red"}, {"day": 5, "date": "2026-06-30", "heat_index": 40.7, "wind_chill": 22.2, "severity": 8.7, "alert_level": "red"}, {"day": 6, "date": "2026-07-01", "heat_index": 41.0, "wind_chill": 22.5, "severity": 9.0, "alert_level": "red"}]}}, {"type": "Feature", "geometry": {"type": "Polygon", "coordinates": [[[-7.373076923076923, 29.37837837837838], [-7.126923076923077, 29.37837837837838], [-7.126923076923077, 29.62162162162162], [-7.373076923076923, 29.62162162162162], [-7.373076923076923, 29.37837837837838]]]}, "properties": {"row": 26, "col": 39, "lat": 29.5, "lon": -7.25, "alert_level": "red", "severity": 9.0, "forecasts": [{"day": 0, "date": "2026-06-25", "heat_index": 39.6, "wind_chill": 18.5, "severity": 7.6, "alert_level": "red"}, {"day": 1, "date": "2026-06-26", "heat_index": 39.6, "wind_chill": 20.5, "severity": 7.6, "alert_level": "red"}, {"day": 2, "date": "2026-06-27", "heat_index": 39.4, "wind_chill": 21.2, "severity": 7.4, "alert_level": "red"}, {"day": 3, "date": "2026-06-28", "heat_index": 39.6, "wind_chill": 21.4, "severity": 7.6, "alert_level": "red"}, {"day": 4, "date": "2026-06-29", "heat_index": 40.1, "wind_chill": 21.8, "severity": 8.1, "alert_level": "red"}, {"day": 5, "date": "2026-06-30", "heat_index": 40.8, "wind_chill": 22.2, "severity": 8.8, "alert_level": "red"}, {"day": 6, "date": "2026-07-01", "heat_index": 41.0, "wind_chill": 22.5, "severity": 9.0, "alert_level": "red"}]}}, {"type": "Feature", "geometry": {"type": "Polygon", "coordinates": [[[-7.123076923076923, 29.37837837837838], [-6.876923076923077, 29.37837837837838], [-6.876923076923077, 29.62162162162162], [-7.123076923076923, 29.62162162162162], [-7.123076923076923, 29.37837837837838]]]}, "properties": {"row": 26, "col": 40, "lat": 29.5, "lon": -7.0, "alert_level": "red", "severity": 8.9, "forecasts": [{"day": 0, "date": "2026-06-25", "heat_index": 39.6, "wind_chill": 18.6, "severity": 7.6, "alert_level": "red"}, {"day": 1, "date": "2026-06-26", "heat_index": 39.7, "wind_chill": 20.6, "severity": 7.7, "alert_level": "red"}, {"day": 2, "date": "2026-06-27", "heat_index": 39.4, "wind_chill": 21.2, "severity": 7.4, "alert_level": "red"}, {"day": 3, "date": "2026-06-28", "heat_index": 39.5, "wind_chill": 21.4, "severity": 7.5, "alert_level": "red"}, {"day": 4, "date": "2026-06-29", "heat_index": 40.1, "wind_chill": 21.7, "severity": 8.1, "alert_level": "red"}, {"day": 5, "date": "2026-06-30", "heat_index": 40.7, "wind_chill": 22.2, "severity": 8.7, "alert_level": "red"}, {"day": 6, "date": "2026-07-01", "heat_index": 40.9, "wind_chill": 22.4, "severity": 8.9, "alert_level": "red"}]}}, {"type": "Feature", "geometry": {"type": "Polygon", "coordinates": [[[-6.873076923076923, 29.37837837837838], [-6.626923076923077, 29.37837837837838], [-6.626923076923077, 29.62162162162162], [-6.873076923076923, 29.62162162162162], [-6.873076923076923, 29.37837837837838]]]}, "properties": {"row": 26, "col": 41, "lat": 29.5, "lon": -6.75, "alert_level": "red", "severity": 9.0, "forecasts": [{"day": 0, "date": "2026-06-25", "heat_index": 40.0, "wind_chill": 19.1, "severity": 8.0, "alert_level": "red"}, {"day": 1, "date": "2026-06-26", "heat_index": 40.1, "wind_chill": 21.0, "severity": 8.1, "alert_level": "red"}, {"day": 2, "date": "2026-06-27", "heat_index": 39.8, "wind_chill": 21.5, "severity": 7.8, "alert_level": "red"}, {"day": 3, "date": "2026-06-28", "heat_index": 39.8, "wind_chill": 21.7, "severity": 7.8, "alert_level": "red"}, {"day": 4, "date": "2026-06-29", "heat_index": 40.3, "wind_chill": 22.0, "severity": 8.3, "alert_level": "red"}, {"day": 5, "date": "2026-06-30", "heat_index": 40.8, "wind_chill": 22.4, "severity": 8.8, "alert_level": "red"}, {"day": 6, "date": "2026-07-01", "heat_index": 41.0, "wind_chill": 22.6, "severity": 9.0, "alert_level": "red"}]}}, {"type": "Feature", "geometry": {"type": "Polygon", "coordinates": [[[-10.373076923076923, 29.12837837837838], [-10.126923076923077, 29.12837837837838], [-10.126923076923077, 29.37162162162162], [-10.373076923076923, 29.37162162162162], [-10.373076923076923, 29.12837837837838]]]}, "properties": {"row": 27, "col": 27, "lat": 29.25, "lon": -10.25, "alert_level": "none", "severity": 0, "forecasts": [{"day": 0, "date": "2026-06-25", "heat_index": 21.7, "wind_chill": 15.6, "severity": 0, "alert_level": "none"}, {"day": 1, "date": "2026-06-26", "heat_index": 22.9, "wind_chill": 16.8, "severity": 0, "alert_level": "none"}, {"day": 2, "date": "2026-06-27", "heat_index": 23.2, "wind_chill": 16.9, "severity": 0, "alert_level": "none"}, {"day": 3, "date": "2026-06-28", "heat_index": 23.5, "wind_chill": 17.2, "severity": 0, "alert_level": "none"}, {"day": 4, "date": "2026-06-29", "heat_index": 23.7, "wind_chill": 17.3, "severity": 0, "alert_level": "none"}, {"day": 5, "date": "2026-06-30", "heat_index": 23.9, "wind_chill": 17.3, "severity": 0, "alert_level": "none"}, {"day": 6, "date": "2026-07-01", "heat_index": 24.0, "wind_chill": 17.3, "severity": 0, "alert_level": "none"}]}}, {"type": "Feature", "geometry": {"type": "Polygon", "coordinates": [[[-10.123076923076923, 29.12837837837838], [-9.876923076923077, 29.12837837837838], [-9.876923076923077, 29.37162162162162], [-10.123076923076923, 29.37162162162162], [-10.123076923076923, 29.12837837837838]]]}, "properties": {"row": 27, "col": 28, "lat": 29.25, "lon": -10.0, "alert_level": "none", "severity": 0, "forecasts": [{"day": 0, "date": "2026-06-25", "heat_index": 24.2, "wind_chill": 17.8, "severity": 0, "alert_level": "none"}, {"day": 1, "date": "2026-06-26", "heat_index": 25.4, "wind_chill": 17.7, "severity": 0, "alert_level": "none"}, {"day": 2, "date": "2026-06-27", "heat_index": 25.7, "wind_chill": 17.8, "severity": 0, "alert_level": "none"}, {"day": 3, "date": "2026-06-28", "heat_index": 26.1, "wind_chill": 18.1, "severity": 0, "alert_level": "none"}, {"day": 4, "date": "2026-06-29", "heat_index": 26.4, "wind_chill": 18.3, "severity": 0, "alert_level": "none"}, {"day": 5, "date": "2026-06-30", "heat_index": 26.6, "wind_chill": 18.3, "severity": 0, "alert_level": "none"}, {"day": 6, "date": "2026-07-01", "heat_index": 26.7, "wind_chill": 18.3, "severity": 0, "alert_level": "none"}]}}, {"type": "Feature", "geometry": {"type": "Polygon", "coordinates": [[[-9.873076923076923, 29.12837837837838], [-9.626923076923077, 29.12837837837838], [-9.626923076923077, 29.37162162162162], [-9.873076923076923, 29.37162162162162], [-9.873076923076923, 29.12837837837838]]]}, "properties": {"row": 27, "col": 29, "lat": 29.25, "lon": -9.75, "alert_level": "none", "severity": 0, "forecasts": [{"day": 0, "date": "2026-06-25", "heat_index": 25.8, "wind_chill": 16.4, "severity": 0, "alert_level": "none"}, {"day": 1, "date": "2026-06-26", "heat_index": 27.3, "wind_chill": 17.2, "severity": 0, "alert_level": "none"}, {"day": 2, "date": "2026-06-27", "heat_index": 28.0, "wind_chill": 18.0, "severity": 0, "alert_level": "none"}, {"day": 3, "date": "2026-06-28", "heat_index": 28.4, "wind_chill": 18.4, "severity": 0, "alert_level": "none"}, {"day": 4, "date": "2026-06-29", "heat_index": 28.6, "wind_chill": 18.5, "severity": 0, "alert_level": "none"}, {"day": 5, "date": "2026-06-30", "heat_index": 28.7, "wind_chill": 18.6, "severity": 0, "alert_level": "none"}, {"day": 6, "date": "2026-07-01", "heat_index": 28.9, "wind_chill": 18.6, "severity": 0, "alert_level": "none"}]}}, {"type": "Feature", "geometry": {"type": "Polygon", "coordinates": [[[-9.623076923076923, 29.12837837837838], [-9.376923076923077, 29.12837837837838], [-9.376923076923077, 29.37162162162162], [-9.623076923076923, 29.37162162162162], [-9.623076923076923, 29.12837837837838]]]}, "properties": {"row": 27, "col": 30, "lat": 29.25, "lon": -9.5, "alert_level": "none", "severity": 0, "forecasts": [{"day": 0, "date": "2026-06-25", "heat_index": 27.1, "wind_chill": 15.7, "severity": 0, "alert_level": "none"}, {"day": 1, "date": "2026-06-26", "heat_index": 28.5, "wind_chill": 16.6, "severity": 0, "alert_level": "none"}, {"day": 2, "date": "2026-06-27", "heat_index": 29.2, "wind_chill": 17.7, "severity": 0, "alert_level": "none"}, {"day": 3, "date": "2026-06-28", "heat_index": 29.6, "wind_chill": 18.2, "severity": 0, "alert_level": "none"}, {"day": 4, "date": "2026-06-29", "heat_index": 29.9, "wind_chill": 18.3, "severity": 0, "alert_level": "none"}, {"day": 5, "date": "2026-06-30", "heat_index": 30.2, "wind_chill": 18.4, "severity": 0, "alert_level": "none"}, {"day": 6, "date": "2026-07-01", "heat_index": 30.4, "wind_chill": 18.5, "severity": 0, "alert_level": "none"}]}}, {"type": "Feature", "geometry": {"type": "Polygon", "coordinates": [[[-9.373076923076923, 29.12837837837838], [-9.126923076923077, 29.12837837837838], [-9.126923076923077, 29.37162162162162], [-9.373076923076923, 29.37162162162162], [-9.373076923076923, 29.12837837837838]]]}, "properties": {"row": 27, "col": 31, "lat": 29.25, "lon": -9.25, "alert_level": "none", "severity": 0, "forecasts": [{"day": 0, "date": "2026-06-25", "heat_index": 29.5, "wind_chill": 15.8, "severity": 0, "alert_level": "none"}, {"day": 1, "date": "2026-06-26", "heat_index": 30.1, "wind_chill": 16.4, "severity": 0, "alert_level": "none"}, {"day": 2, "date": "2026-06-27", "heat_index": 30.4, "wind_chill": 17.1, "severity": 0, "alert_level": "none"}, {"day": 3, "date": "2026-06-28", "heat_index": 30.6, "wind_chill": 17.7, "severity": 0, "alert_level": "none"}, {"day": 4, "date": "2026-06-29", "heat_index": 30.8, "wind_chill": 17.8, "severity": 0, "alert_level": "none"}, {"day": 5, "date": "2026-06-30", "heat_index": 31.1, "wind_chill": 17.9, "severity": 0, "alert_level": "none"}, {"day": 6, "date": "2026-07-01", "heat_index": 31.4, "wind_chill": 18.1, "severity": 0, "alert_level": "none"}]}}, {"type": "Feature", "geometry": {"type": "Polygon", "coordinates": [[[-9.123076923076923, 29.12837837837838], [-8.876923076923077, 29.12837837837838], [-8.876923076923077, 29.37162162162162], [-9.123076923076923, 29.37162162162162], [-9.123076923076923, 29.12837837837838]]]}, "properties": {"row": 27, "col": 32, "lat": 29.25, "lon": -9.0, "alert_level": "yellow", "severity": 0.7, "forecasts": [{"day": 0, "date": "2026-06-25", "heat_index": 31.4, "wind_chill": 15.5, "severity": 0, "alert_level": "none"}, {"day": 1, "date": "2026-06-26", "heat_index": 31.8, "wind_chill": 16.4, "severity": 0, "alert_level": "none"}, {"day": 2, "date": "2026-06-27", "heat_index": 31.9, "wind_chill": 17.1, "severity": 0, "alert_level": "none"}, {"day": 3, "date": "2026-06-28", "heat_index": 32.0, "wind_chill": 17.7, "severity": 0.0, "alert_level": "yellow"}, {"day": 4, "date": "2026-06-29", "heat_index": 32.1, "wind_chill": 17.7, "severity": 0.1, "alert_level": "yellow"}, {"day": 5, "date": "2026-06-30", "heat_index": 32.4, "wind_chill": 17.9, "severity": 0.4, "alert_level": "yellow"}, {"day": 6, "date": "2026-07-01", "heat_index": 32.7, "wind_chill": 18.1, "severity": 0.7, "alert_level": "yellow"}]}}, {"type": "Feature", "geometry": {"type": "Polygon", "coordinates": [[[-8.873076923076923, 29.12837837837838], [-8.626923076923077, 29.12837837837838], [-8.626923076923077, 29.37162162162162], [-8.873076923076923, 29.37162162162162], [-8.873076923076923, 29.12837837837838]]]}, "properties": {"row": 27, "col": 33, "lat": 29.25, "lon": -8.75, "alert_level": "orange", "severity": 2.5, "forecasts": [{"day": 0, "date": "2026-06-25", "heat_index": 33.5, "wind_chill": 16.0, "severity": 1.5, "alert_level": "yellow"}, {"day": 1, "date": "2026-06-26", "heat_index": 33.6, "wind_chill": 17.0, "severity": 1.6, "alert_level": "yellow"}, {"day": 2, "date": "2026-06-27", "heat_index": 33.5, "wind_chill": 17.6, "severity": 1.5, "alert_level": "yellow"}, {"day": 3, "date": "2026-06-28", "heat_index": 33.7, "wind_chill": 18.1, "severity": 1.7, "alert_level": "yellow"}, {"day": 4, "date": "2026-06-29", "heat_index": 33.8, "wind_chill": 18.1, "severity": 1.8, "alert_level": "yellow"}, {"day": 5, "date": "2026-06-30", "heat_index": 34.2, "wind_chill": 18.4, "severity": 2.2, "alert_level": "orange"}, {"day": 6, "date": "2026-07-01", "heat_index": 34.5, "wind_chill": 18.6, "severity": 2.5, "alert_level": "orange"}]}}, {"type": "Feature", "geometry": {"type": "Polygon", "coordinates": [[[-8.623076923076923, 29.12837837837838], [-8.376923076923077, 29.12837837837838], [-8.376923076923077, 29.37162162162162], [-8.623076923076923, 29.37162162162162], [-8.623076923076923, 29.12837837837838]]]}, "properties": {"row": 27, "col": 34, "lat": 29.25, "lon": -8.5, "alert_level": "red", "severity": 5.1, "forecasts": [{"day": 0, "date": "2026-06-25", "heat_index": 36.0, "wind_chill": 16.9, "severity": 4.0, "alert_level": "orange"}, {"day": 1, "date": "2026-06-26", "heat_index": 36.0, "wind_chill": 18.3, "severity": 4.0, "alert_level": "orange"}, {"day": 2, "date": "2026-06-27", "heat_index": 35.9, "wind_chill": 19.0, "severity": 3.9, "alert_level": "orange"}, {"day": 3, "date": "2026-06-28", "heat_index": 36.1, "wind_chill": 19.4, "severity": 4.1, "alert_level": "orange"}, {"day": 4, "date": "2026-06-29", "heat_index": 36.3, "wind_chill": 19.5, "severity": 4.3, "alert_level": "orange"}, {"day": 5, "date": "2026-06-30", "heat_index": 36.8, "wind_chill": 19.8, "severity": 4.8, "alert_level": "orange"}, {"day": 6, "date": "2026-07-01", "heat_index": 37.1, "wind_chill": 20.1, "severity": 5.1, "alert_level": "red"}]}}, {"type": "Feature", "geometry": {"type": "Polygon", "coordinates": [[[-8.373076923076923, 29.12837837837838], [-8.126923076923077, 29.12837837837838], [-8.126923076923077, 29.37162162162162], [-8.373076923076923, 29.37162162162162], [-8.373076923076923, 29.12837837837838]]]}, "properties": {"row": 27, "col": 35, "lat": 29.25, "lon": -8.25, "alert_level": "red", "severity": 7.4, "forecasts": [{"day": 0, "date": "2026-06-25", "heat_index": 37.9, "wind_chill": 17.6, "severity": 5.9, "alert_level": "red"}, {"day": 1, "date": "2026-06-26", "heat_index": 38.0, "wind_chill": 19.4, "severity": 6.0, "alert_level": "red"}, {"day": 2, "date": "2026-06-27", "heat_index": 37.8, "wind_chill": 20.3, "severity": 5.8, "alert_level": "red"}, {"day": 3, "date": "2026-06-28", "heat_index": 38.1, "wind_chill": 20.7, "severity": 6.1, "alert_level": "red"}, {"day": 4, "date": "2026-06-29", "heat_index": 38.4, "wind_chill": 20.8, "severity": 6.4, "alert_level": "red"}, {"day": 5, "date": "2026-06-30", "heat_index": 39.0, "wind_chill": 21.2, "severity": 7.0, "alert_level": "red"}, {"day": 6, "date": "2026-07-01", "heat_index": 39.4, "wind_chill": 21.5, "severity": 7.4, "alert_level": "red"}]}}, {"type": "Feature", "geometry": {"type": "Polygon", "coordinates": [[[-8.123076923076923, 29.12837837837838], [-7.876923076923077, 29.12837837837838], [-7.876923076923077, 29.37162162162162], [-8.123076923076923, 29.37162162162162], [-8.123076923076923, 29.12837837837838]]]}, "properties": {"row": 27, "col": 36, "lat": 29.25, "lon": -8.0, "alert_level": "red", "severity": 8.6, "forecasts": [{"day": 0, "date": "2026-06-25", "heat_index": 39.0, "wind_chill": 17.9, "severity": 7.0, "alert_level": "red"}, {"day": 1, "date": "2026-06-26", "heat_index": 39.0, "wind_chill": 19.9, "severity": 7.0, "alert_level": "red"}, {"day": 2, "date": "2026-06-27", "heat_index": 38.8, "wind_chill": 20.8, "severity": 6.8, "alert_level": "red"}, {"day": 3, "date": "2026-06-28", "heat_index": 39.1, "wind_chill": 21.2, "severity": 7.1, "alert_level": "red"}, {"day": 4, "date": "2026-06-29", "heat_index": 39.6, "wind_chill": 21.5, "severity": 7.6, "alert_level": "red"}, {"day": 5, "date": "2026-06-30", "heat_index": 40.2, "wind_chill": 21.9, "severity": 8.2, "alert_level": "red"}, {"day": 6, "date": "2026-07-01", "heat_index": 40.6, "wind_chill": 22.2, "severity": 8.6, "alert_level": "red"}]}}, {"type": "Feature", "geometry": {"type": "Polygon", "coordinates": [[[-10.623076923076923, 28.87837837837838], [-10.376923076923077, 28.87837837837838], [-10.376923076923077, 29.12162162162162], [-10.623076923076923, 29.12162162162162], [-10.623076923076923, 28.87837837837838]]]}, "properties": {"row": 28, "col": 26, "lat": 29.0, "lon": -10.5, "alert_level": "none", "severity": 0, "forecasts": [{"day": 0, "date": "2026-06-25", "heat_index": 19.1, "wind_chill": 15.1, "severity": 0, "alert_level": "none"}, {"day": 1, "date": "2026-06-26", "heat_index": 21.2, "wind_chill": 15.7, "severity": 0, "alert_level": "none"}, {"day": 2, "date": "2026-06-27", "heat_index": 21.7, "wind_chill": 16.3, "severity": 0, "alert_level": "none"}, {"day": 3, "date": "2026-06-28", "heat_index": 22.2, "wind_chill": 16.6, "severity": 0, "alert_level": "none"}, {"day": 4, "date": "2026-06-29", "heat_index": 22.5, "wind_chill": 16.8, "severity": 0, "alert_level": "none"}, {"day": 5, "date": "2026-06-30", "heat_index": 22.8, "wind_chill": 16.9, "severity": 0, "alert_level": "none"}, {"day": 6, "date": "2026-07-01", "heat_index": 22.9, "wind_chill": 16.8, "severity": 0, "alert_level": "none"}]}}, {"type": "Feature", "geometry": {"type": "Polygon", "coordinates": [[[-10.373076923076923, 28.87837837837838], [-10.126923076923077, 28.87837837837838], [-10.126923076923077, 29.12162162162162], [-10.373076923076923, 29.12162162162162], [-10.373076923076923, 28.87837837837838]]]}, "properties": {"row": 28, "col": 27, "lat": 29.0, "lon": -10.25, "alert_level": "none", "severity": 0, "forecasts": [{"day": 0, "date": "2026-06-25", "heat_index": 21.3, "wind_chill": 16.1, "severity": 0, "alert_level": "none"}, {"day": 1, "date": "2026-06-26", "heat_index": 23.3, "wind_chill": 16.7, "severity": 0, "alert_level": "none"}, {"day": 2, "date": "2026-06-27", "heat_index": 23.7, "wind_chill": 16.9, "severity": 0, "alert_level": "none"}, {"day": 3, "date": "2026-06-28", "heat_index": 24.2, "wind_chill": 17.3, "severity": 0, "alert_level": "none"}, {"day": 4, "date": "2026-06-29", "heat_index": 24.5, "wind_chill": 17.5, "severity": 0, "alert_level": "none"}, {"day": 5, "date": "2026-06-30", "heat_index": 24.7, "wind_chill": 17.5, "severity": 0, "alert_level": "none"}, {"day": 6, "date": "2026-07-01", "heat_index": 24.9, "wind_chill": 17.6, "severity": 0, "alert_level": "none"}]}}, {"type": "Feature", "geometry": {"type": "Polygon", "coordinates": [[[-10.123076923076923, 28.87837837837838], [-9.876923076923077, 28.87837837837838], [-9.876923076923077, 29.12162162162162], [-10.123076923076923, 29.12162162162162], [-10.123076923076923, 28.87837837837838]]]}, "properties": {"row": 28, "col": 28, "lat": 29.0, "lon": -10.0, "alert_level": "none", "severity": 0, "forecasts": [{"day": 0, "date": "2026-06-25", "heat_index": 24.2, "wind_chill": 16.2, "severity": 0, "alert_level": "none"}, {"day": 1, "date": "2026-06-26", "heat_index": 25.8, "wind_chill": 16.6, "severity": 0, "alert_level": "none"}, {"day": 2, "date": "2026-06-27", "heat_index": 26.2, "wind_chill": 17.1, "severity": 0, "alert_level": "none"}, {"day": 3, "date": "2026-06-28", "heat_index": 26.6, "wind_chill": 17.3, "severity": 0, "alert_level": "none"}, {"day": 4, "date": "2026-06-29", "heat_index": 26.9, "wind_chill": 17.5, "severity": 0, "alert_level": "none"}, {"day": 5, "date": "2026-06-30", "heat_index": 27.0, "wind_chill": 17.5, "severity": 0, "alert_level": "none"}, {"day": 6, "date": "2026-07-01", "heat_index": 27.1, "wind_chill": 17.6, "severity": 0, "alert_level": "none"}]}}, {"type": "Feature", "geometry": {"type": "Polygon", "coordinates": [[[-9.873076923076923, 28.87837837837838], [-9.626923076923077, 28.87837837837838], [-9.626923076923077, 29.12162162162162], [-9.873076923076923, 29.12162162162162], [-9.873076923076923, 28.87837837837838]]]}, "properties": {"row": 28, "col": 29, "lat": 29.0, "lon": -9.75, "alert_level": "none", "severity": 0, "forecasts": [{"day": 0, "date": "2026-06-25", "heat_index": 26.0, "wind_chill": 15.8, "severity": 0, "alert_level": "none"}, {"day": 1, "date": "2026-06-26", "heat_index": 27.6, "wind_chill": 16.6, "severity": 0, "alert_level": "none"}, {"day": 2, "date": "2026-06-27", "heat_index": 28.4, "wind_chill": 17.5, "severity": 0, "alert_level": "none"}, {"day": 3, "date": "2026-06-28", "heat_index": 28.9, "wind_chill": 17.9, "severity": 0, "alert_level": "none"}, {"day": 4, "date": "2026-06-29", "heat_index": 29.2, "wind_chill": 18.1, "severity": 0, "alert_level": "none"}, {"day": 5, "date": "2026-06-30", "heat_index": 29.5, "wind_chill": 18.2, "severity": 0, "alert_level": "none"}, {"day": 6, "date": "2026-07-01", "heat_index": 29.7, "wind_chill": 18.3, "severity": 0, "alert_level": "none"}]}}, {"type": "Feature", "geometry": {"type": "Polygon", "coordinates": [[[-9.623076923076923, 28.87837837837838], [-9.376923076923077, 28.87837837837838], [-9.376923076923077, 29.12162162162162], [-9.623076923076923, 29.12162162162162], [-9.623076923076923, 28.87837837837838]]]}, "properties": {"row": 28, "col": 30, "lat": 29.0, "lon": -9.5, "alert_level": "none", "severity": 0, "forecasts": [{"day": 0, "date": "2026-06-25", "heat_index": 28.8, "wind_chill": 15.9, "severity": 0, "alert_level": "none"}, {"day": 1, "date": "2026-06-26", "heat_index": 29.6, "wind_chill": 16.3, "severity": 0, "alert_level": "none"}, {"day": 2, "date": "2026-06-27", "heat_index": 30.0, "wind_chill": 16.8, "severity": 0, "alert_level": "none"}, {"day": 3, "date": "2026-06-28", "heat_index": 30.4, "wind_chill": 17.4, "severity": 0, "alert_level": "none"}, {"day": 4, "date": "2026-06-29", "heat_index": 30.6, "wind_chill": 17.5, "severity": 0, "alert_level": "none"}, {"day": 5, "date": "2026-06-30", "heat_index": 31.0, "wind_chill": 17.6, "severity": 0, "alert_level": "none"}, {"day": 6, "date": "2026-07-01", "heat_index": 31.3, "wind_chill": 17.8, "severity": 0, "alert_level": "none"}]}}, {"type": "Feature", "geometry": {"type": "Polygon", "coordinates": [[[-9.373076923076923, 28.87837837837838], [-9.126923076923077, 28.87837837837838], [-9.126923076923077, 29.12162162162162], [-9.373076923076923, 29.12162162162162], [-9.373076923076923, 28.87837837837838]]]}, "properties": {"row": 28, "col": 31, "lat": 29.0, "lon": -9.25, "alert_level": "yellow", "severity": 0.7, "forecasts": [{"day": 0, "date": "2026-06-25", "heat_index": 31.3, "wind_chill": 15.6, "severity": 0, "alert_level": "none"}, {"day": 1, "date": "2026-06-26", "heat_index": 31.6, "wind_chill": 16.1, "severity": 0, "alert_level": "none"}, {"day": 2, "date": "2026-06-27", "heat_index": 31.8, "wind_chill": 16.6, "severity": 0, "alert_level": "none"}, {"day": 3, "date": "2026-06-28", "heat_index": 32.0, "wind_chill": 17.1, "severity": 0, "alert_level": "none"}, {"day": 4, "date": "2026-06-29", "heat_index": 32.0, "wind_chill": 17.2, "severity": 0.0, "alert_level": "yellow"}, {"day": 5, "date": "2026-06-30", "heat_index": 32.4, "wind_chill": 17.3, "severity": 0.4, "alert_level": "yellow"}, {"day": 6, "date": "2026-07-01", "heat_index": 32.7, "wind_chill": 17.6, "severity": 0.7, "alert_level": "yellow"}]}}, {"type": "Feature", "geometry": {"type": "Polygon", "coordinates": [[[-9.123076923076923, 28.87837837837838], [-8.876923076923077, 28.87837837837838], [-8.876923076923077, 29.12162162162162], [-9.123076923076923, 29.12162162162162], [-9.123076923076923, 28.87837837837838]]]}, "properties": {"row": 28, "col": 32, "lat": 29.0, "lon": -9.0, "alert_level": "orange", "severity": 2.4, "forecasts": [{"day": 0, "date": "2026-06-25", "heat_index": 33.8, "wind_chill": 16.0, "severity": 1.8, "alert_level": "yellow"}, {"day": 1, "date": "2026-06-26", "heat_index": 33.7, "wind_chill": 16.5, "severity": 1.7, "alert_level": "yellow"}, {"day": 2, "date": "2026-06-27", "heat_index": 33.6, "wind_chill": 17.1, "severity": 1.6, "alert_level": "yellow"}, {"day": 3, "date": "2026-06-28", "heat_index": 33.7, "wind_chill": 17.5, "severity": 1.7, "alert_level": "yellow"}, {"day": 4, "date": "2026-06-29", "heat_index": 33.6, "wind_chill": 17.6, "severity": 1.6, "alert_level": "yellow"}, {"day": 5, "date": "2026-06-30", "heat_index": 34.0, "wind_chill": 17.8, "severity": 2.0, "alert_level": "orange"}, {"day": 6, "date": "2026-07-01", "heat_index": 34.4, "wind_chill": 18.0, "severity": 2.4, "alert_level": "orange"}]}}, {"type": "Feature", "geometry": {"type": "Polygon", "coordinates": [[[-8.873076923076923, 28.87837837837838], [-8.626923076923077, 28.87837837837838], [-8.626923076923077, 29.12162162162162], [-8.873076923076923, 29.12162162162162], [-8.873076923076923, 28.87837837837838]]]}, "properties": {"row": 28, "col": 33, "lat": 29.0, "lon": -8.75, "alert_level": "orange", "severity": 4.2, "forecasts": [{"day": 0, "date": "2026-06-25", "heat_index": 35.6, "wind_chill": 16.3, "severity": 3.6, "alert_level": "orange"}, {"day": 1, "date": "2026-06-26", "heat_index": 35.4, "wind_chill": 17.2, "severity": 3.4, "alert_level": "orange"}, {"day": 2, "date": "2026-06-27", "heat_index": 35.2, "wind_chill": 17.9, "severity": 3.2, "alert_level": "orange"}, {"day": 3, "date": "2026-06-28", "heat_index": 35.3, "wind_chill": 18.3, "severity": 3.3, "alert_level": "orange"}, {"day": 4, "date": "2026-06-29", "heat_index": 35.4, "wind_chill": 18.4, "severity": 3.4, "alert_level": "orange"}, {"day": 5, "date": "2026-06-30", "heat_index": 35.8, "wind_chill": 18.7, "severity": 3.8, "alert_level": "orange"}, {"day": 6, "date": "2026-07-01", "heat_index": 36.2, "wind_chill": 18.9, "severity": 4.2, "alert_level": "orange"}]}}, {"type": "Feature", "geometry": {"type": "Polygon", "coordinates": [[[-8.623076923076923, 28.87837837837838], [-8.376923076923077, 28.87837837837838], [-8.376923076923077, 29.12162162162162], [-8.623076923076923, 29.12162162162162], [-8.623076923076923, 28.87837837837838]]]}, "properties": {"row": 28, "col": 34, "lat": 29.0, "lon": -8.5, "alert_level": "red", "severity": 5.8, "forecasts": [{"day": 0, "date": "2026-06-25", "heat_index": 36.8, "wind_chill": 16.5, "severity": 4.8, "alert_level": "orange"}, {"day": 1, "date": "2026-06-26", "heat_index": 36.6, "wind_chill": 17.8, "severity": 4.6, "alert_level": "orange"}, {"day": 2, "date": "2026-06-27", "heat_index": 36.4, "wind_chill": 18.7, "severity": 4.4, "alert_level": "orange"}, {"day": 3, "date": "2026-06-28", "heat_index": 36.6, "wind_chill": 19.1, "severity": 4.6, "alert_level": "orange"}, {"day": 4, "date": "2026-06-29", "heat_index": 36.9, "wind_chill": 19.2, "severity": 4.9, "alert_level": "orange"}, {"day": 5, "date": "2026-06-30", "heat_index": 37.4, "wind_chill": 19.6, "severity": 5.4, "alert_level": "red"}, {"day": 6, "date": "2026-07-01", "heat_index": 37.8, "wind_chill": 19.9, "severity": 5.8, "alert_level": "red"}]}}, {"type": "Feature", "geometry": {"type": "Polygon", "coordinates": [[[-8.373076923076923, 28.87837837837838], [-8.126923076923077, 28.87837837837838], [-8.126923076923077, 29.12162162162162], [-8.373076923076923, 29.12162162162162], [-8.373076923076923, 28.87837837837838]]]}, "properties": {"row": 28, "col": 35, "lat": 29.0, "lon": -8.25, "alert_level": "red", "severity": 6.9, "forecasts": [{"day": 0, "date": "2026-06-25", "heat_index": 37.6, "wind_chill": 16.6, "severity": 5.6, "alert_level": "red"}, {"day": 1, "date": "2026-06-26", "heat_index": 37.5, "wind_chill": 18.3, "severity": 5.5, "alert_level": "red"}, {"day": 2, "date": "2026-06-27", "heat_index": 37.3, "wind_chill": 19.2, "severity": 5.3, "alert_level": "red"}, {"day": 3, "date": "2026-06-28", "heat_index": 37.5, "wind_chill": 19.6, "severity": 5.5, "alert_level": "red"}, {"day": 4, "date": "2026-06-29", "heat_index": 37.9, "wind_chill": 19.8, "severity": 5.9, "alert_level": "red"}, {"day": 5, "date": "2026-06-30", "heat_index": 38.6, "wind_chill": 20.3, "severity": 6.6, "alert_level": "red"}, {"day": 6, "date": "2026-07-01", "heat_index": 38.9, "wind_chill": 20.6, "severity": 6.9, "alert_level": "red"}]}}, {"type": "Feature", "geometry": {"type": "Polygon", "coordinates": [[[-10.873076923076923, 28.62837837837838], [-10.626923076923077, 28.62837837837838], [-10.626923076923077, 28.87162162162162], [-10.873076923076923, 28.87162162162162], [-10.873076923076923, 28.62837837837838]]]}, "properties": {"row": 29, "col": 25, "lat": 28.75, "lon": -10.75, "alert_level": "none", "severity": 0, "forecasts": [{"day": 0, "date": "2026-06-25", "heat_index": 19.9, "wind_chill": 15.1, "severity": 0, "alert_level": "none"}, {"day": 1, "date": "2026-06-26", "heat_index": 21.3, "wind_chill": 15.6, "severity": 0, "alert_level": "none"}, {"day": 2, "date": "2026-06-27", "heat_index": 21.9, "wind_chill": 16.2, "severity": 0, "alert_level": "none"}, {"day": 3, "date": "2026-06-28", "heat_index": 22.3, "wind_chill": 16.4, "severity": 0, "alert_level": "none"}, {"day": 4, "date": "2026-06-29", "heat_index": 22.7, "wind_chill": 16.6, "severity": 0, "alert_level": "none"}, {"day": 5, "date": "2026-06-30", "heat_index": 22.9, "wind_chill": 16.7, "severity": 0, "alert_level": "none"}, {"day": 6, "date": "2026-07-01", "heat_index": 23.1, "wind_chill": 16.8, "severity": 0, "alert_level": "none"}]}}, {"type": "Feature", "geometry": {"type": "Polygon", "coordinates": [[[-10.623076923076923, 28.62837837837838], [-10.376923076923077, 28.62837837837838], [-10.376923076923077, 28.87162162162162], [-10.623076923076923, 28.87162162162162], [-10.623076923076923, 28.62837837837838]]]}, "properties": {"row": 29, "col": 26, "lat": 28.75, "lon": -10.5, "alert_level": "none", "severity": 0, "forecasts": [{"day": 0, "date": "2026-06-25", "heat_index": 19.9, "wind_chill": 15.2, "severity": 0, "alert_level": "none"}, {"day": 1, "date": "2026-06-26", "heat_index": 22.1, "wind_chill": 15.5, "severity": 0, "alert_level": "none"}, {"day": 2, "date": "2026-06-27", "heat_index": 22.9, "wind_chill": 16.4, "severity": 0, "alert_level": "none"}, {"day": 3, "date": "2026-06-28", "heat_index": 23.4, "wind_chill": 16.9, "severity": 0, "alert_level": "none"}, {"day": 4, "date": "2026-06-29", "heat_index": 23.8, "wind_chill": 17.2, "severity": 0, "alert_level": "none"}, {"day": 5, "date": "2026-06-30", "heat_index": 24.0, "wind_chill": 17.3, "severity": 0, "alert_level": "none"}, {"day": 6, "date": "2026-07-01", "heat_index": 24.2, "wind_chill": 17.4, "severity": 0, "alert_level": "none"}]}}, {"type": "Feature", "geometry": {"type": "Polygon", "coordinates": [[[-10.373076923076923, 28.62837837837838], [-10.126923076923077, 28.62837837837838], [-10.126923076923077, 28.87162162162162], [-10.373076923076923, 28.87162162162162], [-10.373076923076923, 28.62837837837838]]]}, "properties": {"row": 29, "col": 27, "lat": 28.75, "lon": -10.25, "alert_level": "none", "severity": 0, "forecasts": [{"day": 0, "date": "2026-06-25", "heat_index": 22.6, "wind_chill": 15.4, "severity": 0, "alert_level": "none"}, {"day": 1, "date": "2026-06-26", "heat_index": 24.0, "wind_chill": 15.9, "severity": 0, "alert_level": "none"}, {"day": 2, "date": "2026-06-27", "heat_index": 24.6, "wind_chill": 16.6, "severity": 0, "alert_level": "none"}, {"day": 3, "date": "2026-06-28", "heat_index": 25.0, "wind_chill": 16.8, "severity": 0, "alert_level": "none"}, {"day": 4, "date": "2026-06-29", "heat_index": 25.2, "wind_chill": 17.0, "severity": 0, "alert_level": "none"}, {"day": 5, "date": "2026-06-30", "heat_index": 25.4, "wind_chill": 17.0, "severity": 0, "alert_level": "none"}, {"day": 6, "date": "2026-07-01", "heat_index": 25.5, "wind_chill": 17.1, "severity": 0, "alert_level": "none"}]}}, {"type": "Feature", "geometry": {"type": "Polygon", "coordinates": [[[-10.123076923076923, 28.62837837837838], [-9.876923076923077, 28.62837837837838], [-9.876923076923077, 28.87162162162162], [-10.123076923076923, 28.87162162162162], [-10.123076923076923, 28.62837837837838]]]}, "properties": {"row": 29, "col": 28, "lat": 28.75, "lon": -10.0, "alert_level": "none", "severity": 0, "forecasts": [{"day": 0, "date": "2026-06-25", "heat_index": 24.3, "wind_chill": 15.7, "severity": 0, "alert_level": "none"}, {"day": 1, "date": "2026-06-26", "heat_index": 25.6, "wind_chill": 16.1, "severity": 0, "alert_level": "none"}, {"day": 2, "date": "2026-06-27", "heat_index": 26.4, "wind_chill": 17.0, "severity": 0, "alert_level": "none"}, {"day": 3, "date": "2026-06-28", "heat_index": 26.9, "wind_chill": 17.3, "severity": 0, "alert_level": "none"}, {"day": 4, "date": "2026-06-29", "heat_index": 27.2, "wind_chill": 17.4, "severity": 0, "alert_level": "none"}, {"day": 5, "date": "2026-06-30", "heat_index": 27.5, "wind_chill": 17.5, "severity": 0, "alert_level": "none"}, {"day": 6, "date": "2026-07-01", "heat_index": 27.7, "wind_chill": 17.6, "severity": 0, "alert_level": "none"}]}}, {"type": "Feature", "geometry": {"type": "Polygon", "coordinates": [[[-9.873076923076923, 28.62837837837838], [-9.626923076923077, 28.62837837837838], [-9.626923076923077, 28.87162162162162], [-9.873076923076923, 28.87162162162162], [-9.873076923076923, 28.62837837837838]]]}, "properties": {"row": 29, "col": 29, "lat": 28.75, "lon": -9.75, "alert_level": "none", "severity": 0, "forecasts": [{"day": 0, "date": "2026-06-25", "heat_index": 26.5, "wind_chill": 15.8, "severity": 0, "alert_level": "none"}, {"day": 1, "date": "2026-06-26", "heat_index": 27.6, "wind_chill": 15.8, "severity": 0, "alert_level": "none"}, {"day": 2, "date": "2026-06-27", "heat_index": 28.4, "wind_chill": 16.6, "severity": 0, "alert_level": "none"}, {"day": 3, "date": "2026-06-28", "heat_index": 29.0, "wind_chill": 17.2, "severity": 0, "alert_level": "none"}, {"day": 4, "date": "2026-06-29", "heat_index": 29.3, "wind_chill": 17.4, "severity": 0, "alert_level": "none"}, {"day": 5, "date": "2026-06-30", "heat_index": 29.7, "wind_chill": 17.5, "severity": 0, "alert_level": "none"}, {"day": 6, "date": "2026-07-01", "heat_index": 29.9, "wind_chill": 17.7, "severity": 0, "alert_level": "none"}]}}, {"type": "Feature", "geometry": {"type": "Polygon", "coordinates": [[[-9.623076923076923, 28.62837837837838], [-9.376923076923077, 28.62837837837838], [-9.376923076923077, 28.87162162162162], [-9.623076923076923, 28.87162162162162], [-9.623076923076923, 28.62837837837838]]]}, "properties": {"row": 29, "col": 30, "lat": 28.75, "lon": -9.5, "alert_level": "none", "severity": 0, "forecasts": [{"day": 0, "date": "2026-06-25", "heat_index": 30.0, "wind_chill": 15.9, "severity": 0, "alert_level": "none"}, {"day": 1, "date": "2026-06-26", "heat_index": 30.0, "wind_chill": 15.8, "severity": 0, "alert_level": "none"}, {"day": 2, "date": "2026-06-27", "heat_index": 30.6, "wind_chill": 16.4, "severity": 0, "alert_level": "none"}, {"day": 3, "date": "2026-06-28", "heat_index": 31.0, "wind_chill": 17.0, "severity": 0, "alert_level": "none"}, {"day": 4, "date": "2026-06-29", "heat_index": 31.2, "wind_chill": 17.1, "severity": 0, "alert_level": "none"}, {"day": 5, "date": "2026-06-30", "heat_index": 31.6, "wind_chill": 17.3, "severity": 0, "alert_level": "none"}, {"day": 6, "date": "2026-07-01", "heat_index": 31.9, "wind_chill": 17.5, "severity": 0, "alert_level": "none"}]}}, {"type": "Feature", "geometry": {"type": "Polygon", "coordinates": [[[-9.373076923076923, 28.62837837837838], [-9.126923076923077, 28.62837837837838], [-9.126923076923077, 28.87162162162162], [-9.373076923076923, 28.87162162162162], [-9.373076923076923, 28.62837837837838]]]}, "properties": {"row": 29, "col": 31, "lat": 28.75, "lon": -9.25, "alert_level": "yellow", "severity": 2.0, "forecasts": [{"day": 0, "date": "2026-06-25", "heat_index": 33.6, "wind_chill": 16.5, "severity": 1.6, "alert_level": "yellow"}, {"day": 1, "date": "2026-06-26", "heat_index": 33.0, "wind_chill": 16.3, "severity": 1.0, "alert_level": "yellow"}, {"day": 2, "date": "2026-06-27", "heat_index": 33.2, "wind_chill": 16.8, "severity": 1.2, "alert_level": "yellow"}, {"day": 3, "date": "2026-06-28", "heat_index": 33.3, "wind_chill": 17.3, "severity": 1.3, "alert_level": "yellow"}, {"day": 4, "date": "2026-06-29", "heat_index": 33.3, "wind_chill": 17.4, "severity": 1.3, "alert_level": "yellow"}, {"day": 5, "date": "2026-06-30", "heat_index": 33.7, "wind_chill": 17.5, "severity": 1.7, "alert_level": "yellow"}, {"day": 6, "date": "2026-07-01", "heat_index": 34.0, "wind_chill": 17.8, "severity": 2.0, "alert_level": "yellow"}]}}, {"type": "Feature", "geometry": {"type": "Polygon", "coordinates": [[[-9.123076923076923, 28.62837837837838], [-8.876923076923077, 28.62837837837838], [-8.876923076923077, 28.87162162162162], [-9.123076923076923, 28.87162162162162], [-9.123076923076923, 28.62837837837838]]]}, "properties": {"row": 29, "col": 32, "lat": 28.75, "lon": -9.0, "alert_level": "orange", "severity": 4.0, "forecasts": [{"day": 0, "date": "2026-06-25", "heat_index": 35.8, "wind_chill": 16.7, "severity": 3.8, "alert_level": "orange"}, {"day": 1, "date": "2026-06-26", "heat_index": 35.1, "wind_chill": 16.9, "severity": 3.1, "alert_level": "orange"}, {"day": 2, "date": "2026-06-27", "heat_index": 35.1, "wind_chill": 17.7, "severity": 3.1, "alert_level": "orange"}, {"day": 3, "date": "2026-06-28", "heat_index": 35.2, "wind_chill": 18.2, "severity": 3.2, "alert_level": "orange"}, {"day": 4, "date": "2026-06-29", "heat_index": 35.2, "wind_chill": 18.2, "severity": 3.2, "alert_level": "orange"}, {"day": 5, "date": "2026-06-30", "heat_index": 35.6, "wind_chill": 18.4, "severity": 3.6, "alert_level": "orange"}, {"day": 6, "date": "2026-07-01", "heat_index": 36.0, "wind_chill": 18.7, "severity": 4.0, "alert_level": "orange"}]}}, {"type": "Feature", "geometry": {"type": "Polygon", "coordinates": [[[-8.873076923076923, 28.62837837837838], [-8.626923076923077, 28.62837837837838], [-8.626923076923077, 28.87162162162162], [-8.873076923076923, 28.87162162162162], [-8.873076923076923, 28.62837837837838]]]}, "properties": {"row": 29, "col": 33, "lat": 28.75, "lon": -8.75, "alert_level": "red", "severity": 5.4, "forecasts": [{"day": 0, "date": "2026-06-25", "heat_index": 36.8, "wind_chill": 16.6, "severity": 4.8, "alert_level": "orange"}, {"day": 1, "date": "2026-06-26", "heat_index": 36.4, "wind_chill": 17.4, "severity": 4.4, "alert_level": "orange"}, {"day": 2, "date": "2026-06-27", "heat_index": 36.3, "wind_chill": 18.4, "severity": 4.3, "alert_level": "orange"}, {"day": 3, "date": "2026-06-28", "heat_index": 36.4, "wind_chill": 18.8, "severity": 4.4, "alert_level": "orange"}, {"day": 4, "date": "2026-06-29", "heat_index": 36.5, "wind_chill": 18.8, "severity": 4.5, "alert_level": "orange"}, {"day": 5, "date": "2026-06-30", "heat_index": 37.0, "wind_chill": 19.1, "severity": 5.0, "alert_level": "red"}, {"day": 6, "date": "2026-07-01", "heat_index": 37.4, "wind_chill": 19.5, "severity": 5.4, "alert_level": "red"}]}}, {"type": "Feature", "geometry": {"type": "Polygon", "coordinates": [[[-11.373076923076923, 28.37837837837838], [-11.126923076923077, 28.37837837837838], [-11.126923076923077, 28.62162162162162], [-11.373076923076923, 28.62162162162162], [-11.373076923076923, 28.37837837837838]]]}, "properties": {"row": 30, "col": 23, "lat": 28.5, "lon": -11.25, "alert_level": "none", "severity": 0, "forecasts": [{"day": 0, "date": "2026-06-25", "heat_index": 21.6, "wind_chill": 16.8, "severity": 0, "alert_level": "none"}, {"day": 1, "date": "2026-06-26", "heat_index": 22.0, "wind_chill": 16.0, "severity": 0, "alert_level": "none"}, {"day": 2, "date": "2026-06-27", "heat_index": 22.5, "wind_chill": 16.5, "severity": 0, "alert_level": "none"}, {"day": 3, "date": "2026-06-28", "heat_index": 22.7, "wind_chill": 16.7, "severity": 0, "alert_level": "none"}, {"day": 4, "date": "2026-06-29", "heat_index": 22.9, "wind_chill": 16.8, "severity": 0, "alert_level": "none"}, {"day": 5, "date": "2026-06-30", "heat_index": 23.0, "wind_chill": 16.9, "severity": 0, "alert_level": "none"}, {"day": 6, "date": "2026-07-01", "heat_index": 23.1, "wind_chill": 16.9, "severity": 0, "alert_level": "none"}]}}, {"type": "Feature", "geometry": {"type": "Polygon", "coordinates": [[[-11.123076923076923, 28.37837837837838], [-10.876923076923077, 28.37837837837838], [-10.876923076923077, 28.62162162162162], [-11.123076923076923, 28.62162162162162], [-11.123076923076923, 28.37837837837838]]]}, "properties": {"row": 30, "col": 24, "lat": 28.5, "lon": -11.0, "alert_level": "none", "severity": 0, "forecasts": [{"day": 0, "date": "2026-06-25", "heat_index": 20.5, "wind_chill": 15.1, "severity": 0, "alert_level": "none"}, {"day": 1, "date": "2026-06-26", "heat_index": 20.7, "wind_chill": 14.8, "severity": 0, "alert_level": "none"}, {"day": 2, "date": "2026-06-27", "heat_index": 21.3, "wind_chill": 15.2, "severity": 0, "alert_level": "none"}, {"day": 3, "date": "2026-06-28", "heat_index": 21.8, "wind_chill": 15.6, "severity": 0, "alert_level": "none"}, {"day": 4, "date": "2026-06-29", "heat_index": 22.2, "wind_chill": 15.8, "severity": 0, "alert_level": "none"}, {"day": 5, "date": "2026-06-30", "heat_index": 22.3, "wind_chill": 15.9, "severity": 0, "alert_level": "none"}, {"day": 6, "date": "2026-07-01", "heat_index": 22.3, "wind_chill": 15.9, "severity": 0, "alert_level": "none"}]}}, {"type": "Feature", "geometry": {"type": "Polygon", "coordinates": [[[-10.873076923076923, 28.37837837837838], [-10.626923076923077, 28.37837837837838], [-10.626923076923077, 28.62162162162162], [-10.873076923076923, 28.62162162162162], [-10.873076923076923, 28.37837837837838]]]}, "properties": {"row": 30, "col": 25, "lat": 28.5, "lon": -10.75, "alert_level": "none", "severity": 0, "forecasts": [{"day": 0, "date": "2026-06-25", "heat_index": 20.5, "wind_chill": 15.3, "severity": 0, "alert_level": "none"}, {"day": 1, "date": "2026-06-26", "heat_index": 21.6, "wind_chill": 15.0, "severity": 0, "alert_level": "none"}, {"day": 2, "date": "2026-06-27", "heat_index": 22.3, "wind_chill": 15.8, "severity": 0, "alert_level": "none"}, {"day": 3, "date": "2026-06-28", "heat_index": 22.7, "wind_chill": 16.3, "severity": 0, "alert_level": "none"}, {"day": 4, "date": "2026-06-29", "heat_index": 22.9, "wind_chill": 16.5, "severity": 0, "alert_level": "none"}, {"day": 5, "date": "2026-06-30", "heat_index": 23.1, "wind_chill": 16.6, "severity": 0, "alert_level": "none"}, {"day": 6, "date": "2026-07-01", "heat_index": 23.2, "wind_chill": 16.7, "severity": 0, "alert_level": "none"}]}}, {"type": "Feature", "geometry": {"type": "Polygon", "coordinates": [[[-10.623076923076923, 28.37837837837838], [-10.376923076923077, 28.37837837837838], [-10.376923076923077, 28.62162162162162], [-10.623076923076923, 28.62162162162162], [-10.623076923076923, 28.37837837837838]]]}, "properties": {"row": 30, "col": 26, "lat": 28.5, "lon": -10.5, "alert_level": "none", "severity": 0, "forecasts": [{"day": 0, "date": "2026-06-25", "heat_index": 21.6, "wind_chill": 15.3, "severity": 0, "alert_level": "none"}, {"day": 1, "date": "2026-06-26", "heat_index": 22.9, "wind_chill": 15.5, "severity": 0, "alert_level": "none"}, {"day": 2, "date": "2026-06-27", "heat_index": 23.8, "wind_chill": 16.3, "severity": 0, "alert_level": "none"}, {"day": 3, "date": "2026-06-28", "heat_index": 24.3, "wind_chill": 16.6, "severity": 0, "alert_level": "none"}, {"day": 4, "date": "2026-06-29", "heat_index": 24.6, "wind_chill": 16.8, "severity": 0, "alert_level": "none"}, {"day": 5, "date": "2026-06-30", "heat_index": 24.7, "wind_chill": 16.9, "severity": 0, "alert_level": "none"}, {"day": 6, "date": "2026-07-01", "heat_index": 24.8, "wind_chill": 16.9, "severity": 0, "alert_level": "none"}]}}, {"type": "Feature", "geometry": {"type": "Polygon", "coordinates": [[[-10.373076923076923, 28.37837837837838], [-10.126923076923077, 28.37837837837838], [-10.126923076923077, 28.62162162162162], [-10.373076923076923, 28.62162162162162], [-10.373076923076923, 28.37837837837838]]]}, "properties": {"row": 30, "col": 27, "lat": 28.5, "lon": -10.25, "alert_level": "none", "severity": 0, "forecasts": [{"day": 0, "date": "2026-06-25", "heat_index": 23.0, "wind_chill": 15.4, "severity": 0, "alert_level": "none"}, {"day": 1, "date": "2026-06-26", "heat_index": 24.0, "wind_chill": 15.1, "severity": 0, "alert_level": "none"}, {"day": 2, "date": "2026-06-27", "heat_index": 24.8, "wind_chill": 16.0, "severity": 0, "alert_level": "none"}, {"day": 3, "date": "2026-06-28", "heat_index": 25.3, "wind_chill": 16.3, "severity": 0, "alert_level": "none"}, {"day": 4, "date": "2026-06-29", "heat_index": 25.6, "wind_chill": 16.4, "severity": 0, "alert_level": "none"}, {"day": 5, "date": "2026-06-30", "heat_index": 25.9, "wind_chill": 16.5, "severity": 0, "alert_level": "none"}, {"day": 6, "date": "2026-07-01", "heat_index": 26.1, "wind_chill": 16.6, "severity": 0, "alert_level": "none"}]}}, {"type": "Feature", "geometry": {"type": "Polygon", "coordinates": [[[-10.123076923076923, 28.37837837837838], [-9.876923076923077, 28.37837837837838], [-9.876923076923077, 28.62162162162162], [-10.123076923076923, 28.62162162162162], [-10.123076923076923, 28.37837837837838]]]}, "properties": {"row": 30, "col": 28, "lat": 28.5, "lon": -10.0, "alert_level": "none", "severity": 0, "forecasts": [{"day": 0, "date": "2026-06-25", "heat_index": 24.2, "wind_chill": 15.3, "severity": 0, "alert_level": "none"}, {"day": 1, "date": "2026-06-26", "heat_index": 25.3, "wind_chill": 14.9, "severity": 0, "alert_level": "none"}, {"day": 2, "date": "2026-06-27", "heat_index": 26.1, "wind_chill": 15.7, "severity": 0, "alert_level": "none"}, {"day": 3, "date": "2026-06-28", "heat_index": 26.6, "wind_chill": 16.2, "severity": 0, "alert_level": "none"}, {"day": 4, "date": "2026-06-29", "heat_index": 26.9, "wind_chill": 16.3, "severity": 0, "alert_level": "none"}, {"day": 5, "date": "2026-06-30", "heat_index": 27.3, "wind_chill": 16.4, "severity": 0, "alert_level": "none"}, {"day": 6, "date": "2026-07-01", "heat_index": 27.5, "wind_chill": 16.6, "severity": 0, "alert_level": "none"}]}}, {"type": "Feature", "geometry": {"type": "Polygon", "coordinates": [[[-9.873076923076923, 28.37837837837838], [-9.626923076923077, 28.37837837837838], [-9.626923076923077, 28.62162162162162], [-9.873076923076923, 28.62162162162162], [-9.873076923076923, 28.37837837837838]]]}, "properties": {"row": 30, "col": 29, "lat": 28.5, "lon": -9.75, "alert_level": "none", "severity": 0, "forecasts": [{"day": 0, "date": "2026-06-25", "heat_index": 26.1, "wind_chill": 14.6, "severity": 0, "alert_level": "none"}, {"day": 1, "date": "2026-06-26", "heat_index": 26.8, "wind_chill": 14.3, "severity": 0, "alert_level": "none"}, {"day": 2, "date": "2026-06-27", "heat_index": 27.7, "wind_chill": 15.2, "severity": 0, "alert_level": "none"}, {"day": 3, "date": "2026-06-28", "heat_index": 28.2, "wind_chill": 15.8, "severity": 0, "alert_level": "none"}, {"day": 4, "date": "2026-06-29", "heat_index": 28.4, "wind_chill": 15.9, "severity": 0, "alert_level": "none"}, {"day": 5, "date": "2026-06-30", "heat_index": 28.9, "wind_chill": 16.1, "severity": 0, "alert_level": "none"}, {"day": 6, "date": "2026-07-01", "heat_index": 29.2, "wind_chill": 16.3, "severity": 0, "alert_level": "none"}]}}, {"type": "Feature", "geometry": {"type": "Polygon", "coordinates": [[[-9.623076923076923, 28.37837837837838], [-9.376923076923077, 28.37837837837838], [-9.376923076923077, 28.62162162162162], [-9.623076923076923, 28.62162162162162], [-9.623076923076923, 28.37837837837838]]]}, "properties": {"row": 30, "col": 30, "lat": 28.5, "lon": -9.5, "alert_level": "none", "severity": 0, "forecasts": [{"day": 0, "date": "2026-06-25", "heat_index": 30.3, "wind_chill": 15.3, "severity": 0, "alert_level": "none"}, {"day": 1, "date": "2026-06-26", "heat_index": 30.0, "wind_chill": 14.7, "severity": 0, "alert_level": "none"}, {"day": 2, "date": "2026-06-27", "heat_index": 30.3, "wind_chill": 15.3, "severity": 0, "alert_level": "none"}, {"day": 3, "date": "2026-06-28", "heat_index": 30.6, "wind_chill": 15.8, "severity": 0, "alert_level": "none"}, {"day": 4, "date": "2026-06-29", "heat_index": 30.7, "wind_chill": 15.9, "severity": 0, "alert_level": "none"}, {"day": 5, "date": "2026-06-30", "heat_index": 31.2, "wind_chill": 16.1, "severity": 0, "alert_level": "none"}, {"day": 6, "date": "2026-07-01", "heat_index": 31.5, "wind_chill": 16.3, "severity": 0, "alert_level": "none"}]}}, {"type": "Feature", "geometry": {"type": "Polygon", "coordinates": [[[-9.373076923076923, 28.37837837837838], [-9.126923076923077, 28.37837837837838], [-9.126923076923077, 28.62162162162162], [-9.373076923076923, 28.62162162162162], [-9.373076923076923, 28.37837837837838]]]}, "properties": {"row": 30, "col": 31, "lat": 28.5, "lon": -9.25, "alert_level": "orange", "severity": 2.0, "forecasts": [{"day": 0, "date": "2026-06-25", "heat_index": 33.8, "wind_chill": 15.8, "severity": 1.8, "alert_level": "yellow"}, {"day": 1, "date": "2026-06-26", "heat_index": 33.1, "wind_chill": 15.5, "severity": 1.1, "alert_level": "yellow"}, {"day": 2, "date": "2026-06-27", "heat_index": 33.1, "wind_chill": 16.2, "severity": 1.1, "alert_level": "yellow"}, {"day": 3, "date": "2026-06-28", "heat_index": 33.2, "wind_chill": 16.6, "severity": 1.2, "alert_level": "yellow"}, {"day": 4, "date": "2026-06-29", "heat_index": 33.2, "wind_chill": 16.7, "severity": 1.2, "alert_level": "yellow"}, {"day": 5, "date": "2026-06-30", "heat_index": 33.6, "wind_chill": 16.9, "severity": 1.6, "alert_level": "yellow"}, {"day": 6, "date": "2026-07-01", "heat_index": 34.0, "wind_chill": 17.1, "severity": 2.0, "alert_level": "orange"}]}}, {"type": "Feature", "geometry": {"type": "Polygon", "coordinates": [[[-9.123076923076923, 28.37837837837838], [-8.876923076923077, 28.37837837837838], [-8.876923076923077, 28.62162162162162], [-9.123076923076923, 28.62162162162162], [-9.123076923076923, 28.37837837837838]]]}, "properties": {"row": 30, "col": 32, "lat": 28.5, "lon": -9.0, "alert_level": "orange", "severity": 3.6, "forecasts": [{"day": 0, "date": "2026-06-25", "heat_index": 35.2, "wind_chill": 15.7, "severity": 3.2, "alert_level": "orange"}, {"day": 1, "date": "2026-06-26", "heat_index": 34.8, "wind_chill": 16.0, "severity": 2.8, "alert_level": "orange"}, {"day": 2, "date": "2026-06-27", "heat_index": 34.7, "wind_chill": 16.9, "severity": 2.7, "alert_level": "orange"}, {"day": 3, "date": "2026-06-28", "heat_index": 34.8, "wind_chill": 17.3, "severity": 2.8, "alert_level": "orange"}, {"day": 4, "date": "2026-06-29", "heat_index": 34.7, "wind_chill": 17.3, "severity": 2.7, "alert_level": "orange"}, {"day": 5, "date": "2026-06-30", "heat_index": 35.2, "wind_chill": 17.5, "severity": 3.2, "alert_level": "orange"}, {"day": 6, "date": "2026-07-01", "heat_index": 35.6, "wind_chill": 17.8, "severity": 3.6, "alert_level": "orange"}]}}, {"type": "Feature", "geometry": {"type": "Polygon", "coordinates": [[[-8.873076923076923, 28.37837837837838], [-8.626923076923077, 28.37837837837838], [-8.626923076923077, 28.62162162162162], [-8.873076923076923, 28.62162162162162], [-8.873076923076923, 28.37837837837838]]]}, "properties": {"row": 30, "col": 33, "lat": 28.5, "lon": -8.75, "alert_level": "orange", "severity": 4.5, "forecasts": [{"day": 0, "date": "2026-06-25", "heat_index": 35.8, "wind_chill": 15.4, "severity": 3.8, "alert_level": "orange"}, {"day": 1, "date": "2026-06-26", "heat_index": 35.6, "wind_chill": 16.1, "severity": 3.6, "alert_level": "orange"}, {"day": 2, "date": "2026-06-27", "heat_index": 35.4, "wind_chill": 17.1, "severity": 3.4, "alert_level": "orange"}, {"day": 3, "date": "2026-06-28", "heat_index": 35.5, "wind_chill": 17.5, "severity": 3.5, "alert_level": "orange"}, {"day": 4, "date": "2026-06-29", "heat_index": 35.5, "wind_chill": 17.5, "severity": 3.5, "alert_level": "orange"}, {"day": 5, "date": "2026-06-30", "heat_index": 36.1, "wind_chill": 17.9, "severity": 4.1, "alert_level": "orange"}, {"day": 6, "date": "2026-07-01", "heat_index": 36.5, "wind_chill": 18.2, "severity": 4.5, "alert_level": "orange"}]}}, {"type": "Feature", "geometry": {"type": "Polygon", "coordinates": [[[-11.623076923076923, 28.12837837837838], [-11.376923076923077, 28.12837837837838], [-11.376923076923077, 28.37162162162162], [-11.623076923076923, 28.37162162162162], [-11.623076923076923, 28.12837837837838]]]}, "properties": {"row": 31, "col": 22, "lat": 28.25, "lon": -11.5, "alert_level": "none", "severity": 0, "forecasts": [{"day": 0, "date": "2026-06-25", "heat_index": 22.2, "wind_chill": 17.3, "severity": 0, "alert_level": "none"}, {"day": 1, "date": "2026-06-26", "heat_index": 22.0, "wind_chill": 16.7, "severity": 0, "alert_level": "none"}, {"day": 2, "date": "2026-06-27", "heat_index": 22.3, "wind_chill": 17.2, "severity": 0, "alert_level": "none"}, {"day": 3, "date": "2026-06-28", "heat_index": 22.5, "wind_chill": 17.2, "severity": 0, "alert_level": "none"}, {"day": 4, "date": "2026-06-29", "heat_index": 22.7, "wind_chill": 17.4, "severity": 0, "alert_level": "none"}, {"day": 5, "date": "2026-06-30", "heat_index": 22.9, "wind_chill": 17.5, "severity": 0, "alert_level": "none"}, {"day": 6, "date": "2026-07-01", "heat_index": 23.1, "wind_chill": 17.6, "severity": 0, "alert_level": "none"}]}}, {"type": "Feature", "geometry": {"type": "Polygon", "coordinates": [[[-11.373076923076923, 28.12837837837838], [-11.126923076923077, 28.12837837837838], [-11.126923076923077, 28.37162162162162], [-11.373076923076923, 28.37162162162162], [-11.373076923076923, 28.12837837837838]]]}, "properties": {"row": 31, "col": 23, "lat": 28.25, "lon": -11.25, "alert_level": "none", "severity": 0, "forecasts": [{"day": 0, "date": "2026-06-25", "heat_index": 22.2, "wind_chill": 16.7, "severity": 0, "alert_level": "none"}, {"day": 1, "date": "2026-06-26", "heat_index": 22.6, "wind_chill": 16.1, "severity": 0, "alert_level": "none"}, {"day": 2, "date": "2026-06-27", "heat_index": 23.0, "wind_chill": 16.5, "severity": 0, "alert_level": "none"}, {"day": 3, "date": "2026-06-28", "heat_index": 23.2, "wind_chill": 16.8, "severity": 0, "alert_level": "none"}, {"day": 4, "date": "2026-06-29", "heat_index": 23.4, "wind_chill": 17.0, "severity": 0, "alert_level": "none"}, {"day": 5, "date": "2026-06-30", "heat_index": 23.5, "wind_chill": 17.1, "severity": 0, "alert_level": "none"}, {"day": 6, "date": "2026-07-01", "heat_index": 23.7, "wind_chill": 17.2, "severity": 0, "alert_level": "none"}]}}, {"type": "Feature", "geometry": {"type": "Polygon", "coordinates": [[[-11.123076923076923, 28.12837837837838], [-10.876923076923077, 28.12837837837838], [-10.876923076923077, 28.37162162162162], [-11.123076923076923, 28.37162162162162], [-11.123076923076923, 28.12837837837838]]]}, "properties": {"row": 31, "col": 24, "lat": 28.25, "lon": -11.0, "alert_level": "none", "severity": 0, "forecasts": [{"day": 0, "date": "2026-06-25", "heat_index": 21.5, "wind_chill": 16.1, "severity": 0, "alert_level": "none"}, {"day": 1, "date": "2026-06-26", "heat_index": 22.5, "wind_chill": 15.5, "severity": 0, "alert_level": "none"}, {"day": 2, "date": "2026-06-27", "heat_index": 23.2, "wind_chill": 16.2, "severity": 0, "alert_level": "none"}, {"day": 3, "date": "2026-06-28", "heat_index": 23.6, "wind_chill": 16.5, "severity": 0, "alert_level": "none"}, {"day": 4, "date": "2026-06-29", "heat_index": 23.9, "wind_chill": 16.8, "severity": 0, "alert_level": "none"}, {"day": 5, "date": "2026-06-30", "heat_index": 24.0, "wind_chill": 16.9, "severity": 0, "alert_level": "none"}, {"day": 6, "date": "2026-07-01", "heat_index": 24.2, "wind_chill": 17.0, "severity": 0, "alert_level": "none"}]}}, {"type": "Feature", "geometry": {"type": "Polygon", "coordinates": [[[-10.873076923076923, 28.12837837837838], [-10.626923076923077, 28.12837837837838], [-10.626923076923077, 28.37162162162162], [-10.873076923076923, 28.37162162162162], [-10.873076923076923, 28.12837837837838]]]}, "properties": {"row": 31, "col": 25, "lat": 28.25, "lon": -10.75, "alert_level": "none", "severity": 0, "forecasts": [{"day": 0, "date": "2026-06-25", "heat_index": 22.0, "wind_chill": 15.8, "severity": 0, "alert_level": "none"}, {"day": 1, "date": "2026-06-26", "heat_index": 22.7, "wind_chill": 15.4, "severity": 0, "alert_level": "none"}, {"day": 2, "date": "2026-06-27", "heat_index": 23.4, "wind_chill": 16.1, "severity": 0, "alert_level": "none"}, {"day": 3, "date": "2026-06-28", "heat_index": 24.1, "wind_chill": 16.4, "severity": 0, "alert_level": "none"}, {"day": 4, "date": "2026-06-29", "heat_index": 24.4, "wind_chill": 16.6, "severity": 0, "alert_level": "none"}, {"day": 5, "date": "2026-06-30", "heat_index": 24.6, "wind_chill": 16.7, "severity": 0, "alert_level": "none"}, {"day": 6, "date": "2026-07-01", "heat_index": 24.7, "wind_chill": 16.8, "severity": 0, "alert_level": "none"}]}}, {"type": "Feature", "geometry": {"type": "Polygon", "coordinates": [[[-10.623076923076923, 28.12837837837838], [-10.376923076923077, 28.12837837837838], [-10.376923076923077, 28.37162162162162], [-10.623076923076923, 28.37162162162162], [-10.623076923076923, 28.12837837837838]]]}, "properties": {"row": 31, "col": 26, "lat": 28.25, "lon": -10.5, "alert_level": "none", "severity": 0, "forecasts": [{"day": 0, "date": "2026-06-25", "heat_index": 22.7, "wind_chill": 15.8, "severity": 0, "alert_level": "none"}, {"day": 1, "date": "2026-06-26", "heat_index": 23.6, "wind_chill": 15.1, "severity": 0, "alert_level": "none"}, {"day": 2, "date": "2026-06-27", "heat_index": 24.5, "wind_chill": 15.9, "severity": 0, "alert_level": "none"}, {"day": 3, "date": "2026-06-28", "heat_index": 25.1, "wind_chill": 16.4, "severity": 0, "alert_level": "none"}, {"day": 4, "date": "2026-06-29", "heat_index": 25.5, "wind_chill": 16.5, "severity": 0, "alert_level": "none"}, {"day": 5, "date": "2026-06-30", "heat_index": 25.7, "wind_chill": 16.7, "severity": 0, "alert_level": "none"}, {"day": 6, "date": "2026-07-01", "heat_index": 25.9, "wind_chill": 16.8, "severity": 0, "alert_level": "none"}]}}, {"type": "Feature", "geometry": {"type": "Polygon", "coordinates": [[[-10.373076923076923, 28.12837837837838], [-10.126923076923077, 28.12837837837838], [-10.126923076923077, 28.37162162162162], [-10.373076923076923, 28.37162162162162], [-10.373076923076923, 28.12837837837838]]]}, "properties": {"row": 31, "col": 27, "lat": 28.25, "lon": -10.25, "alert_level": "none", "severity": 0, "forecasts": [{"day": 0, "date": "2026-06-25", "heat_index": 23.9, "wind_chill": 15.4, "severity": 0, "alert_level": "none"}, {"day": 1, "date": "2026-06-26", "heat_index": 24.8, "wind_chill": 14.9, "severity": 0, "alert_level": "none"}, {"day": 2, "date": "2026-06-27", "heat_index": 25.7, "wind_chill": 15.6, "severity": 0, "alert_level": "none"}, {"day": 3, "date": "2026-06-28", "heat_index": 26.1, "wind_chill": 16.0, "severity": 0, "alert_level": "none"}, {"day": 4, "date": "2026-06-29", "heat_index": 26.4, "wind_chill": 16.2, "severity": 0, "alert_level": "none"}, {"day": 5, "date": "2026-06-30", "heat_index": 26.8, "wind_chill": 16.3, "severity": 0, "alert_level": "none"}, {"day": 6, "date": "2026-07-01", "heat_index": 27.0, "wind_chill": 16.4, "severity": 0, "alert_level": "none"}]}}, {"type": "Feature", "geometry": {"type": "Polygon", "coordinates": [[[-10.123076923076923, 28.12837837837838], [-9.876923076923077, 28.12837837837838], [-9.876923076923077, 28.37162162162162], [-10.123076923076923, 28.37162162162162], [-10.123076923076923, 28.12837837837838]]]}, "properties": {"row": 31, "col": 28, "lat": 28.25, "lon": -10.0, "alert_level": "none", "severity": 0, "forecasts": [{"day": 0, "date": "2026-06-25", "heat_index": 25.3, "wind_chill": 14.7, "severity": 0, "alert_level": "none"}, {"day": 1, "date": "2026-06-26", "heat_index": 25.9, "wind_chill": 14.3, "severity": 0, "alert_level": "none"}, {"day": 2, "date": "2026-06-27", "heat_index": 26.8, "wind_chill": 15.2, "severity": 0, "alert_level": "none"}, {"day": 3, "date": "2026-06-28", "heat_index": 27.3, "wind_chill": 15.7, "severity": 0, "alert_level": "none"}, {"day": 4, "date": "2026-06-29", "heat_index": 27.5, "wind_chill": 15.8, "severity": 0, "alert_level": "none"}, {"day": 5, "date": "2026-06-30", "heat_index": 27.9, "wind_chill": 16.0, "severity": 0, "alert_level": "none"}, {"day": 6, "date": "2026-07-01", "heat_index": 28.2, "wind_chill": 16.2, "severity": 0, "alert_level": "none"}]}}, {"type": "Feature", "geometry": {"type": "Polygon", "coordinates": [[[-9.873076923076923, 28.12837837837838], [-9.626923076923077, 28.12837837837838], [-9.626923076923077, 28.37162162162162], [-9.873076923076923, 28.37162162162162], [-9.873076923076923, 28.12837837837838]]]}, "properties": {"row": 31, "col": 29, "lat": 28.25, "lon": -9.75, "alert_level": "none", "severity": 0, "forecasts": [{"day": 0, "date": "2026-06-25", "heat_index": 27.6, "wind_chill": 14.5, "severity": 0, "alert_level": "none"}, {"day": 1, "date": "2026-06-26", "heat_index": 27.7, "wind_chill": 13.9, "severity": 0, "alert_level": "none"}, {"day": 2, "date": "2026-06-27", "heat_index": 28.5, "wind_chill": 14.7, "severity": 0, "alert_level": "none"}, {"day": 3, "date": "2026-06-28", "heat_index": 28.9, "wind_chill": 15.3, "severity": 0, "alert_level": "none"}, {"day": 4, "date": "2026-06-29", "heat_index": 29.1, "wind_chill": 15.4, "severity": 0, "alert_level": "none"}, {"day": 5, "date": "2026-06-30", "heat_index": 29.5, "wind_chill": 15.6, "severity": 0, "alert_level": "none"}, {"day": 6, "date": "2026-07-01", "heat_index": 29.9, "wind_chill": 15.9, "severity": 0, "alert_level": "none"}]}}, {"type": "Feature", "geometry": {"type": "Polygon", "coordinates": [[[-9.623076923076923, 28.12837837837838], [-9.376923076923077, 28.12837837837838], [-9.376923076923077, 28.37162162162162], [-9.623076923076923, 28.37162162162162], [-9.623076923076923, 28.12837837837838]]]}, "properties": {"row": 31, "col": 30, "lat": 28.25, "lon": -9.5, "alert_level": "yellow", "severity": 0.2, "forecasts": [{"day": 0, "date": "2026-06-25", "heat_index": 31.0, "wind_chill": 15.0, "severity": 0, "alert_level": "none"}, {"day": 1, "date": "2026-06-26", "heat_index": 30.6, "wind_chill": 14.4, "severity": 0, "alert_level": "none"}, {"day": 2, "date": "2026-06-27", "heat_index": 31.1, "wind_chill": 15.1, "severity": 0, "alert_level": "none"}, {"day": 3, "date": "2026-06-28", "heat_index": 31.3, "wind_chill": 15.7, "severity": 0, "alert_level": "none"}, {"day": 4, "date": "2026-06-29", "heat_index": 31.4, "wind_chill": 15.8, "severity": 0, "alert_level": "none"}, {"day": 5, "date": "2026-06-30", "heat_index": 31.8, "wind_chill": 16.0, "severity": 0, "alert_level": "none"}, {"day": 6, "date": "2026-07-01", "heat_index": 32.2, "wind_chill": 16.3, "severity": 0.2, "alert_level": "yellow"}]}}, {"type": "Feature", "geometry": {"type": "Polygon", "coordinates": [[[-9.373076923076923, 28.12837837837838], [-9.126923076923077, 28.12837837837838], [-9.126923076923077, 28.37162162162162], [-9.373076923076923, 28.37162162162162], [-9.373076923076923, 28.12837837837838]]]}, "properties": {"row": 31, "col": 31, "lat": 28.25, "lon": -9.25, "alert_level": "orange", "severity": 2.1, "forecasts": [{"day": 0, "date": "2026-06-25", "heat_index": 33.0, "wind_chill": 15.1, "severity": 1.0, "alert_level": "yellow"}, {"day": 1, "date": "2026-06-26", "heat_index": 32.9, "wind_chill": 14.9, "severity": 0.9, "alert_level": "yellow"}, {"day": 2, "date": "2026-06-27", "heat_index": 33.1, "wind_chill": 15.8, "severity": 1.1, "alert_level": "yellow"}, {"day": 3, "date": "2026-06-28", "heat_index": 33.3, "wind_chill": 16.3, "severity": 1.3, "alert_level": "yellow"}, {"day": 4, "date": "2026-06-29", "heat_index": 33.2, "wind_chill": 16.3, "severity": 1.2, "alert_level": "yellow"}, {"day": 5, "date": "2026-06-30", "heat_index": 33.7, "wind_chill": 16.6, "severity": 1.7, "alert_level": "yellow"}, {"day": 6, "date": "2026-07-01", "heat_index": 34.1, "wind_chill": 16.9, "severity": 2.1, "alert_level": "orange"}]}}, {"type": "Feature", "geometry": {"type": "Polygon", "coordinates": [[[-9.123076923076923, 28.12837837837838], [-8.876923076923077, 28.12837837837838], [-8.876923076923077, 28.37162162162162], [-9.123076923076923, 28.37162162162162], [-9.123076923076923, 28.12837837837838]]]}, "properties": {"row": 31, "col": 32, "lat": 28.25, "lon": -9.0, "alert_level": "orange", "severity": 3.1, "forecasts": [{"day": 0, "date": "2026-06-25", "heat_index": 33.9, "wind_chill": 14.8, "severity": 1.9, "alert_level": "yellow"}, {"day": 1, "date": "2026-06-26", "heat_index": 33.8, "wind_chill": 15.0, "severity": 1.8, "alert_level": "yellow"}, {"day": 2, "date": "2026-06-27", "heat_index": 34.0, "wind_chill": 16.0, "severity": 2.0, "alert_level": "orange"}, {"day": 3, "date": "2026-06-28", "heat_index": 34.1, "wind_chill": 16.5, "severity": 2.1, "alert_level": "orange"}, {"day": 4, "date": "2026-06-29", "heat_index": 34.1, "wind_chill": 16.5, "severity": 2.1, "alert_level": "orange"}, {"day": 5, "date": "2026-06-30", "heat_index": 34.7, "wind_chill": 16.8, "severity": 2.7, "alert_level": "orange"}, {"day": 6, "date": "2026-07-01", "heat_index": 35.1, "wind_chill": 17.2, "severity": 3.1, "alert_level": "orange"}]}}, {"type": "Feature", "geometry": {"type": "Polygon", "coordinates": [[[-8.873076923076923, 28.12837837837838], [-8.626923076923077, 28.12837837837838], [-8.626923076923077, 28.37162162162162], [-8.873076923076923, 28.37162162162162], [-8.873076923076923, 28.12837837837838]]]}, "properties": {"row": 31, "col": 33, "lat": 28.25, "lon": -8.75, "alert_level": "orange", "severity": 3.6, "forecasts": [{"day": 0, "date": "2026-06-25", "heat_index": 34.4, "wind_chill": 14.6, "severity": 2.4, "alert_level": "orange"}, {"day": 1, "date": "2026-06-26", "heat_index": 34.3, "wind_chill": 15.0, "severity": 2.3, "alert_level": "orange"}, {"day": 2, "date": "2026-06-27", "heat_index": 34.4, "wind_chill": 16.0, "severity": 2.4, "alert_level": "orange"}, {"day": 3, "date": "2026-06-28", "heat_index": 34.5, "wind_chill": 16.5, "severity": 2.5, "alert_level": "orange"}, {"day": 4, "date": "2026-06-29", "heat_index": 34.5, "wind_chill": 16.5, "severity": 2.5, "alert_level": "orange"}, {"day": 5, "date": "2026-06-30", "heat_index": 35.1, "wind_chill": 16.9, "severity": 3.1, "alert_level": "orange"}, {"day": 6, "date": "2026-07-01", "heat_index": 35.6, "wind_chill": 17.3, "severity": 3.6, "alert_level": "orange"}]}}, {"type": "Feature", "geometry": {"type": "Polygon", "coordinates": [[[-12.123076923076923, 27.87837837837838], [-11.876923076923077, 27.87837837837838], [-11.876923076923077, 28.12162162162162], [-12.123076923076923, 28.12162162162162], [-12.123076923076923, 27.87837837837838]]]}, "properties": {"row": 32, "col": 20, "lat": 28.0, "lon": -12.0, "alert_level": "none", "severity": 0, "forecasts": [{"day": 0, "date": "2026-06-25", "heat_index": 25.7, "wind_chill": 20.9, "severity": 0, "alert_level": "none"}, {"day": 1, "date": "2026-06-26", "heat_index": 23.9, "wind_chill": 17.3, "severity": 0, "alert_level": "none"}, {"day": 2, "date": "2026-06-27", "heat_index": 23.2, "wind_chill": 17.1, "severity": 0, "alert_level": "none"}, {"day": 3, "date": "2026-06-28", "heat_index": 23.0, "wind_chill": 17.1, "severity": 0, "alert_level": "none"}, {"day": 4, "date": "2026-06-29", "heat_index": 22.9, "wind_chill": 17.1, "severity": 0, "alert_level": "none"}, {"day": 5, "date": "2026-06-30", "heat_index": 22.9, "wind_chill": 17.2, "severity": 0, "alert_level": "none"}, {"day": 6, "date": "2026-07-01", "heat_index": 22.9, "wind_chill": 17.2, "severity": 0, "alert_level": "none"}]}}, {"type": "Feature", "geometry": {"type": "Polygon", "coordinates": [[[-11.873076923076923, 27.87837837837838], [-11.626923076923077, 27.87837837837838], [-11.626923076923077, 28.12162162162162], [-11.873076923076923, 28.12162162162162], [-11.873076923076923, 27.87837837837838]]]}, "properties": {"row": 32, "col": 21, "lat": 28.0, "lon": -11.75, "alert_level": "none", "severity": 0, "forecasts": [{"day": 0, "date": "2026-06-25", "heat_index": 23.8, "wind_chill": 17.5, "severity": 0, "alert_level": "none"}, {"day": 1, "date": "2026-06-26", "heat_index": 22.7, "wind_chill": 16.9, "severity": 0, "alert_level": "none"}, {"day": 2, "date": "2026-06-27", "heat_index": 22.6, "wind_chill": 17.1, "severity": 0, "alert_level": "none"}, {"day": 3, "date": "2026-06-28", "heat_index": 23.0, "wind_chill": 17.2, "severity": 0, "alert_level": "none"}, {"day": 4, "date": "2026-06-29", "heat_index": 23.1, "wind_chill": 17.3, "severity": 0, "alert_level": "none"}, {"day": 5, "date": "2026-06-30", "heat_index": 23.2, "wind_chill": 17.4, "severity": 0, "alert_level": "none"}, {"day": 6, "date": "2026-07-01", "heat_index": 23.2, "wind_chill": 17.5, "severity": 0, "alert_level": "none"}]}}, {"type": "Feature", "geometry": {"type": "Polygon", "coordinates": [[[-11.623076923076923, 27.87837837837838], [-11.376923076923077, 27.87837837837838], [-11.376923076923077, 28.12162162162162], [-11.623076923076923, 28.12162162162162], [-11.623076923076923, 27.87837837837838]]]}, "properties": {"row": 32, "col": 22, "lat": 28.0, "lon": -11.5, "alert_level": "none", "severity": 0, "forecasts": [{"day": 0, "date": "2026-06-25", "heat_index": 22.7, "wind_chill": 16.9, "severity": 0, "alert_level": "none"}, {"day": 1, "date": "2026-06-26", "heat_index": 23.1, "wind_chill": 16.5, "severity": 0, "alert_level": "none"}, {"day": 2, "date": "2026-06-27", "heat_index": 23.2, "wind_chill": 16.9, "severity": 0, "alert_level": "none"}, {"day": 3, "date": "2026-06-28", "heat_index": 23.4, "wind_chill": 17.0, "severity": 0, "alert_level": "none"}, {"day": 4, "date": "2026-06-29", "heat_index": 23.5, "wind_chill": 17.1, "severity": 0, "alert_level": "none"}, {"day": 5, "date": "2026-06-30", "heat_index": 23.7, "wind_chill": 17.2, "severity": 0, "alert_level": "none"}, {"day": 6, "date": "2026-07-01", "heat_index": 23.8, "wind_chill": 17.3, "severity": 0, "alert_level": "none"}]}}, {"type": "Feature", "geometry": {"type": "Polygon", "coordinates": [[[-11.373076923076923, 27.87837837837838], [-11.126923076923077, 27.87837837837838], [-11.126923076923077, 28.12162162162162], [-11.373076923076923, 28.12162162162162], [-11.373076923076923, 27.87837837837838]]]}, "properties": {"row": 32, "col": 23, "lat": 28.0, "lon": -11.25, "alert_level": "none", "severity": 0, "forecasts": [{"day": 0, "date": "2026-06-25", "heat_index": 22.0, "wind_chill": 15.7, "severity": 0, "alert_level": "none"}, {"day": 1, "date": "2026-06-26", "heat_index": 23.1, "wind_chill": 15.9, "severity": 0, "alert_level": "none"}, {"day": 2, "date": "2026-06-27", "heat_index": 23.4, "wind_chill": 16.3, "severity": 0, "alert_level": "none"}, {"day": 3, "date": "2026-06-28", "heat_index": 23.8, "wind_chill": 16.6, "severity": 0, "alert_level": "none"}, {"day": 4, "date": "2026-06-29", "heat_index": 24.0, "wind_chill": 16.7, "severity": 0, "alert_level": "none"}, {"day": 5, "date": "2026-06-30", "heat_index": 24.1, "wind_chill": 16.7, "severity": 0, "alert_level": "none"}, {"day": 6, "date": "2026-07-01", "heat_index": 24.2, "wind_chill": 16.8, "severity": 0, "alert_level": "none"}]}}, {"type": "Feature", "geometry": {"type": "Polygon", "coordinates": [[[-11.123076923076923, 27.87837837837838], [-10.876923076923077, 27.87837837837838], [-10.876923076923077, 28.12162162162162], [-11.123076923076923, 28.12162162162162], [-11.123076923076923, 27.87837837837838]]]}, "properties": {"row": 32, "col": 24, "lat": 28.0, "lon": -11.0, "alert_level": "none", "severity": 0, "forecasts": [{"day": 0, "date": "2026-06-25", "heat_index": 21.9, "wind_chill": 15.5, "severity": 0, "alert_level": "none"}, {"day": 1, "date": "2026-06-26", "heat_index": 23.1, "wind_chill": 15.2, "severity": 0, "alert_level": "none"}, {"day": 2, "date": "2026-06-27", "heat_index": 23.6, "wind_chill": 15.9, "severity": 0, "alert_level": "none"}, {"day": 3, "date": "2026-06-28", "heat_index": 24.2, "wind_chill": 16.2, "severity": 0, "alert_level": "none"}, {"day": 4, "date": "2026-06-29", "heat_index": 24.6, "wind_chill": 16.4, "severity": 0, "alert_level": "none"}, {"day": 5, "date": "2026-06-30", "heat_index": 24.8, "wind_chill": 16.5, "severity": 0, "alert_level": "none"}, {"day": 6, "date": "2026-07-01", "heat_index": 25.0, "wind_chill": 16.5, "severity": 0, "alert_level": "none"}]}}, {"type": "Feature", "geometry": {"type": "Polygon", "coordinates": [[[-10.873076923076923, 27.87837837837838], [-10.626923076923077, 27.87837837837838], [-10.626923076923077, 28.12162162162162], [-10.873076923076923, 28.12162162162162], [-10.873076923076923, 27.87837837837838]]]}, "properties": {"row": 32, "col": 25, "lat": 28.0, "lon": -10.75, "alert_level": "none", "severity": 0, "forecasts": [{"day": 0, "date": "2026-06-25", "heat_index": 22.3, "wind_chill": 15.4, "severity": 0, "alert_level": "none"}, {"day": 1, "date": "2026-06-26", "heat_index": 23.7, "wind_chill": 14.9, "severity": 0, "alert_level": "none"}, {"day": 2, "date": "2026-06-27", "heat_index": 24.2, "wind_chill": 15.6, "severity": 0, "alert_level": "none"}, {"day": 3, "date": "2026-06-28", "heat_index": 24.8, "wind_chill": 15.9, "severity": 0, "alert_level": "none"}, {"day": 4, "date": "2026-06-29", "heat_index": 25.1, "wind_chill": 16.1, "severity": 0, "alert_level": "none"}, {"day": 5, "date": "2026-06-30", "heat_index": 25.4, "wind_chill": 16.1, "severity": 0, "alert_level": "none"}, {"day": 6, "date": "2026-07-01", "heat_index": 25.6, "wind_chill": 16.2, "severity": 0, "alert_level": "none"}]}}, {"type": "Feature", "geometry": {"type": "Polygon", "coordinates": [[[-10.623076923076923, 27.87837837837838], [-10.376923076923077, 27.87837837837838], [-10.376923076923077, 28.12162162162162], [-10.623076923076923, 28.12162162162162], [-10.623076923076923, 27.87837837837838]]]}, "properties": {"row": 32, "col": 26, "lat": 28.0, "lon": -10.5, "alert_level": "none", "severity": 0, "forecasts": [{"day": 0, "date": "2026-06-25", "heat_index": 23.0, "wind_chill": 14.9, "severity": 0, "alert_level": "none"}, {"day": 1, "date": "2026-06-26", "heat_index": 24.1, "wind_chill": 14.5, "severity": 0, "alert_level": "none"}, {"day": 2, "date": "2026-06-27", "heat_index": 24.7, "wind_chill": 15.0, "severity": 0, "alert_level": "none"}, {"day": 3, "date": "2026-06-28", "heat_index": 25.2, "wind_chill": 15.5, "severity": 0, "alert_level": "none"}, {"day": 4, "date": "2026-06-29", "heat_index": 25.4, "wind_chill": 15.6, "severity": 0, "alert_level": "none"}, {"day": 5, "date": "2026-06-30", "heat_index": 25.8, "wind_chill": 15.7, "severity": 0, "alert_level": "none"}, {"day": 6, "date": "2026-07-01", "heat_index": 26.0, "wind_chill": 15.9, "severity": 0, "alert_level": "none"}]}}, {"type": "Feature", "geometry": {"type": "Polygon", "coordinates": [[[-10.373076923076923, 27.87837837837838], [-10.126923076923077, 27.87837837837838], [-10.126923076923077, 28.12162162162162], [-10.373076923076923, 28.12162162162162], [-10.373076923076923, 27.87837837837838]]]}, "properties": {"row": 32, "col": 27, "lat": 28.0, "lon": -10.25, "alert_level": "none", "severity": 0, "forecasts": [{"day": 0, "date": "2026-06-25", "heat_index": 24.3, "wind_chill": 14.4, "severity": 0, "alert_level": "none"}, {"day": 1, "date": "2026-06-26", "heat_index": 25.2, "wind_chill": 14.0, "severity": 0, "alert_level": "none"}, {"day": 2, "date": "2026-06-27", "heat_index": 25.8, "wind_chill": 14.6, "severity": 0, "alert_level": "none"}, {"day": 3, "date": "2026-06-28", "heat_index": 26.1, "wind_chill": 15.0, "severity": 0, "alert_level": "none"}, {"day": 4, "date": "2026-06-29", "heat_index": 26.3, "wind_chill": 15.1, "severity": 0, "alert_level": "none"}, {"day": 5, "date": "2026-06-30", "heat_index": 26.6, "wind_chill": 15.2, "severity": 0, "alert_level": "none"}, {"day": 6, "date": "2026-07-01", "heat_index": 26.9, "wind_chill": 15.4, "severity": 0, "alert_level": "none"}]}}, {"type": "Feature", "geometry": {"type": "Polygon", "coordinates": [[[-10.123076923076923, 27.87837837837838], [-9.876923076923077, 27.87837837837838], [-9.876923076923077, 28.12162162162162], [-10.123076923076923, 28.12162162162162], [-10.123076923076923, 27.87837837837838]]]}, "properties": {"row": 32, "col": 28, "lat": 28.0, "lon": -10.0, "alert_level": "none", "severity": 0, "forecasts": [{"day": 0, "date": "2026-06-25", "heat_index": 26.0, "wind_chill": 14.1, "severity": 0, "alert_level": "none"}, {"day": 1, "date": "2026-06-26", "heat_index": 26.3, "wind_chill": 13.5, "severity": 0, "alert_level": "none"}, {"day": 2, "date": "2026-06-27", "heat_index": 27.0, "wind_chill": 14.2, "severity": 0, "alert_level": "none"}, {"day": 3, "date": "2026-06-28", "heat_index": 27.2, "wind_chill": 14.6, "severity": 0, "alert_level": "none"}, {"day": 4, "date": "2026-06-29", "heat_index": 27.3, "wind_chill": 14.7, "severity": 0, "alert_level": "none"}, {"day": 5, "date": "2026-06-30", "heat_index": 27.7, "wind_chill": 14.9, "severity": 0, "alert_level": "none"}, {"day": 6, "date": "2026-07-01", "heat_index": 28.1, "wind_chill": 15.1, "severity": 0, "alert_level": "none"}]}}, {"type": "Feature", "geometry": {"type": "Polygon", "coordinates": [[[-9.873076923076923, 27.87837837837838], [-9.626923076923077, 27.87837837837838], [-9.626923076923077, 28.12162162162162], [-9.873076923076923, 28.12162162162162], [-9.873076923076923, 27.87837837837838]]]}, "properties": {"row": 32, "col": 29, "lat": 28.0, "lon": -9.75, "alert_level": "none", "severity": 0, "forecasts": [{"day": 0, "date": "2026-06-25", "heat_index": 28.3, "wind_chill": 14.0, "severity": 0, "alert_level": "none"}, {"day": 1, "date": "2026-06-26", "heat_index": 28.1, "wind_chill": 13.4, "severity": 0, "alert_level": "none"}, {"day": 2, "date": "2026-06-27", "heat_index": 28.7, "wind_chill": 14.1, "severity": 0, "alert_level": "none"}, {"day": 3, "date": "2026-06-28", "heat_index": 28.9, "wind_chill": 14.5, "severity": 0, "alert_level": "none"}, {"day": 4, "date": "2026-06-29", "heat_index": 28.9, "wind_chill": 14.6, "severity": 0, "alert_level": "none"}, {"day": 5, "date": "2026-06-30", "heat_index": 29.4, "wind_chill": 14.8, "severity": 0, "alert_level": "none"}, {"day": 6, "date": "2026-07-01", "heat_index": 29.7, "wind_chill": 15.0, "severity": 0, "alert_level": "none"}]}}, {"type": "Feature", "geometry": {"type": "Polygon", "coordinates": [[[-9.623076923076923, 27.87837837837838], [-9.376923076923077, 27.87837837837838], [-9.376923076923077, 28.12162162162162], [-9.623076923076923, 28.12162162162162], [-9.623076923076923, 27.87837837837838]]]}, "properties": {"row": 32, "col": 30, "lat": 28.0, "lon": -9.5, "alert_level": "none", "severity": 0, "forecasts": [{"day": 0, "date": "2026-06-25", "heat_index": 30.5, "wind_chill": 14.1, "severity": 0, "alert_level": "none"}, {"day": 1, "date": "2026-06-26", "heat_index": 30.2, "wind_chill": 13.7, "severity": 0, "alert_level": "none"}, {"day": 2, "date": "2026-06-27", "heat_index": 30.5, "wind_chill": 14.4, "severity": 0, "alert_level": "none"}, {"day": 3, "date": "2026-06-28", "heat_index": 30.6, "wind_chill": 14.8, "severity": 0, "alert_level": "none"}, {"day": 4, "date": "2026-06-29", "heat_index": 30.6, "wind_chill": 14.8, "severity": 0, "alert_level": "none"}, {"day": 5, "date": "2026-06-30", "heat_index": 31.1, "wind_chill": 15.0, "severity": 0, "alert_level": "none"}, {"day": 6, "date": "2026-07-01", "heat_index": 31.5, "wind_chill": 15.3, "severity": 0, "alert_level": "none"}]}}, {"type": "Feature", "geometry": {"type": "Polygon", "coordinates": [[[-9.373076923076923, 27.87837837837838], [-9.126923076923077, 27.87837837837838], [-9.126923076923077, 28.12162162162162], [-9.373076923076923, 28.12162162162162], [-9.373076923076923, 27.87837837837838]]]}, "properties": {"row": 32, "col": 31, "lat": 28.0, "lon": -9.25, "alert_level": "yellow", "severity": 0.7, "forecasts": [{"day": 0, "date": "2026-06-25", "heat_index": 31.8, "wind_chill": 14.1, "severity": 0, "alert_level": "none"}, {"day": 1, "date": "2026-06-26", "heat_index": 31.6, "wind_chill": 14.0, "severity": 0, "alert_level": "none"}, {"day": 2, "date": "2026-06-27", "heat_index": 31.7, "wind_chill": 14.7, "severity": 0, "alert_level": "none"}, {"day": 3, "date": "2026-06-28", "heat_index": 31.8, "wind_chill": 15.0, "severity": 0, "alert_level": "none"}, {"day": 4, "date": "2026-06-29", "heat_index": 31.8, "wind_chill": 15.0, "severity": 0, "alert_level": "none"}, {"day": 5, "date": "2026-06-30", "heat_index": 32.3, "wind_chill": 15.3, "severity": 0.3, "alert_level": "yellow"}, {"day": 6, "date": "2026-07-01", "heat_index": 32.7, "wind_chill": 15.6, "severity": 0.7, "alert_level": "yellow"}]}}, {"type": "Feature", "geometry": {"type": "Polygon", "coordinates": [[[-9.123076923076923, 27.87837837837838], [-8.876923076923077, 27.87837837837838], [-8.876923076923077, 28.12162162162162], [-9.123076923076923, 28.12162162162162], [-9.123076923076923, 27.87837837837838]]]}, "properties": {"row": 32, "col": 32, "lat": 28.0, "lon": -9.0, "alert_level": "yellow", "severity": 1.5, "forecasts": [{"day": 0, "date": "2026-06-25", "heat_index": 32.5, "wind_chill": 13.9, "severity": 0.5, "alert_level": "yellow"}, {"day": 1, "date": "2026-06-26", "heat_index": 32.4, "wind_chill": 14.1, "severity": 0.4, "alert_level": "yellow"}, {"day": 2, "date": "2026-06-27", "heat_index": 32.4, "wind_chill": 14.8, "severity": 0.4, "alert_level": "yellow"}, {"day": 3, "date": "2026-06-28", "heat_index": 32.5, "wind_chill": 15.2, "severity": 0.5, "alert_level": "yellow"}, {"day": 4, "date": "2026-06-29", "heat_index": 32.5, "wind_chill": 15.1, "severity": 0.5, "alert_level": "yellow"}, {"day": 5, "date": "2026-06-30", "heat_index": 33.0, "wind_chill": 15.5, "severity": 1.0, "alert_level": "yellow"}, {"day": 6, "date": "2026-07-01", "heat_index": 33.5, "wind_chill": 15.9, "severity": 1.5, "alert_level": "yellow"}]}}, {"type": "Feature", "geometry": {"type": "Polygon", "coordinates": [[[-8.873076923076923, 27.87837837837838], [-8.626923076923077, 27.87837837837838], [-8.626923076923077, 28.12162162162162], [-8.873076923076923, 28.12162162162162], [-8.873076923076923, 27.87837837837838]]]}, "properties": {"row": 32, "col": 33, "lat": 28.0, "lon": -8.75, "alert_level": "orange", "severity": 2.2, "forecasts": [{"day": 0, "date": "2026-06-25", "heat_index": 33.3, "wind_chill": 14.0, "severity": 1.3, "alert_level": "yellow"}, {"day": 1, "date": "2026-06-26", "heat_index": 33.1, "wind_chill": 14.4, "severity": 1.1, "alert_level": "yellow"}, {"day": 2, "date": "2026-06-27", "heat_index": 33.0, "wind_chill": 15.1, "severity": 1.0, "alert_level": "yellow"}, {"day": 3, "date": "2026-06-28", "heat_index": 33.0, "wind_chill": 15.4, "severity": 1.0, "alert_level": "yellow"}, {"day": 4, "date": "2026-06-29", "heat_index": 33.0, "wind_chill": 15.4, "severity": 1.0, "alert_level": "yellow"}, {"day": 5, "date": "2026-06-30", "heat_index": 33.7, "wind_chill": 15.8, "severity": 1.7, "alert_level": "yellow"}, {"day": 6, "date": "2026-07-01", "heat_index": 34.2, "wind_chill": 16.2, "severity": 2.2, "alert_level": "orange"}]}}, {"type": "Feature", "geometry": {"type": "Polygon", "coordinates": [[[-13.123076923076923, 27.62837837837838], [-12.876923076923077, 27.62837837837838], [-12.876923076923077, 27.87162162162162], [-13.123076923076923, 27.87162162162162], [-13.123076923076923, 27.62837837837838]]]}, "properties": {"row": 33, "col": 16, "lat": 27.75, "lon": -13.0, "alert_level": "none", "severity": 0, "forecasts": [{"day": 0, "date": "2026-06-25", "heat_index": 23.5, "wind_chill": 17.3, "severity": 0, "alert_level": "none"}, {"day": 1, "date": "2026-06-26", "heat_index": 24.5, "wind_chill": 17.1, "severity": 0, "alert_level": "none"}, {"day": 2, "date": "2026-06-27", "heat_index": 23.8, "wind_chill": 16.8, "severity": 0, "alert_level": "none"}, {"day": 3, "date": "2026-06-28", "heat_index": 23.7, "wind_chill": 16.9, "severity": 0, "alert_level": "none"}, {"day": 4, "date": "2026-06-29", "heat_index": 23.6, "wind_chill": 16.9, "severity": 0, "alert_level": "none"}, {"day": 5, "date": "2026-06-30", "heat_index": 23.5, "wind_chill": 17.0, "severity": 0, "alert_level": "none"}, {"day": 6, "date": "2026-07-01", "heat_index": 23.5, "wind_chill": 16.9, "severity": 0, "alert_level": "none"}]}}, {"type": "Feature", "geometry": {"type": "Polygon", "coordinates": [[[-12.873076923076923, 27.62837837837838], [-12.626923076923077, 27.62837837837838], [-12.626923076923077, 27.87162162162162], [-12.873076923076923, 27.87162162162162], [-12.873076923076923, 27.62837837837838]]]}, "properties": {"row": 33, "col": 17, "lat": 27.75, "lon": -12.75, "alert_level": "none", "severity": 0, "forecasts": [{"day": 0, "date": "2026-06-25", "heat_index": 24.6, "wind_chill": 18.1, "severity": 0, "alert_level": "none"}, {"day": 1, "date": "2026-06-26", "heat_index": 24.2, "wind_chill": 17.3, "severity": 0, "alert_level": "none"}, {"day": 2, "date": "2026-06-27", "heat_index": 24.1, "wind_chill": 17.1, "severity": 0, "alert_level": "none"}, {"day": 3, "date": "2026-06-28", "heat_index": 24.1, "wind_chill": 17.0, "severity": 0, "alert_level": "none"}, {"day": 4, "date": "2026-06-29", "heat_index": 24.0, "wind_chill": 16.9, "severity": 0, "alert_level": "none"}, {"day": 5, "date": "2026-06-30", "heat_index": 23.8, "wind_chill": 16.9, "severity": 0, "alert_level": "none"}, {"day": 6, "date": "2026-07-01", "heat_index": 23.7, "wind_chill": 16.9, "severity": 0, "alert_level": "none"}]}}, {"type": "Feature", "geometry": {"type": "Polygon", "coordinates": [[[-12.623076923076923, 27.62837837837838], [-12.376923076923077, 27.62837837837838], [-12.376923076923077, 27.87162162162162], [-12.623076923076923, 27.87162162162162], [-12.623076923076923, 27.62837837837838]]]}, "properties": {"row": 33, "col": 18, "lat": 27.75, "lon": -12.5, "alert_level": "none", "severity": 0, "forecasts": [{"day": 0, "date": "2026-06-25", "heat_index": 23.9, "wind_chill": 18.2, "severity": 0, "alert_level": "none"}, {"day": 1, "date": "2026-06-26", "heat_index": 24.0, "wind_chill": 16.9, "severity": 0, "alert_level": "none"}, {"day": 2, "date": "2026-06-27", "heat_index": 23.2, "wind_chill": 16.8, "severity": 0, "alert_level": "none"}, {"day": 3, "date": "2026-06-28", "heat_index": 23.0, "wind_chill": 16.7, "severity": 0, "alert_level": "none"}, {"day": 4, "date": "2026-06-29", "heat_index": 23.0, "wind_chill": 16.6, "severity": 0, "alert_level": "none"}, {"day": 5, "date": "2026-06-30", "heat_index": 23.0, "wind_chill": 16.6, "severity": 0, "alert_level": "none"}, {"day": 6, "date": "2026-07-01", "heat_index": 23.1, "wind_chill": 16.6, "severity": 0, "alert_level": "none"}]}}, {"type": "Feature", "geometry": {"type": "Polygon", "coordinates": [[[-12.373076923076923, 27.62837837837838], [-12.126923076923077, 27.62837837837838], [-12.126923076923077, 27.87162162162162], [-12.373076923076923, 27.87162162162162], [-12.373076923076923, 27.62837837837838]]]}, "properties": {"row": 33, "col": 19, "lat": 27.75, "lon": -12.25, "alert_level": "none", "severity": 0, "forecasts": [{"day": 0, "date": "2026-06-25", "heat_index": 25.1, "wind_chill": 17.5, "severity": 0, "alert_level": "none"}, {"day": 1, "date": "2026-06-26", "heat_index": 22.4, "wind_chill": 15.6, "severity": 0, "alert_level": "none"}, {"day": 2, "date": "2026-06-27", "heat_index": 21.7, "wind_chill": 15.2, "severity": 0, "alert_level": "none"}, {"day": 3, "date": "2026-06-28", "heat_index": 21.7, "wind_chill": 15.2, "severity": 0, "alert_level": "none"}, {"day": 4, "date": "2026-06-29", "heat_index": 21.7, "wind_chill": 15.2, "severity": 0, "alert_level": "none"}, {"day": 5, "date": "2026-06-30", "heat_index": 21.8, "wind_chill": 15.3, "severity": 0, "alert_level": "none"}, {"day": 6, "date": "2026-07-01", "heat_index": 21.9, "wind_chill": 15.5, "severity": 0, "alert_level": "none"}]}}, {"type": "Feature", "geometry": {"type": "Polygon", "coordinates": [[[-12.123076923076923, 27.62837837837838], [-11.876923076923077, 27.62837837837838], [-11.876923076923077, 27.87162162162162], [-12.123076923076923, 27.87162162162162], [-12.123076923076923, 27.62837837837838]]]}, "properties": {"row": 33, "col": 20, "lat": 27.75, "lon": -12.0, "alert_level": "none", "severity": 0, "forecasts": [{"day": 0, "date": "2026-06-25", "heat_index": 23.4, "wind_chill": 16.0, "severity": 0, "alert_level": "none"}, {"day": 1, "date": "2026-06-26", "heat_index": 21.6, "wind_chill": 14.3, "severity": 0, "alert_level": "none"}, {"day": 2, "date": "2026-06-27", "heat_index": 21.6, "wind_chill": 14.4, "severity": 0, "alert_level": "none"}, {"day": 3, "date": "2026-06-28", "heat_index": 21.5, "wind_chill": 14.6, "severity": 0, "alert_level": "none"}, {"day": 4, "date": "2026-06-29", "heat_index": 21.4, "wind_chill": 14.7, "severity": 0, "alert_level": "none"}, {"day": 5, "date": "2026-06-30", "heat_index": 21.4, "wind_chill": 14.8, "severity": 0, "alert_level": "none"}, {"day": 6, "date": "2026-07-01", "heat_index": 21.5, "wind_chill": 14.9, "severity": 0, "alert_level": "none"}]}}, {"type": "Feature", "geometry": {"type": "Polygon", "coordinates": [[[-11.873076923076923, 27.62837837837838], [-11.626923076923077, 27.62837837837838], [-11.626923076923077, 27.87162162162162], [-11.873076923076923, 27.87162162162162], [-11.873076923076923, 27.62837837837838]]]}, "properties": {"row": 33, "col": 21, "lat": 27.75, "lon": -11.75, "alert_level": "none", "severity": 0, "forecasts": [{"day": 0, "date": "2026-06-25", "heat_index": 23.5, "wind_chill": 16.4, "severity": 0, "alert_level": "none"}, {"day": 1, "date": "2026-06-26", "heat_index": 22.9, "wind_chill": 15.4, "severity": 0, "alert_level": "none"}, {"day": 2, "date": "2026-06-27", "heat_index": 22.9, "wind_chill": 15.5, "severity": 0, "alert_level": "none"}, {"day": 3, "date": "2026-06-28", "heat_index": 23.0, "wind_chill": 15.5, "severity": 0, "alert_level": "none"}, {"day": 4, "date": "2026-06-29", "heat_index": 23.2, "wind_chill": 15.7, "severity": 0, "alert_level": "none"}, {"day": 5, "date": "2026-06-30", "heat_index": 23.3, "wind_chill": 15.8, "severity": 0, "alert_level": "none"}, {"day": 6, "date": "2026-07-01", "heat_index": 23.5, "wind_chill": 15.9, "severity": 0, "alert_level": "none"}]}}, {"type": "Feature", "geometry": {"type": "Polygon", "coordinates": [[[-11.623076923076923, 27.62837837837838], [-11.376923076923077, 27.62837837837838], [-11.376923076923077, 27.87162162162162], [-11.623076923076923, 27.87162162162162], [-11.623076923076923, 27.62837837837838]]]}, "properties": {"row": 33, "col": 22, "lat": 27.75, "lon": -11.5, "alert_level": "none", "severity": 0, "forecasts": [{"day": 0, "date": "2026-06-25", "heat_index": 23.1, "wind_chill": 14.9, "severity": 0, "alert_level": "none"}, {"day": 1, "date": "2026-06-26", "heat_index": 22.8, "wind_chill": 14.6, "severity": 0, "alert_level": "none"}, {"day": 2, "date": "2026-06-27", "heat_index": 22.7, "wind_chill": 14.7, "severity": 0, "alert_level": "none"}, {"day": 3, "date": "2026-06-28", "heat_index": 23.0, "wind_chill": 14.8, "severity": 0, "alert_level": "none"}, {"day": 4, "date": "2026-06-29", "heat_index": 23.1, "wind_chill": 14.8, "severity": 0, "alert_level": "none"}, {"day": 5, "date": "2026-06-30", "heat_index": 23.3, "wind_chill": 15.0, "severity": 0, "alert_level": "none"}, {"day": 6, "date": "2026-07-01", "heat_index": 23.5, "wind_chill": 15.1, "severity": 0, "alert_level": "none"}]}}, {"type": "Feature", "geometry": {"type": "Polygon", "coordinates": [[[-11.373076923076923, 27.62837837837838], [-11.126923076923077, 27.62837837837838], [-11.126923076923077, 27.87162162162162], [-11.373076923076923, 27.87162162162162], [-11.373076923076923, 27.62837837837838]]]}, "properties": {"row": 33, "col": 23, "lat": 27.75, "lon": -11.25, "alert_level": "none", "severity": 0, "forecasts": [{"day": 0, "date": "2026-06-25", "heat_index": 23.2, "wind_chill": 14.6, "severity": 0, "alert_level": "none"}, {"day": 1, "date": "2026-06-26", "heat_index": 23.3, "wind_chill": 14.3, "severity": 0, "alert_level": "none"}, {"day": 2, "date": "2026-06-27", "heat_index": 23.4, "wind_chill": 14.5, "severity": 0, "alert_level": "none"}, {"day": 3, "date": "2026-06-28", "heat_index": 23.7, "wind_chill": 14.7, "severity": 0, "alert_level": "none"}, {"day": 4, "date": "2026-06-29", "heat_index": 23.9, "wind_chill": 14.8, "severity": 0, "alert_level": "none"}, {"day": 5, "date": "2026-06-30", "heat_index": 24.2, "wind_chill": 14.9, "severity": 0, "alert_level": "none"}, {"day": 6, "date": "2026-07-01", "heat_index": 24.4, "wind_chill": 15.0, "severity": 0, "alert_level": "none"}]}}, {"type": "Feature", "geometry": {"type": "Polygon", "coordinates": [[[-11.123076923076923, 27.62837837837838], [-10.876923076923077, 27.62837837837838], [-10.876923076923077, 27.87162162162162], [-11.123076923076923, 27.87162162162162], [-11.123076923076923, 27.62837837837838]]]}, "properties": {"row": 33, "col": 24, "lat": 27.75, "lon": -11.0, "alert_level": "none", "severity": 0, "forecasts": [{"day": 0, "date": "2026-06-25", "heat_index": 23.8, "wind_chill": 14.6, "severity": 0, "alert_level": "none"}, {"day": 1, "date": "2026-06-26", "heat_index": 24.1, "wind_chill": 14.2, "severity": 0, "alert_level": "none"}, {"day": 2, "date": "2026-06-27", "heat_index": 24.3, "wind_chill": 14.4, "severity": 0, "alert_level": "none"}, {"day": 3, "date": "2026-06-28", "heat_index": 24.6, "wind_chill": 14.7, "severity": 0, "alert_level": "none"}, {"day": 4, "date": "2026-06-29", "heat_index": 24.8, "wind_chill": 14.7, "severity": 0, "alert_level": "none"}, {"day": 5, "date": "2026-06-30", "heat_index": 25.1, "wind_chill": 14.9, "severity": 0, "alert_level": "none"}, {"day": 6, "date": "2026-07-01", "heat_index": 25.3, "wind_chill": 15.0, "severity": 0, "alert_level": "none"}]}}, {"type": "Feature", "geometry": {"type": "Polygon", "coordinates": [[[-10.873076923076923, 27.62837837837838], [-10.626923076923077, 27.62837837837838], [-10.626923076923077, 27.87162162162162], [-10.873076923076923, 27.87162162162162], [-10.873076923076923, 27.62837837837838]]]}, "properties": {"row": 33, "col": 25, "lat": 27.75, "lon": -10.75, "alert_level": "none", "severity": 0, "forecasts": [{"day": 0, "date": "2026-06-25", "heat_index": 24.8, "wind_chill": 14.4, "severity": 0, "alert_level": "none"}, {"day": 1, "date": "2026-06-26", "heat_index": 25.1, "wind_chill": 14.2, "severity": 0, "alert_level": "none"}, {"day": 2, "date": "2026-06-27", "heat_index": 25.4, "wind_chill": 14.5, "severity": 0, "alert_level": "none"}, {"day": 3, "date": "2026-06-28", "heat_index": 25.4, "wind_chill": 14.8, "severity": 0, "alert_level": "none"}, {"day": 4, "date": "2026-06-29", "heat_index": 25.5, "wind_chill": 14.8, "severity": 0, "alert_level": "none"}, {"day": 5, "date": "2026-06-30", "heat_index": 25.8, "wind_chill": 14.9, "severity": 0, "alert_level": "none"}, {"day": 6, "date": "2026-07-01", "heat_index": 26.0, "wind_chill": 15.0, "severity": 0, "alert_level": "none"}]}}, {"type": "Feature", "geometry": {"type": "Polygon", "coordinates": [[[-10.623076923076923, 27.62837837837838], [-10.376923076923077, 27.62837837837838], [-10.376923076923077, 27.87162162162162], [-10.623076923076923, 27.87162162162162], [-10.623076923076923, 27.62837837837838]]]}, "properties": {"row": 33, "col": 26, "lat": 27.75, "lon": -10.5, "alert_level": "none", "severity": 0, "forecasts": [{"day": 0, "date": "2026-06-25", "heat_index": 25.6, "wind_chill": 14.1, "severity": 0, "alert_level": "none"}, {"day": 1, "date": "2026-06-26", "heat_index": 25.9, "wind_chill": 13.8, "severity": 0, "alert_level": "none"}, {"day": 2, "date": "2026-06-27", "heat_index": 26.2, "wind_chill": 14.1, "severity": 0, "alert_level": "none"}, {"day": 3, "date": "2026-06-28", "heat_index": 26.1, "wind_chill": 14.3, "severity": 0, "alert_level": "none"}, {"day": 4, "date": "2026-06-29", "heat_index": 26.1, "wind_chill": 14.3, "severity": 0, "alert_level": "none"}, {"day": 5, "date": "2026-06-30", "heat_index": 26.4, "wind_chill": 14.4, "severity": 0, "alert_level": "none"}, {"day": 6, "date": "2026-07-01", "heat_index": 26.6, "wind_chill": 14.6, "severity": 0, "alert_level": "none"}]}}, {"type": "Feature", "geometry": {"type": "Polygon", "coordinates": [[[-10.373076923076923, 27.62837837837838], [-10.126923076923077, 27.62837837837838], [-10.126923076923077, 27.87162162162162], [-10.373076923076923, 27.87162162162162], [-10.373076923076923, 27.62837837837838]]]}, "properties": {"row": 33, "col": 27, "lat": 27.75, "lon": -10.25, "alert_level": "none", "severity": 0, "forecasts": [{"day": 0, "date": "2026-06-25", "heat_index": 26.9, "wind_chill": 13.8, "severity": 0, "alert_level": "none"}, {"day": 1, "date": "2026-06-26", "heat_index": 26.6, "wind_chill": 13.3, "severity": 0, "alert_level": "none"}, {"day": 2, "date": "2026-06-27", "heat_index": 27.0, "wind_chill": 13.7, "severity": 0, "alert_level": "none"}, {"day": 3, "date": "2026-06-28", "heat_index": 26.9, "wind_chill": 13.9, "severity": 0, "alert_level": "none"}, {"day": 4, "date": "2026-06-29", "heat_index": 26.8, "wind_chill": 13.8, "severity": 0, "alert_level": "none"}, {"day": 5, "date": "2026-06-30", "heat_index": 27.1, "wind_chill": 14.0, "severity": 0, "alert_level": "none"}, {"day": 6, "date": "2026-07-01", "heat_index": 27.4, "wind_chill": 14.2, "severity": 0, "alert_level": "none"}]}}, {"type": "Feature", "geometry": {"type": "Polygon", "coordinates": [[[-10.123076923076923, 27.62837837837838], [-9.876923076923077, 27.62837837837838], [-9.876923076923077, 27.87162162162162], [-10.123076923076923, 27.87162162162162], [-10.123076923076923, 27.62837837837838]]]}, "properties": {"row": 33, "col": 28, "lat": 27.75, "lon": -10.0, "alert_level": "none", "severity": 0, "forecasts": [{"day": 0, "date": "2026-06-25", "heat_index": 28.3, "wind_chill": 13.2, "severity": 0, "alert_level": "none"}, {"day": 1, "date": "2026-06-26", "heat_index": 27.8, "wind_chill": 12.8, "severity": 0, "alert_level": "none"}, {"day": 2, "date": "2026-06-27", "heat_index": 28.1, "wind_chill": 13.3, "severity": 0, "alert_level": "none"}, {"day": 3, "date": "2026-06-28", "heat_index": 27.9, "wind_chill": 13.4, "severity": 0, "alert_level": "none"}, {"day": 4, "date": "2026-06-29", "heat_index": 27.9, "wind_chill": 13.4, "severity": 0, "alert_level": "none"}, {"day": 5, "date": "2026-06-30", "heat_index": 28.3, "wind_chill": 13.6, "severity": 0, "alert_level": "none"}, {"day": 6, "date": "2026-07-01", "heat_index": 28.6, "wind_chill": 13.8, "severity": 0, "alert_level": "none"}]}}, {"type": "Feature", "geometry": {"type": "Polygon", "coordinates": [[[-9.873076923076923, 27.62837837837838], [-9.626923076923077, 27.62837837837838], [-9.626923076923077, 27.87162162162162], [-9.873076923076923, 27.87162162162162], [-9.873076923076923, 27.62837837837838]]]}, "properties": {"row": 33, "col": 29, "lat": 27.75, "lon": -9.75, "alert_level": "none", "severity": 0, "forecasts": [{"day": 0, "date": "2026-06-25", "heat_index": 30.0, "wind_chill": 13.3, "severity": 0, "alert_level": "none"}, {"day": 1, "date": "2026-06-26", "heat_index": 29.3, "wind_chill": 12.9, "severity": 0, "alert_level": "none"}, {"day": 2, "date": "2026-06-27", "heat_index": 29.5, "wind_chill": 13.3, "severity": 0, "alert_level": "none"}, {"day": 3, "date": "2026-06-28", "heat_index": 29.3, "wind_chill": 13.4, "severity": 0, "alert_level": "none"}, {"day": 4, "date": "2026-06-29", "heat_index": 29.2, "wind_chill": 13.3, "severity": 0, "alert_level": "none"}, {"day": 5, "date": "2026-06-30", "heat_index": 29.7, "wind_chill": 13.6, "severity": 0, "alert_level": "none"}, {"day": 6, "date": "2026-07-01", "heat_index": 30.0, "wind_chill": 13.9, "severity": 0, "alert_level": "none"}]}}, {"type": "Feature", "geometry": {"type": "Polygon", "coordinates": [[[-9.623076923076923, 27.62837837837838], [-9.376923076923077, 27.62837837837838], [-9.376923076923077, 27.87162162162162], [-9.623076923076923, 27.87162162162162], [-9.623076923076923, 27.62837837837838]]]}, "properties": {"row": 33, "col": 30, "lat": 27.75, "lon": -9.5, "alert_level": "none", "severity": 0, "forecasts": [{"day": 0, "date": "2026-06-25", "heat_index": 31.7, "wind_chill": 13.6, "severity": 0, "alert_level": "none"}, {"day": 1, "date": "2026-06-26", "heat_index": 30.9, "wind_chill": 13.2, "severity": 0, "alert_level": "none"}, {"day": 2, "date": "2026-06-27", "heat_index": 30.8, "wind_chill": 13.4, "severity": 0, "alert_level": "none"}, {"day": 3, "date": "2026-06-28", "heat_index": 30.6, "wind_chill": 13.5, "severity": 0, "alert_level": "none"}, {"day": 4, "date": "2026-06-29", "heat_index": 30.4, "wind_chill": 13.4, "severity": 0, "alert_level": "none"}, {"day": 5, "date": "2026-06-30", "heat_index": 30.9, "wind_chill": 13.7, "severity": 0, "alert_level": "none"}, {"day": 6, "date": "2026-07-01", "heat_index": 31.4, "wind_chill": 14.1, "severity": 0, "alert_level": "none"}]}}, {"type": "Feature", "geometry": {"type": "Polygon", "coordinates": [[[-9.373076923076923, 27.62837837837838], [-9.126923076923077, 27.62837837837838], [-9.126923076923077, 27.87162162162162], [-9.373076923076923, 27.87162162162162], [-9.373076923076923, 27.62837837837838]]]}, "properties": {"row": 33, "col": 31, "lat": 27.75, "lon": -9.25, "alert_level": "yellow", "severity": 1.0, "forecasts": [{"day": 0, "date": "2026-06-25", "heat_index": 33.0, "wind_chill": 13.8, "severity": 1.0, "alert_level": "yellow"}, {"day": 1, "date": "2026-06-26", "heat_index": 32.1, "wind_chill": 13.5, "severity": 0.1, "alert_level": "yellow"}, {"day": 2, "date": "2026-06-27", "heat_index": 31.9, "wind_chill": 13.7, "severity": 0, "alert_level": "none"}, {"day": 3, "date": "2026-06-28", "heat_index": 31.6, "wind_chill": 13.7, "severity": 0, "alert_level": "none"}, {"day": 4, "date": "2026-06-29", "heat_index": 31.5, "wind_chill": 13.7, "severity": 0, "alert_level": "none"}, {"day": 5, "date": "2026-06-30", "heat_index": 32.0, "wind_chill": 14.0, "severity": 0.0, "alert_level": "yellow"}, {"day": 6, "date": "2026-07-01", "heat_index": 32.5, "wind_chill": 14.4, "severity": 0.5, "alert_level": "yellow"}]}}, {"type": "Feature", "geometry": {"type": "Polygon", "coordinates": [[[-9.123076923076923, 27.62837837837838], [-8.876923076923077, 27.62837837837838], [-8.876923076923077, 27.87162162162162], [-9.123076923076923, 27.87162162162162], [-9.123076923076923, 27.62837837837838]]]}, "properties": {"row": 33, "col": 32, "lat": 27.75, "lon": -9.0, "alert_level": "orange", "severity": 2.3, "forecasts": [{"day": 0, "date": "2026-06-25", "heat_index": 34.3, "wind_chill": 14.3, "severity": 2.3, "alert_level": "orange"}, {"day": 1, "date": "2026-06-26", "heat_index": 33.2, "wind_chill": 14.0, "severity": 1.2, "alert_level": "yellow"}, {"day": 2, "date": "2026-06-27", "heat_index": 32.8, "wind_chill": 14.2, "severity": 0.8, "alert_level": "yellow"}, {"day": 3, "date": "2026-06-28", "heat_index": 32.5, "wind_chill": 14.2, "severity": 0.5, "alert_level": "yellow"}, {"day": 4, "date": "2026-06-29", "heat_index": 32.4, "wind_chill": 14.2, "severity": 0.4, "alert_level": "yellow"}, {"day": 5, "date": "2026-06-30", "heat_index": 33.0, "wind_chill": 14.6, "severity": 1.0, "alert_level": "yellow"}, {"day": 6, "date": "2026-07-01", "heat_index": 33.5, "wind_chill": 15.0, "severity": 1.5, "alert_level": "yellow"}]}}, {"type": "Feature", "geometry": {"type": "Polygon", "coordinates": [[[-8.873076923076923, 27.62837837837838], [-8.626923076923077, 27.62837837837838], [-8.626923076923077, 27.87162162162162], [-8.873076923076923, 27.87162162162162], [-8.873076923076923, 27.62837837837838]]]}, "properties": {"row": 33, "col": 33, "lat": 27.75, "lon": -8.75, "alert_level": "orange", "severity": 3.8, "forecasts": [{"day": 0, "date": "2026-06-25", "heat_index": 35.8, "wind_chill": 15.1, "severity": 3.8, "alert_level": "orange"}, {"day": 1, "date": "2026-06-26", "heat_index": 34.3, "wind_chill": 14.7, "severity": 2.3, "alert_level": "orange"}, {"day": 2, "date": "2026-06-27", "heat_index": 33.8, "wind_chill": 14.9, "severity": 1.8, "alert_level": "yellow"}, {"day": 3, "date": "2026-06-28", "heat_index": 33.5, "wind_chill": 14.9, "severity": 1.5, "alert_level": "yellow"}, {"day": 4, "date": "2026-06-29", "heat_index": 33.4, "wind_chill": 14.9, "severity": 1.4, "alert_level": "yellow"}, {"day": 5, "date": "2026-06-30", "heat_index": 34.1, "wind_chill": 15.4, "severity": 2.1, "alert_level": "orange"}, {"day": 6, "date": "2026-07-01", "heat_index": 34.5, "wind_chill": 15.8, "severity": 2.5, "alert_level": "orange"}]}}, {"type": "Feature", "geometry": {"type": "Polygon", "coordinates": [[[-13.123076923076923, 27.37837837837838], [-12.876923076923077, 27.37837837837838], [-12.876923076923077, 27.62162162162162], [-13.123076923076923, 27.62162162162162], [-13.123076923076923, 27.37837837837838]]]}, "properties": {"row": 34, "col": 16, "lat": 27.5, "lon": -13.0, "alert_level": "none", "severity": 0, "forecasts": [{"day": 0, "date": "2026-06-25", "heat_index": 23.2, "wind_chill": 16.9, "severity": 0, "alert_level": "none"}, {"day": 1, "date": "2026-06-26", "heat_index": 20.1, "wind_chill": 14.9, "severity": 0, "alert_level": "none"}, {"day": 2, "date": "2026-06-27", "heat_index": 19.5, "wind_chill": 14.7, "severity": 0, "alert_level": "none"}, {"day": 3, "date": "2026-06-28", "heat_index": 19.2, "wind_chill": 14.6, "severity": 0, "alert_level": "none"}, {"day": 4, "date": "2026-06-29", "heat_index": 19.2, "wind_chill": 14.5, "severity": 0, "alert_level": "none"}, {"day": 5, "date": "2026-06-30", "heat_index": 19.3, "wind_chill": 14.6, "severity": 0, "alert_level": "none"}, {"day": 6, "date": "2026-07-01", "heat_index": 19.3, "wind_chill": 14.6, "severity": 0, "alert_level": "none"}]}}, {"type": "Feature", "geometry": {"type": "Polygon", "coordinates": [[[-12.873076923076923, 27.37837837837838], [-12.626923076923077, 27.37837837837838], [-12.626923076923077, 27.62162162162162], [-12.873076923076923, 27.62162162162162], [-12.873076923076923, 27.37837837837838]]]}, "properties": {"row": 34, "col": 17, "lat": 27.5, "lon": -12.75, "alert_level": "none", "severity": 0, "forecasts": [{"day": 0, "date": "2026-06-25", "heat_index": 23.9, "wind_chill": 16.8, "severity": 0, "alert_level": "none"}, {"day": 1, "date": "2026-06-26", "heat_index": 20.0, "wind_chill": 14.2, "severity": 0, "alert_level": "none"}, {"day": 2, "date": "2026-06-27", "heat_index": 19.4, "wind_chill": 13.9, "severity": 0, "alert_level": "none"}, {"day": 3, "date": "2026-06-28", "heat_index": 19.0, "wind_chill": 13.6, "severity": 0, "alert_level": "none"}, {"day": 4, "date": "2026-06-29", "heat_index": 18.9, "wind_chill": 13.6, "severity": 0, "alert_level": "none"}, {"day": 5, "date": "2026-06-30", "heat_index": 18.9, "wind_chill": 13.7, "severity": 0, "alert_level": "none"}, {"day": 6, "date": "2026-07-01", "heat_index": 19.0, "wind_chill": 13.8, "severity": 0, "alert_level": "none"}]}}, {"type": "Feature", "geometry": {"type": "Polygon", "coordinates": [[[-12.623076923076923, 27.37837837837838], [-12.376923076923077, 27.37837837837838], [-12.376923076923077, 27.62162162162162], [-12.623076923076923, 27.62162162162162], [-12.623076923076923, 27.37837837837838]]]}, "properties": {"row": 34, "col": 18, "lat": 27.5, "lon": -12.5, "alert_level": "none", "severity": 0, "forecasts": [{"day": 0, "date": "2026-06-25", "heat_index": 23.1, "wind_chill": 16.4, "severity": 0, "alert_level": "none"}, {"day": 1, "date": "2026-06-26", "heat_index": 19.6, "wind_chill": 13.8, "severity": 0, "alert_level": "none"}, {"day": 2, "date": "2026-06-27", "heat_index": 18.7, "wind_chill": 13.2, "severity": 0, "alert_level": "none"}, {"day": 3, "date": "2026-06-28", "heat_index": 18.2, "wind_chill": 12.9, "severity": 0, "alert_level": "none"}, {"day": 4, "date": "2026-06-29", "heat_index": 18.1, "wind_chill": 12.9, "severity": 0, "alert_level": "none"}, {"day": 5, "date": "2026-06-30", "heat_index": 18.1, "wind_chill": 13.0, "severity": 0, "alert_level": "none"}, {"day": 6, "date": "2026-07-01", "heat_index": 18.1, "wind_chill": 13.1, "severity": 0, "alert_level": "none"}]}}, {"type": "Feature", "geometry": {"type": "Polygon", "coordinates": [[[-12.373076923076923, 27.37837837837838], [-12.126923076923077, 27.37837837837838], [-12.126923076923077, 27.62162162162162], [-12.373076923076923, 27.62162162162162], [-12.373076923076923, 27.37837837837838]]]}, "properties": {"row": 34, "col": 19, "lat": 27.5, "lon": -12.25, "alert_level": "none", "severity": 0, "forecasts": [{"day": 0, "date": "2026-06-25", "heat_index": 22.9, "wind_chill": 15.9, "severity": 0, "alert_level": "none"}, {"day": 1, "date": "2026-06-26", "heat_index": 19.3, "wind_chill": 13.1, "severity": 0, "alert_level": "none"}, {"day": 2, "date": "2026-06-27", "heat_index": 18.1, "wind_chill": 12.4, "severity": 0, "alert_level": "none"}, {"day": 3, "date": "2026-06-28", "heat_index": 17.7, "wind_chill": 12.0, "severity": 0, "alert_level": "none"}, {"day": 4, "date": "2026-06-29", "heat_index": 17.7, "wind_chill": 11.9, "severity": 0, "alert_level": "none"}, {"day": 5, "date": "2026-06-30", "heat_index": 17.8, "wind_chill": 12.0, "severity": 0, "alert_level": "none"}, {"day": 6, "date": "2026-07-01", "heat_index": 17.9, "wind_chill": 12.1, "severity": 0, "alert_level": "none"}]}}, {"type": "Feature", "geometry": {"type": "Polygon", "coordinates": [[[-12.123076923076923, 27.37837837837838], [-11.876923076923077, 27.37837837837838], [-11.876923076923077, 27.62162162162162], [-12.123076923076923, 27.62162162162162], [-12.123076923076923, 27.37837837837838]]]}, "properties": {"row": 34, "col": 20, "lat": 27.5, "lon": -12.0, "alert_level": "none", "severity": 0, "forecasts": [{"day": 0, "date": "2026-06-25", "heat_index": 22.2, "wind_chill": 14.9, "severity": 0, "alert_level": "none"}, {"day": 1, "date": "2026-06-26", "heat_index": 19.2, "wind_chill": 12.6, "severity": 0, "alert_level": "none"}, {"day": 2, "date": "2026-06-27", "heat_index": 17.9, "wind_chill": 12.0, "severity": 0, "alert_level": "none"}, {"day": 3, "date": "2026-06-28", "heat_index": 17.6, "wind_chill": 11.6, "severity": 0, "alert_level": "none"}, {"day": 4, "date": "2026-06-29", "heat_index": 17.5, "wind_chill": 11.5, "severity": 0, "alert_level": "none"}, {"day": 5, "date": "2026-06-30", "heat_index": 17.7, "wind_chill": 11.6, "severity": 0, "alert_level": "none"}, {"day": 6, "date": "2026-07-01", "heat_index": 17.9, "wind_chill": 11.8, "severity": 0, "alert_level": "none"}]}}, {"type": "Feature", "geometry": {"type": "Polygon", "coordinates": [[[-11.873076923076923, 27.37837837837838], [-11.626923076923077, 27.37837837837838], [-11.626923076923077, 27.62162162162162], [-11.873076923076923, 27.62162162162162], [-11.873076923076923, 27.37837837837838]]]}, "properties": {"row": 34, "col": 21, "lat": 27.5, "lon": -11.75, "alert_level": "none", "severity": 0, "forecasts": [{"day": 0, "date": "2026-06-25", "heat_index": 22.7, "wind_chill": 14.2, "severity": 0, "alert_level": "none"}, {"day": 1, "date": "2026-06-26", "heat_index": 19.4, "wind_chill": 11.6, "severity": 0, "alert_level": "none"}, {"day": 2, "date": "2026-06-27", "heat_index": 18.0, "wind_chill": 11.1, "severity": 0, "alert_level": "none"}, {"day": 3, "date": "2026-06-28", "heat_index": 17.5, "wind_chill": 10.7, "severity": 0, "alert_level": "none"}, {"day": 4, "date": "2026-06-29", "heat_index": 17.5, "wind_chill": 10.6, "severity": 0, "alert_level": "none"}, {"day": 5, "date": "2026-06-30", "heat_index": 17.8, "wind_chill": 10.7, "severity": 0, "alert_level": "none"}, {"day": 6, "date": "2026-07-01", "heat_index": 18.1, "wind_chill": 10.9, "severity": 0, "alert_level": "none"}]}}, {"type": "Feature", "geometry": {"type": "Polygon", "coordinates": [[[-11.623076923076923, 27.37837837837838], [-11.376923076923077, 27.37837837837838], [-11.376923076923077, 27.62162162162162], [-11.623076923076923, 27.62162162162162], [-11.623076923076923, 27.37837837837838]]]}, "properties": {"row": 34, "col": 22, "lat": 27.5, "lon": -11.5, "alert_level": "none", "severity": 0, "forecasts": [{"day": 0, "date": "2026-06-25", "heat_index": 22.8, "wind_chill": 13.4, "severity": 0, "alert_level": "none"}, {"day": 1, "date": "2026-06-26", "heat_index": 20.0, "wind_chill": 11.3, "severity": 0, "alert_level": "none"}, {"day": 2, "date": "2026-06-27", "heat_index": 18.6, "wind_chill": 10.9, "severity": 0, "alert_level": "none"}, {"day": 3, "date": "2026-06-28", "heat_index": 17.9, "wind_chill": 10.4, "severity": 0, "alert_level": "none"}, {"day": 4, "date": "2026-06-29", "heat_index": 17.9, "wind_chill": 10.2, "severity": 0, "alert_level": "none"}, {"day": 5, "date": "2026-06-30", "heat_index": 18.1, "wind_chill": 10.3, "severity": 0, "alert_level": "none"}, {"day": 6, "date": "2026-07-01", "heat_index": 18.4, "wind_chill": 10.5, "severity": 0, "alert_level": "none"}]}}, {"type": "Feature", "geometry": {"type": "Polygon", "coordinates": [[[-11.373076923076923, 27.37837837837838], [-11.126923076923077, 27.37837837837838], [-11.126923076923077, 27.62162162162162], [-11.373076923076923, 27.62162162162162], [-11.373076923076923, 27.37837837837838]]]}, "properties": {"row": 34, "col": 23, "lat": 27.5, "lon": -11.25, "alert_level": "none", "severity": 0, "forecasts": [{"day": 0, "date": "2026-06-25", "heat_index": 23.2, "wind_chill": 13.2, "severity": 0, "alert_level": "none"}, {"day": 1, "date": "2026-06-26", "heat_index": 20.5, "wind_chill": 11.4, "severity": 0, "alert_level": "none"}, {"day": 2, "date": "2026-06-27", "heat_index": 19.1, "wind_chill": 11.0, "severity": 0, "alert_level": "none"}, {"day": 3, "date": "2026-06-28", "heat_index": 18.3, "wind_chill": 10.5, "severity": 0, "alert_level": "none"}, {"day": 4, "date": "2026-06-29", "heat_index": 18.2, "wind_chill": 10.3, "severity": 0, "alert_level": "none"}, {"day": 5, "date": "2026-06-30", "heat_index": 18.5, "wind_chill": 10.5, "severity": 0, "alert_level": "none"}, {"day": 6, "date": "2026-07-01", "heat_index": 18.8, "wind_chill": 10.7, "severity": 0, "alert_level": "none"}]}}, {"type": "Feature", "geometry": {"type": "Polygon", "coordinates": [[[-11.123076923076923, 27.37837837837838], [-10.876923076923077, 27.37837837837838], [-10.876923076923077, 27.62162162162162], [-11.123076923076923, 27.62162162162162], [-11.123076923076923, 27.37837837837838]]]}, "properties": {"row": 34, "col": 24, "lat": 27.5, "lon": -11.0, "alert_level": "none", "severity": 0, "forecasts": [{"day": 0, "date": "2026-06-25", "heat_index": 24.0, "wind_chill": 13.1, "severity": 0, "alert_level": "none"}, {"day": 1, "date": "2026-06-26", "heat_index": 21.5, "wind_chill": 11.4, "severity": 0, "alert_level": "none"}, {"day": 2, "date": "2026-06-27", "heat_index": 20.1, "wind_chill": 11.0, "severity": 0, "alert_level": "none"}, {"day": 3, "date": "2026-06-28", "heat_index": 19.2, "wind_chill": 10.5, "severity": 0, "alert_level": "none"}, {"day": 4, "date": "2026-06-29", "heat_index": 19.0, "wind_chill": 10.3, "severity": 0, "alert_level": "none"}, {"day": 5, "date": "2026-06-30", "heat_index": 19.2, "wind_chill": 10.4, "severity": 0, "alert_level": "none"}, {"day": 6, "date": "2026-07-01", "heat_index": 19.5, "wind_chill": 10.6, "severity": 0, "alert_level": "none"}]}}, {"type": "Feature", "geometry": {"type": "Polygon", "coordinates": [[[-10.873076923076923, 27.37837837837838], [-10.626923076923077, 27.37837837837838], [-10.626923076923077, 27.62162162162162], [-10.873076923076923, 27.62162162162162], [-10.873076923076923, 27.37837837837838]]]}, "properties": {"row": 34, "col": 25, "lat": 27.5, "lon": -10.75, "alert_level": "none", "severity": 0, "forecasts": [{"day": 0, "date": "2026-06-25", "heat_index": 25.3, "wind_chill": 13.3, "severity": 0, "alert_level": "none"}, {"day": 1, "date": "2026-06-26", "heat_index": 22.5, "wind_chill": 11.5, "severity": 0, "alert_level": "none"}, {"day": 2, "date": "2026-06-27", "heat_index": 21.2, "wind_chill": 11.2, "severity": 0, "alert_level": "none"}, {"day": 3, "date": "2026-06-28", "heat_index": 20.1, "wind_chill": 10.6, "severity": 0, "alert_level": "none"}, {"day": 4, "date": "2026-06-29", "heat_index": 19.8, "wind_chill": 10.4, "severity": 0, "alert_level": "none"}, {"day": 5, "date": "2026-06-30", "heat_index": 20.1, "wind_chill": 10.4, "severity": 0, "alert_level": "none"}, {"day": 6, "date": "2026-07-01", "heat_index": 20.4, "wind_chill": 10.7, "severity": 0, "alert_level": "none"}]}}, {"type": "Feature", "geometry": {"type": "Polygon", "coordinates": [[[-10.623076923076923, 27.37837837837838], [-10.376923076923077, 27.37837837837838], [-10.376923076923077, 27.62162162162162], [-10.623076923076923, 27.62162162162162], [-10.623076923076923, 27.37837837837838]]]}, "properties": {"row": 34, "col": 26, "lat": 27.5, "lon": -10.5, "alert_level": "none", "severity": 0, "forecasts": [{"day": 0, "date": "2026-06-25", "heat_index": 26.3, "wind_chill": 13.2, "severity": 0, "alert_level": "none"}, {"day": 1, "date": "2026-06-26", "heat_index": 23.3, "wind_chill": 11.4, "severity": 0, "alert_level": "none"}, {"day": 2, "date": "2026-06-27", "heat_index": 22.0, "wind_chill": 11.1, "severity": 0, "alert_level": "none"}, {"day": 3, "date": "2026-06-28", "heat_index": 20.9, "wind_chill": 10.4, "severity": 0, "alert_level": "none"}, {"day": 4, "date": "2026-06-29", "heat_index": 20.6, "wind_chill": 10.2, "severity": 0, "alert_level": "none"}, {"day": 5, "date": "2026-06-30", "heat_index": 20.9, "wind_chill": 10.2, "severity": 0, "alert_level": "none"}, {"day": 6, "date": "2026-07-01", "heat_index": 21.2, "wind_chill": 10.5, "severity": 0, "alert_level": "none"}]}}, {"type": "Feature", "geometry": {"type": "Polygon", "coordinates": [[[-10.373076923076923, 27.37837837837838], [-10.126923076923077, 27.37837837837838], [-10.126923076923077, 27.62162162162162], [-10.373076923076923, 27.62162162162162], [-10.373076923076923, 27.37837837837838]]]}, "properties": {"row": 34, "col": 27, "lat": 27.5, "lon": -10.25, "alert_level": "none", "severity": 0, "forecasts": [{"day": 0, "date": "2026-06-25", "heat_index": 27.1, "wind_chill": 12.7, "severity": 0, "alert_level": "none"}, {"day": 1, "date": "2026-06-26", "heat_index": 23.9, "wind_chill": 11.1, "severity": 0, "alert_level": "none"}, {"day": 2, "date": "2026-06-27", "heat_index": 22.6, "wind_chill": 10.7, "severity": 0, "alert_level": "none"}, {"day": 3, "date": "2026-06-28", "heat_index": 21.4, "wind_chill": 9.9, "severity": 0, "alert_level": "none"}, {"day": 4, "date": "2026-06-29", "heat_index": 21.1, "wind_chill": 9.6, "severity": 0, "alert_level": "none"}, {"day": 5, "date": "2026-06-30", "heat_index": 21.4, "wind_chill": 9.8, "severity": 0, "alert_level": "none"}, {"day": 6, "date": "2026-07-01", "heat_index": 21.8, "wind_chill": 10.0, "severity": 0, "alert_level": "none"}]}}, {"type": "Feature", "geometry": {"type": "Polygon", "coordinates": [[[-10.123076923076923, 27.37837837837838], [-9.876923076923077, 27.37837837837838], [-9.876923076923077, 27.62162162162162], [-10.123076923076923, 27.62162162162162], [-10.123076923076923, 27.37837837837838]]]}, "properties": {"row": 34, "col": 28, "lat": 27.5, "lon": -10.0, "alert_level": "none", "severity": 0, "forecasts": [{"day": 0, "date": "2026-06-25", "heat_index": 28.0, "wind_chill": 12.4, "severity": 0, "alert_level": "none"}, {"day": 1, "date": "2026-06-26", "heat_index": 24.7, "wind_chill": 10.8, "severity": 0, "alert_level": "none"}, {"day": 2, "date": "2026-06-27", "heat_index": 23.3, "wind_chill": 10.3, "severity": 0, "alert_level": "none"}, {"day": 3, "date": "2026-06-28", "heat_index": 22.1, "wind_chill": 9.4, "severity": 0, "alert_level": "none"}, {"day": 4, "date": "2026-06-29", "heat_index": 21.8, "wind_chill": 9.2, "severity": 0, "alert_level": "none"}, {"day": 5, "date": "2026-06-30", "heat_index": 22.2, "wind_chill": 9.4, "severity": 0, "alert_level": "none"}, {"day": 6, "date": "2026-07-01", "heat_index": 22.5, "wind_chill": 9.6, "severity": 0, "alert_level": "none"}]}}, {"type": "Feature", "geometry": {"type": "Polygon", "coordinates": [[[-9.873076923076923, 27.37837837837838], [-9.626923076923077, 27.37837837837838], [-9.626923076923077, 27.62162162162162], [-9.873076923076923, 27.62162162162162], [-9.873076923076923, 27.37837837837838]]]}, "properties": {"row": 34, "col": 29, "lat": 27.5, "lon": -9.75, "alert_level": "none", "severity": 0, "forecasts": [{"day": 0, "date": "2026-06-25", "heat_index": 29.2, "wind_chill": 12.5, "severity": 0, "alert_level": "none"}, {"day": 1, "date": "2026-06-26", "heat_index": 25.7, "wind_chill": 10.7, "severity": 0, "alert_level": "none"}, {"day": 2, "date": "2026-06-27", "heat_index": 24.2, "wind_chill": 10.1, "severity": 0, "alert_level": "none"}, {"day": 3, "date": "2026-06-28", "heat_index": 22.9, "wind_chill": 9.2, "severity": 0, "alert_level": "none"}, {"day": 4, "date": "2026-06-29", "heat_index": 22.6, "wind_chill": 9.0, "severity": 0, "alert_level": "none"}, {"day": 5, "date": "2026-06-30", "heat_index": 23.1, "wind_chill": 9.2, "severity": 0, "alert_level": "none"}, {"day": 6, "date": "2026-07-01", "heat_index": 23.5, "wind_chill": 9.5, "severity": 0, "alert_level": "none"}]}}, {"type": "Feature", "geometry": {"type": "Polygon", "coordinates": [[[-9.623076923076923, 27.37837837837838], [-9.376923076923077, 27.37837837837838], [-9.376923076923077, 27.62162162162162], [-9.623076923076923, 27.62162162162162], [-9.623076923076923, 27.37837837837838]]]}, "properties": {"row": 34, "col": 30, "lat": 27.5, "lon": -9.5, "alert_level": "none", "severity": 0, "forecasts": [{"day": 0, "date": "2026-06-25", "heat_index": 30.3, "wind_chill": 12.7, "severity": 0, "alert_level": "none"}, {"day": 1, "date": "2026-06-26", "heat_index": 26.8, "wind_chill": 10.8, "severity": 0, "alert_level": "none"}, {"day": 2, "date": "2026-06-27", "heat_index": 25.1, "wind_chill": 10.2, "severity": 0, "alert_level": "none"}, {"day": 3, "date": "2026-06-28", "heat_index": 23.8, "wind_chill": 9.3, "severity": 0, "alert_level": "none"}, {"day": 4, "date": "2026-06-29", "heat_index": 23.5, "wind_chill": 9.0, "severity": 0, "alert_level": "none"}, {"day": 5, "date": "2026-06-30", "heat_index": 24.0, "wind_chill": 9.3, "severity": 0, "alert_level": "none"}, {"day": 6, "date": "2026-07-01", "heat_index": 24.5, "wind_chill": 9.7, "severity": 0, "alert_level": "none"}]}}, {"type": "Feature", "geometry": {"type": "Polygon", "coordinates": [[[-9.373076923076923, 27.37837837837838], [-9.126923076923077, 27.37837837837838], [-9.126923076923077, 27.62162162162162], [-9.373076923076923, 27.62162162162162], [-9.373076923076923, 27.37837837837838]]]}, "properties": {"row": 34, "col": 31, "lat": 27.5, "lon": -9.25, "alert_level": "none", "severity": 0, "forecasts": [{"day": 0, "date": "2026-06-25", "heat_index": 31.4, "wind_chill": 13.1, "severity": 0, "alert_level": "none"}, {"day": 1, "date": "2026-06-26", "heat_index": 27.7, "wind_chill": 11.1, "severity": 0, "alert_level": "none"}, {"day": 2, "date": "2026-06-27", "heat_index": 26.0, "wind_chill": 10.5, "severity": 0, "alert_level": "none"}, {"day": 3, "date": "2026-06-28", "heat_index": 24.7, "wind_chill": 9.6, "severity": 0, "alert_level": "none"}, {"day": 4, "date": "2026-06-29", "heat_index": 24.4, "wind_chill": 9.3, "severity": 0, "alert_level": "none"}, {"day": 5, "date": "2026-06-30", "heat_index": 25.0, "wind_chill": 9.7, "severity": 0, "alert_level": "none"}, {"day": 6, "date": "2026-07-01", "heat_index": 25.5, "wind_chill": 10.1, "severity": 0, "alert_level": "none"}]}}, {"type": "Feature", "geometry": {"type": "Polygon", "coordinates": [[[-9.123076923076923, 27.37837837837838], [-8.876923076923077, 27.37837837837838], [-8.876923076923077, 27.62162162162162], [-9.123076923076923, 27.62162162162162], [-9.123076923076923, 27.37837837837838]]]}, "properties": {"row": 34, "col": 32, "lat": 27.5, "lon": -9.0, "alert_level": "yellow", "severity": 0.6, "forecasts": [{"day": 0, "date": "2026-06-25", "heat_index": 32.6, "wind_chill": 13.7, "severity": 0.6, "alert_level": "yellow"}, {"day": 1, "date": "2026-06-26", "heat_index": 28.6, "wind_chill": 11.6, "severity": 0, "alert_level": "none"}, {"day": 2, "date": "2026-06-27", "heat_index": 26.8, "wind_chill": 11.0, "severity": 0, "alert_level": "none"}, {"day": 3, "date": "2026-06-28", "heat_index": 25.6, "wind_chill": 10.1, "severity": 0, "alert_level": "none"}, {"day": 4, "date": "2026-06-29", "heat_index": 25.3, "wind_chill": 9.8, "severity": 0, "alert_level": "none"}, {"day": 5, "date": "2026-06-30", "heat_index": 25.9, "wind_chill": 10.2, "severity": 0, "alert_level": "none"}, {"day": 6, "date": "2026-07-01", "heat_index": 26.4, "wind_chill": 10.7, "severity": 0, "alert_level": "none"}]}}, {"type": "Feature", "geometry": {"type": "Polygon", "coordinates": [[[-8.873076923076923, 27.37837837837838], [-8.626923076923077, 27.37837837837838], [-8.626923076923077, 27.62162162162162], [-8.873076923076923, 27.62162162162162], [-8.873076923076923, 27.37837837837838]]]}, "properties": {"row": 34, "col": 33, "lat": 27.5, "lon": -8.75, "alert_level": "yellow", "severity": 1.8, "forecasts": [{"day": 0, "date": "2026-06-25", "heat_index": 33.8, "wind_chill": 14.4, "severity": 1.8, "alert_level": "yellow"}, {"day": 1, "date": "2026-06-26", "heat_index": 29.5, "wind_chill": 12.2, "severity": 0, "alert_level": "none"}, {"day": 2, "date": "2026-06-27", "heat_index": 27.5, "wind_chill": 11.6, "severity": 0, "alert_level": "none"}, {"day": 3, "date": "2026-06-28", "heat_index": 26.3, "wind_chill": 10.6, "severity": 0, "alert_level": "none"}, {"day": 4, "date": "2026-06-29", "heat_index": 26.1, "wind_chill": 10.4, "severity": 0, "alert_level": "none"}, {"day": 5, "date": "2026-06-30", "heat_index": 26.7, "wind_chill": 10.9, "severity": 0, "alert_level": "none"}, {"day": 6, "date": "2026-07-01", "heat_index": 27.2, "wind_chill": 11.3, "severity": 0, "alert_level": "none"}]}}, {"type": "Feature", "geometry": {"type": "Polygon", "coordinates": [[[-13.373076923076923, 27.12837837837838], [-13.126923076923077, 27.12837837837838], [-13.126923076923077, 27.37162162162162], [-13.373076923076923, 27.37162162162162], [-13.373076923076923, 27.12837837837838]]]}, "properties": {"row": 35, "col": 15, "lat": 27.25, "lon": -13.25, "alert_level": "none", "severity": 0, "forecasts": [{"day": 0, "date": "2026-06-25", "heat_index": 25.7, "wind_chill": 17.0, "severity": 0, "alert_level": "none"}, {"day": 1, "date": "2026-06-26", "heat_index": 17.5, "wind_chill": 11.3, "severity": 0, "alert_level": "none"}, {"day": 2, "date": "2026-06-27", "heat_index": 16.1, "wind_chill": 11.7, "severity": 0, "alert_level": "none"}, {"day": 3, "date": "2026-06-28", "heat_index": 14.7, "wind_chill": 11.3, "severity": 0, "alert_level": "none"}, {"day": 4, "date": "2026-06-29", "heat_index": 14.1, "wind_chill": 11.1, "severity": 0, "alert_level": "none"}, {"day": 5, "date": "2026-06-30", "heat_index": 13.8, "wind_chill": 11.0, "severity": 0, "alert_level": "none"}, {"day": 6, "date": "2026-07-01", "heat_index": 13.6, "wind_chill": 10.9, "severity": 0, "alert_level": "none"}]}}, {"type": "Feature", "geometry": {"type": "Polygon", "coordinates": [[[-13.123076923076923, 27.12837837837838], [-12.876923076923077, 27.12837837837838], [-12.876923076923077, 27.37162162162162], [-13.123076923076923, 27.37162162162162], [-13.123076923076923, 27.12837837837838]]]}, "properties": {"row": 35, "col": 16, "lat": 27.25, "lon": -13.0, "alert_level": "none", "severity": 0, "forecasts": [{"day": 0, "date": "2026-06-25", "heat_index": 20.7, "wind_chill": 12.8, "severity": 0, "alert_level": "none"}, {"day": 1, "date": "2026-06-26", "heat_index": 15.5, "wind_chill": 8.9, "severity": 0, "alert_level": "none"}, {"day": 2, "date": "2026-06-27", "heat_index": 14.7, "wind_chill": 9.2, "severity": 0, "alert_level": "none"}, {"day": 3, "date": "2026-06-28", "heat_index": 14.4, "wind_chill": 9.1, "severity": 0, "alert_level": "none"}, {"day": 4, "date": "2026-06-29", "heat_index": 14.3, "wind_chill": 9.2, "severity": 0, "alert_level": "none"}, {"day": 5, "date": "2026-06-30", "heat_index": 14.3, "wind_chill": 9.4, "severity": 0, "alert_level": "none"}, {"day": 6, "date": "2026-07-01", "heat_index": 14.4, "wind_chill": 9.7, "severity": 0, "alert_level": "none"}]}}, {"type": "Feature", "geometry": {"type": "Polygon", "coordinates": [[[-12.873076923076923, 27.12837837837838], [-12.626923076923077, 27.12837837837838], [-12.626923076923077, 27.37162162162162], [-12.873076923076923, 27.37162162162162], [-12.873076923076923, 27.12837837837838]]]}, "properties": {"row": 35, "col": 17, "lat": 27.25, "lon": -12.75, "alert_level": "none", "severity": 0, "forecasts": [{"day": 0, "date": "2026-06-25", "heat_index": 22.1, "wind_chill": 13.9, "severity": 0, "alert_level": "none"}, {"day": 1, "date": "2026-06-26", "heat_index": 16.5, "wind_chill": 10.0, "severity": 0, "alert_level": "none"}, {"day": 2, "date": "2026-06-27", "heat_index": 15.4, "wind_chill": 10.0, "severity": 0, "alert_level": "none"}, {"day": 3, "date": "2026-06-28", "heat_index": 14.8, "wind_chill": 9.9, "severity": 0, "alert_level": "none"}, {"day": 4, "date": "2026-06-29", "heat_index": 14.6, "wind_chill": 9.8, "severity": 0, "alert_level": "none"}, {"day": 5, "date": "2026-06-30", "heat_index": 14.6, "wind_chill": 10.0, "severity": 0, "alert_level": "none"}, {"day": 6, "date": "2026-07-01", "heat_index": 14.8, "wind_chill": 10.2, "severity": 0, "alert_level": "none"}]}}, {"type": "Feature", "geometry": {"type": "Polygon", "coordinates": [[[-12.623076923076923, 27.12837837837838], [-12.376923076923077, 27.12837837837838], [-12.376923076923077, 27.37162162162162], [-12.623076923076923, 27.37162162162162], [-12.623076923076923, 27.12837837837838]]]}, "properties": {"row": 35, "col": 18, "lat": 27.25, "lon": -12.5, "alert_level": "none", "severity": 0, "forecasts": [{"day": 0, "date": "2026-06-25", "heat_index": 21.6, "wind_chill": 12.9, "severity": 0, "alert_level": "none"}, {"day": 1, "date": "2026-06-26", "heat_index": 16.6, "wind_chill": 9.3, "severity": 0, "alert_level": "none"}, {"day": 2, "date": "2026-06-27", "heat_index": 14.6, "wind_chill": 8.9, "severity": 0, "alert_level": "none"}, {"day": 3, "date": "2026-06-28", "heat_index": 13.9, "wind_chill": 8.7, "severity": 0, "alert_level": "none"}, {"day": 4, "date": "2026-06-29", "heat_index": 13.6, "wind_chill": 8.7, "severity": 0, "alert_level": "none"}, {"day": 5, "date": "2026-06-30", "heat_index": 13.6, "wind_chill": 8.8, "severity": 0, "alert_level": "none"}, {"day": 6, "date": "2026-07-01", "heat_index": 13.8, "wind_chill": 9.0, "severity": 0, "alert_level": "none"}]}}, {"type": "Feature", "geometry": {"type": "Polygon", "coordinates": [[[-12.373076923076923, 27.12837837837838], [-12.126923076923077, 27.12837837837838], [-12.126923076923077, 27.37162162162162], [-12.373076923076923, 27.37162162162162], [-12.373076923076923, 27.12837837837838]]]}, "properties": {"row": 35, "col": 19, "lat": 27.25, "lon": -12.25, "alert_level": "none", "severity": 0, "forecasts": [{"day": 0, "date": "2026-06-25", "heat_index": 21.6, "wind_chill": 12.6, "severity": 0, "alert_level": "none"}, {"day": 1, "date": "2026-06-26", "heat_index": 16.9, "wind_chill": 8.9, "severity": 0, "alert_level": "none"}, {"day": 2, "date": "2026-06-27", "heat_index": 14.6, "wind_chill": 8.4, "severity": 0, "alert_level": "none"}, {"day": 3, "date": "2026-06-28", "heat_index": 13.7, "wind_chill": 8.0, "severity": 0, "alert_level": "none"}, {"day": 4, "date": "2026-06-29", "heat_index": 13.3, "wind_chill": 7.9, "severity": 0, "alert_level": "none"}, {"day": 5, "date": "2026-06-30", "heat_index": 13.4, "wind_chill": 8.0, "severity": 0, "alert_level": "none"}, {"day": 6, "date": "2026-07-01", "heat_index": 13.5, "wind_chill": 8.2, "severity": 0, "alert_level": "none"}]}}, {"type": "Feature", "geometry": {"type": "Polygon", "coordinates": [[[-12.123076923076923, 27.12837837837838], [-11.876923076923077, 27.12837837837838], [-11.876923076923077, 27.37162162162162], [-12.123076923076923, 27.37162162162162], [-12.123076923076923, 27.12837837837838]]]}, "properties": {"row": 35, "col": 20, "lat": 27.25, "lon": -12.0, "alert_level": "none", "severity": 0, "forecasts": [{"day": 0, "date": "2026-06-25", "heat_index": 21.2, "wind_chill": 11.9, "severity": 0, "alert_level": "none"}, {"day": 1, "date": "2026-06-26", "heat_index": 17.1, "wind_chill": 8.7, "severity": 0, "alert_level": "none"}, {"day": 2, "date": "2026-06-27", "heat_index": 14.7, "wind_chill": 8.0, "severity": 0, "alert_level": "none"}, {"day": 3, "date": "2026-06-28", "heat_index": 13.6, "wind_chill": 7.6, "severity": 0, "alert_level": "none"}, {"day": 4, "date": "2026-06-29", "heat_index": 13.1, "wind_chill": 7.4, "severity": 0, "alert_level": "none"}, {"day": 5, "date": "2026-06-30", "heat_index": 13.2, "wind_chill": 7.6, "severity": 0, "alert_level": "none"}, {"day": 6, "date": "2026-07-01", "heat_index": 13.5, "wind_chill": 7.8, "severity": 0, "alert_level": "none"}]}}, {"type": "Feature", "geometry": {"type": "Polygon", "coordinates": [[[-11.873076923076923, 27.12837837837838], [-11.626923076923077, 27.12837837837838], [-11.626923076923077, 27.37162162162162], [-11.873076923076923, 27.37162162162162], [-11.873076923076923, 27.12837837837838]]]}, "properties": {"row": 35, "col": 21, "lat": 27.25, "lon": -11.75, "alert_level": "none", "severity": 0, "forecasts": [{"day": 0, "date": "2026-06-25", "heat_index": 21.3, "wind_chill": 12.0, "severity": 0, "alert_level": "none"}, {"day": 1, "date": "2026-06-26", "heat_index": 17.3, "wind_chill": 8.7, "severity": 0, "alert_level": "none"}, {"day": 2, "date": "2026-06-27", "heat_index": 14.9, "wind_chill": 7.8, "severity": 0, "alert_level": "none"}, {"day": 3, "date": "2026-06-28", "heat_index": 13.6, "wind_chill": 7.4, "severity": 0, "alert_level": "none"}, {"day": 4, "date": "2026-06-29", "heat_index": 13.2, "wind_chill": 7.2, "severity": 0, "alert_level": "none"}, {"day": 5, "date": "2026-06-30", "heat_index": 13.3, "wind_chill": 7.3, "severity": 0, "alert_level": "none"}, {"day": 6, "date": "2026-07-01", "heat_index": 13.5, "wind_chill": 7.6, "severity": 0, "alert_level": "none"}]}}, {"type": "Feature", "geometry": {"type": "Polygon", "coordinates": [[[-11.623076923076923, 27.12837837837838], [-11.376923076923077, 27.12837837837838], [-11.376923076923077, 27.37162162162162], [-11.623076923076923, 27.37162162162162], [-11.623076923076923, 27.12837837837838]]]}, "properties": {"row": 35, "col": 22, "lat": 27.25, "lon": -11.5, "alert_level": "none", "severity": 0, "forecasts": [{"day": 0, "date": "2026-06-25", "heat_index": 21.7, "wind_chill": 11.5, "severity": 0, "alert_level": "none"}, {"day": 1, "date": "2026-06-26", "heat_index": 17.8, "wind_chill": 8.3, "severity": 0, "alert_level": "none"}, {"day": 2, "date": "2026-06-27", "heat_index": 15.4, "wind_chill": 7.5, "severity": 0, "alert_level": "none"}, {"day": 3, "date": "2026-06-28", "heat_index": 13.9, "wind_chill": 6.9, "severity": 0, "alert_level": "none"}, {"day": 4, "date": "2026-06-29", "heat_index": 13.3, "wind_chill": 6.6, "severity": 0, "alert_level": "none"}, {"day": 5, "date": "2026-06-30", "heat_index": 13.5, "wind_chill": 6.8, "severity": 0, "alert_level": "none"}, {"day": 6, "date": "2026-07-01", "heat_index": 13.7, "wind_chill": 7.1, "severity": 0, "alert_level": "none"}]}}, {"type": "Feature", "geometry": {"type": "Polygon", "coordinates": [[[-11.373076923076923, 27.12837837837838], [-11.126923076923077, 27.12837837837838], [-11.126923076923077, 27.37162162162162], [-11.373076923076923, 27.37162162162162], [-11.373076923076923, 27.12837837837838]]]}, "properties": {"row": 35, "col": 23, "lat": 27.25, "lon": -11.25, "alert_level": "none", "severity": 0, "forecasts": [{"day": 0, "date": "2026-06-25", "heat_index": 22.3, "wind_chill": 11.6, "severity": 0, "alert_level": "none"}, {"day": 1, "date": "2026-06-26", "heat_index": 18.4, "wind_chill": 8.4, "severity": 0, "alert_level": "none"}, {"day": 2, "date": "2026-06-27", "heat_index": 16.0, "wind_chill": 7.5, "severity": 0, "alert_level": "none"}, {"day": 3, "date": "2026-06-28", "heat_index": 14.5, "wind_chill": 6.9, "severity": 0, "alert_level": "none"}, {"day": 4, "date": "2026-06-29", "heat_index": 13.8, "wind_chill": 6.6, "severity": 0, "alert_level": "none"}, {"day": 5, "date": "2026-06-30", "heat_index": 14.0, "wind_chill": 6.8, "severity": 0, "alert_level": "none"}, {"day": 6, "date": "2026-07-01", "heat_index": 14.2, "wind_chill": 7.1, "severity": 0, "alert_level": "none"}]}}, {"type": "Feature", "geometry": {"type": "Polygon", "coordinates": [[[-11.123076923076923, 27.12837837837838], [-10.876923076923077, 27.12837837837838], [-10.876923076923077, 27.37162162162162], [-11.123076923076923, 27.37162162162162], [-11.123076923076923, 27.12837837837838]]]}, "properties": {"row": 35, "col": 24, "lat": 27.25, "lon": -11.0, "alert_level": "none", "severity": 0, "forecasts": [{"day": 0, "date": "2026-06-25", "heat_index": 23.3, "wind_chill": 11.9, "severity": 0, "alert_level": "none"}, {"day": 1, "date": "2026-06-26", "heat_index": 19.2, "wind_chill": 8.6, "severity": 0, "alert_level": "none"}, {"day": 2, "date": "2026-06-27", "heat_index": 17.0, "wind_chill": 7.8, "severity": 0, "alert_level": "none"}, {"day": 3, "date": "2026-06-28", "heat_index": 15.4, "wind_chill": 7.2, "severity": 0, "alert_level": "none"}, {"day": 4, "date": "2026-06-29", "heat_index": 14.7, "wind_chill": 6.9, "severity": 0, "alert_level": "none"}, {"day": 5, "date": "2026-06-30", "heat_index": 14.8, "wind_chill": 7.1, "severity": 0, "alert_level": "none"}, {"day": 6, "date": "2026-07-01", "heat_index": 15.1, "wind_chill": 7.4, "severity": 0, "alert_level": "none"}]}}, {"type": "Feature", "geometry": {"type": "Polygon", "coordinates": [[[-10.873076923076923, 27.12837837837838], [-10.626923076923077, 27.12837837837838], [-10.626923076923077, 27.37162162162162], [-10.873076923076923, 27.37162162162162], [-10.873076923076923, 27.12837837837838]]]}, "properties": {"row": 35, "col": 25, "lat": 27.25, "lon": -10.75, "alert_level": "none", "severity": 0, "forecasts": [{"day": 0, "date": "2026-06-25", "heat_index": 24.2, "wind_chill": 12.0, "severity": 0, "alert_level": "none"}, {"day": 1, "date": "2026-06-26", "heat_index": 20.1, "wind_chill": 8.8, "severity": 0, "alert_level": "none"}, {"day": 2, "date": "2026-06-27", "heat_index": 18.0, "wind_chill": 8.1, "severity": 0, "alert_level": "none"}, {"day": 3, "date": "2026-06-28", "heat_index": 16.4, "wind_chill": 7.4, "severity": 0, "alert_level": "none"}, {"day": 4, "date": "2026-06-29", "heat_index": 15.7, "wind_chill": 7.1, "severity": 0, "alert_level": "none"}, {"day": 5, "date": "2026-06-30", "heat_index": 15.8, "wind_chill": 7.3, "severity": 0, "alert_level": "none"}, {"day": 6, "date": "2026-07-01", "heat_index": 16.1, "wind_chill": 7.6, "severity": 0, "alert_level": "none"}]}}, {"type": "Feature", "geometry": {"type": "Polygon", "coordinates": [[[-10.623076923076923, 27.12837837837838], [-10.376923076923077, 27.12837837837838], [-10.376923076923077, 27.37162162162162], [-10.623076923076923, 27.37162162162162], [-10.623076923076923, 27.12837837837838]]]}, "properties": {"row": 35, "col": 26, "lat": 27.25, "lon": -10.5, "alert_level": "none", "severity": 0, "forecasts": [{"day": 0, "date": "2026-06-25", "heat_index": 24.9, "wind_chill": 12.0, "severity": 0, "alert_level": "none"}, {"day": 1, "date": "2026-06-26", "heat_index": 20.8, "wind_chill": 8.9, "severity": 0, "alert_level": "none"}, {"day": 2, "date": "2026-06-27", "heat_index": 18.8, "wind_chill": 8.2, "severity": 0, "alert_level": "none"}, {"day": 3, "date": "2026-06-28", "heat_index": 17.2, "wind_chill": 7.5, "severity": 0, "alert_level": "none"}, {"day": 4, "date": "2026-06-29", "heat_index": 16.5, "wind_chill": 7.2, "severity": 0, "alert_level": "none"}, {"day": 5, "date": "2026-06-30", "heat_index": 16.7, "wind_chill": 7.4, "severity": 0, "alert_level": "none"}, {"day": 6, "date": "2026-07-01", "heat_index": 17.0, "wind_chill": 7.7, "severity": 0, "alert_level": "none"}]}}, {"type": "Feature", "geometry": {"type": "Polygon", "coordinates": [[[-10.373076923076923, 27.12837837837838], [-10.126923076923077, 27.12837837837838], [-10.126923076923077, 27.37162162162162], [-10.373076923076923, 27.37162162162162], [-10.373076923076923, 27.12837837837838]]]}, "properties": {"row": 35, "col": 27, "lat": 27.25, "lon": -10.25, "alert_level": "none", "severity": 0, "forecasts": [{"day": 0, "date": "2026-06-25", "heat_index": 25.7, "wind_chill": 11.8, "severity": 0, "alert_level": "none"}, {"day": 1, "date": "2026-06-26", "heat_index": 21.5, "wind_chill": 8.8, "severity": 0, "alert_level": "none"}, {"day": 2, "date": "2026-06-27", "heat_index": 19.5, "wind_chill": 8.0, "severity": 0, "alert_level": "none"}, {"day": 3, "date": "2026-06-28", "heat_index": 17.9, "wind_chill": 7.4, "severity": 0, "alert_level": "none"}, {"day": 4, "date": "2026-06-29", "heat_index": 17.2, "wind_chill": 7.0, "severity": 0, "alert_level": "none"}, {"day": 5, "date": "2026-06-30", "heat_index": 17.4, "wind_chill": 7.3, "severity": 0, "alert_level": "none"}, {"day": 6, "date": "2026-07-01", "heat_index": 17.8, "wind_chill": 7.6, "severity": 0, "alert_level": "none"}]}}, {"type": "Feature", "geometry": {"type": "Polygon", "coordinates": [[[-10.123076923076923, 27.12837837837838], [-9.876923076923077, 27.12837837837838], [-9.876923076923077, 27.37162162162162], [-10.123076923076923, 27.37162162162162], [-10.123076923076923, 27.12837837837838]]]}, "properties": {"row": 35, "col": 28, "lat": 27.25, "lon": -10.0, "alert_level": "none", "severity": 0, "forecasts": [{"day": 0, "date": "2026-06-25", "heat_index": 26.4, "wind_chill": 11.7, "severity": 0, "alert_level": "none"}, {"day": 1, "date": "2026-06-26", "heat_index": 22.2, "wind_chill": 8.7, "severity": 0, "alert_level": "none"}, {"day": 2, "date": "2026-06-27", "heat_index": 20.1, "wind_chill": 7.9, "severity": 0, "alert_level": "none"}, {"day": 3, "date": "2026-06-28", "heat_index": 18.5, "wind_chill": 7.2, "severity": 0, "alert_level": "none"}, {"day": 4, "date": "2026-06-29", "heat_index": 17.9, "wind_chill": 6.9, "severity": 0, "alert_level": "none"}, {"day": 5, "date": "2026-06-30", "heat_index": 18.1, "wind_chill": 7.2, "severity": 0, "alert_level": "none"}, {"day": 6, "date": "2026-07-01", "heat_index": 18.5, "wind_chill": 7.6, "severity": 0, "alert_level": "none"}]}}, {"type": "Feature", "geometry": {"type": "Polygon", "coordinates": [[[-9.873076923076923, 27.12837837837838], [-9.626923076923077, 27.12837837837838], [-9.626923076923077, 27.37162162162162], [-9.873076923076923, 27.37162162162162], [-9.873076923076923, 27.12837837837838]]]}, "properties": {"row": 35, "col": 29, "lat": 27.25, "lon": -9.75, "alert_level": "none", "severity": 0, "forecasts": [{"day": 0, "date": "2026-06-25", "heat_index": 27.2, "wind_chill": 11.9, "severity": 0, "alert_level": "none"}, {"day": 1, "date": "2026-06-26", "heat_index": 23.0, "wind_chill": 8.7, "severity": 0, "alert_level": "none"}, {"day": 2, "date": "2026-06-27", "heat_index": 20.9, "wind_chill": 7.8, "severity": 0, "alert_level": "none"}, {"day": 3, "date": "2026-06-28", "heat_index": 19.2, "wind_chill": 7.1, "severity": 0, "alert_level": "none"}, {"day": 4, "date": "2026-06-29", "heat_index": 18.6, "wind_chill": 6.8, "severity": 0, "alert_level": "none"}, {"day": 5, "date": "2026-06-30", "heat_index": 18.9, "wind_chill": 7.1, "severity": 0, "alert_level": "none"}, {"day": 6, "date": "2026-07-01", "heat_index": 19.3, "wind_chill": 7.6, "severity": 0, "alert_level": "none"}]}}, {"type": "Feature", "geometry": {"type": "Polygon", "coordinates": [[[-9.623076923076923, 27.12837837837838], [-9.376923076923077, 27.12837837837838], [-9.376923076923077, 27.37162162162162], [-9.623076923076923, 27.37162162162162], [-9.623076923076923, 27.12837837837838]]]}, "properties": {"row": 35, "col": 30, "lat": 27.25, "lon": -9.5, "alert_level": "none", "severity": 0, "forecasts": [{"day": 0, "date": "2026-06-25", "heat_index": 28.2, "wind_chill": 12.1, "severity": 0, "alert_level": "none"}, {"day": 1, "date": "2026-06-26", "heat_index": 23.9, "wind_chill": 8.8, "severity": 0, "alert_level": "none"}, {"day": 2, "date": "2026-06-27", "heat_index": 21.6, "wind_chill": 7.9, "severity": 0, "alert_level": "none"}, {"day": 3, "date": "2026-06-28", "heat_index": 20.0, "wind_chill": 7.1, "severity": 0, "alert_level": "none"}, {"day": 4, "date": "2026-06-29", "heat_index": 19.3, "wind_chill": 6.8, "severity": 0, "alert_level": "none"}, {"day": 5, "date": "2026-06-30", "heat_index": 19.7, "wind_chill": 7.2, "severity": 0, "alert_level": "none"}, {"day": 6, "date": "2026-07-01", "heat_index": 20.1, "wind_chill": 7.7, "severity": 0, "alert_level": "none"}]}}, {"type": "Feature", "geometry": {"type": "Polygon", "coordinates": [[[-9.373076923076923, 27.12837837837838], [-9.126923076923077, 27.12837837837838], [-9.126923076923077, 27.37162162162162], [-9.373076923076923, 27.37162162162162], [-9.373076923076923, 27.12837837837838]]]}, "properties": {"row": 35, "col": 31, "lat": 27.25, "lon": -9.25, "alert_level": "none", "severity": 0, "forecasts": [{"day": 0, "date": "2026-06-25", "heat_index": 29.1, "wind_chill": 12.5, "severity": 0, "alert_level": "none"}, {"day": 1, "date": "2026-06-26", "heat_index": 24.7, "wind_chill": 9.1, "severity": 0, "alert_level": "none"}, {"day": 2, "date": "2026-06-27", "heat_index": 22.3, "wind_chill": 8.1, "severity": 0, "alert_level": "none"}, {"day": 3, "date": "2026-06-28", "heat_index": 20.7, "wind_chill": 7.3, "severity": 0, "alert_level": "none"}, {"day": 4, "date": "2026-06-29", "heat_index": 20.0, "wind_chill": 7.0, "severity": 0, "alert_level": "none"}, {"day": 5, "date": "2026-06-30", "heat_index": 20.4, "wind_chill": 7.5, "severity": 0, "alert_level": "none"}, {"day": 6, "date": "2026-07-01", "heat_index": 20.9, "wind_chill": 8.0, "severity": 0, "alert_level": "none"}]}}, {"type": "Feature", "geometry": {"type": "Polygon", "coordinates": [[[-9.123076923076923, 27.12837837837838], [-8.876923076923077, 27.12837837837838], [-8.876923076923077, 27.37162162162162], [-9.123076923076923, 27.37162162162162], [-9.123076923076923, 27.12837837837838]]]}, "properties": {"row": 35, "col": 32, "lat": 27.25, "lon": -9.0, "alert_level": "none", "severity": 0, "forecasts": [{"day": 0, "date": "2026-06-25", "heat_index": 30.1, "wind_chill": 13.0, "severity": 0, "alert_level": "none"}, {"day": 1, "date": "2026-06-26", "heat_index": 25.5, "wind_chill": 9.4, "severity": 0, "alert_level": "none"}, {"day": 2, "date": "2026-06-27", "heat_index": 23.0, "wind_chill": 8.4, "severity": 0, "alert_level": "none"}, {"day": 3, "date": "2026-06-28", "heat_index": 21.3, "wind_chill": 7.5, "severity": 0, "alert_level": "none"}, {"day": 4, "date": "2026-06-29", "heat_index": 20.7, "wind_chill": 7.3, "severity": 0, "alert_level": "none"}, {"day": 5, "date": "2026-06-30", "heat_index": 21.1, "wind_chill": 7.8, "severity": 0, "alert_level": "none"}, {"day": 6, "date": "2026-07-01", "heat_index": 21.6, "wind_chill": 8.3, "severity": 0, "alert_level": "none"}]}}, {"type": "Feature", "geometry": {"type": "Polygon", "coordinates": [[[-8.873076923076923, 27.12837837837838], [-8.626923076923077, 27.12837837837838], [-8.626923076923077, 27.37162162162162], [-8.873076923076923, 27.37162162162162], [-8.873076923076923, 27.12837837837838]]]}, "properties": {"row": 35, "col": 33, "lat": 27.25, "lon": -8.75, "alert_level": "none", "severity": 0, "forecasts": [{"day": 0, "date": "2026-06-25", "heat_index": 31.1, "wind_chill": 13.5, "severity": 0, "alert_level": "none"}, {"day": 1, "date": "2026-06-26", "heat_index": 26.1, "wind_chill": 9.8, "severity": 0, "alert_level": "none"}, {"day": 2, "date": "2026-06-27", "heat_index": 23.5, "wind_chill": 8.7, "severity": 0, "alert_level": "none"}, {"day": 3, "date": "2026-06-28", "heat_index": 21.8, "wind_chill": 7.8, "severity": 0, "alert_level": "none"}, {"day": 4, "date": "2026-06-29", "heat_index": 21.2, "wind_chill": 7.6, "severity": 0, "alert_level": "none"}, {"day": 5, "date": "2026-06-30", "heat_index": 21.7, "wind_chill": 8.1, "severity": 0, "alert_level": "none"}, {"day": 6, "date": "2026-07-01", "heat_index": 22.1, "wind_chill": 8.7, "severity": 0, "alert_level": "none"}]}}]}